2024-11-06 13:32:47,328 [Worker-2: Loading available Gradle versions] INFO  o.e.b.c.i.u.g.PublishedGradleVersions - Gradle version information cache is not available. Remote download required.
2024-11-06 13:33:17,443 [Worker-1: Loading available Gradle versions] INFO  o.e.b.c.i.u.g.PublishedGradleVersions - Gradle version information cache is up-to-date. Trying to read.
2024-11-06 13:34:01,330 [Worker-1: Import Getting Started Content] INFO  o.e.m.c.i.l.LifecycleMappingFactory - Using org.eclipse.m2e.jdt.JarLifecycleMapping lifecycle mapping for MavenProject: com.example:demo:0.0.1-SNAPSHOT @ C:\dev_proj_plant\workapace-plant\demo\pom.xml.
2024-11-06 13:34:01,806 [Worker-1: Import Getting Started Content] INFO  o.e.m.j.i.AbstractJavaProjectConfigurator - Adding source folder /demo/src/main/java
2024-11-06 13:34:01,808 [Worker-1: Import Getting Started Content] INFO  o.e.m.j.i.AbstractJavaProjectConfigurator - Adding resource folder /demo/src/main/resources
2024-11-06 13:34:01,814 [Worker-1: Import Getting Started Content] INFO  o.e.m.j.i.AbstractJavaProjectConfigurator - Adding resource folder /demo/src/main/resources
2024-11-06 13:34:01,820 [Worker-1: Import Getting Started Content] INFO  o.e.m.j.i.AbstractJavaProjectConfigurator - Adding source folder /demo/src/test/java
2024-11-06 13:34:01,820 [Worker-1: Import Getting Started Content] INFO  o.e.m.j.i.AbstractJavaProjectConfigurator - Adding resource folder /demo/src/test/resources
2024-11-06 13:34:02,172 [Worker-1: Import Getting Started Content] INFO  o.e.m.c.i.p.ProjectConfigurationManager - Imported and configured 1 project(s) in 1 sec
2024-11-06 13:34:02,175 [Worker-1: Import Getting Started Content] INFO  o.e.m.c.i.p.ProjectConfigurationManager - Update started
2024-11-06 13:34:02,420 [Worker-1: Import Getting Started Content] INFO  o.e.m.c.i.l.LifecycleMappingFactory - Using org.eclipse.m2e.jdt.JarLifecycleMapping lifecycle mapping for MavenProject: com.example:demo:0.0.1-SNAPSHOT @ C:\dev_proj_plant\workapace-plant\demo\pom.xml.
2024-11-06 13:34:02,664 [Worker-1: Import Getting Started Content] INFO  o.e.m.j.i.AbstractJavaProjectConfigurator - Adding source folder /demo/src/main/java
2024-11-06 13:34:02,665 [Worker-1: Import Getting Started Content] INFO  o.e.m.j.i.AbstractJavaProjectConfigurator - Adding resource folder /demo/src/main/resources
2024-11-06 13:34:02,665 [Worker-1: Import Getting Started Content] INFO  o.e.m.j.i.AbstractJavaProjectConfigurator - Adding resource folder /demo/src/main/resources
2024-11-06 13:34:02,665 [Worker-1: Import Getting Started Content] INFO  o.e.m.j.i.AbstractJavaProjectConfigurator - Adding source folder /demo/src/test/java
2024-11-06 13:34:02,665 [Worker-1: Import Getting Started Content] INFO  o.e.m.j.i.AbstractJavaProjectConfigurator - Adding resource folder /demo/src/test/resources
2024-11-06 13:34:02,962 [Worker-1: Import Getting Started Content] INFO  o.e.m.c.i.p.ProjectConfigurationManager - Update completed for 1 poms: local refresh takes 0.00 sec, refresh facades takes 0.00 sec, update config takes 0.00 sec 
2024-11-06 13:34:03,785 [Worker-6: Building] INFO  o.a.m.s.f.DefaultMavenResourcesFiltering - Copying 1 resource from src\main\resources to target\classes
2024-11-06 13:34:03,799 [Worker-6: Building] INFO  o.a.m.s.f.DefaultMavenResourcesFiltering - Copying 0 resource from src\main\resources to target\classes
2024-11-06 13:34:03,814 [Worker-6: Building] INFO  o.a.m.s.f.DefaultMavenResourcesFiltering - skip non existing resourceDirectory C:\dev_proj_plant\workapace-plant\demo\src\test\resources
2024-11-06 13:34:46,503 [Worker-5: Import Getting Started Content] INFO  o.e.m.c.i.l.LifecycleMappingFactory - Using org.eclipse.m2e.jdt.JarLifecycleMapping lifecycle mapping for MavenProject: com.example:plant:0.0.1-SNAPSHOT @ C:\dev_proj_plant\workapace-plant\plant\pom.xml.
2024-11-06 13:34:46,791 [Worker-5: Import Getting Started Content] INFO  o.e.m.j.i.AbstractJavaProjectConfigurator - Adding source folder /plant/src/main/java
2024-11-06 13:34:46,791 [Worker-5: Import Getting Started Content] INFO  o.e.m.j.i.AbstractJavaProjectConfigurator - Adding resource folder /plant/src/main/resources
2024-11-06 13:34:46,793 [Worker-5: Import Getting Started Content] INFO  o.e.m.j.i.AbstractJavaProjectConfigurator - Adding resource folder /plant/src/main/resources
2024-11-06 13:34:46,794 [Worker-5: Import Getting Started Content] INFO  o.e.m.j.i.AbstractJavaProjectConfigurator - Adding source folder /plant/src/test/java
2024-11-06 13:34:46,795 [Worker-5: Import Getting Started Content] INFO  o.e.m.j.i.AbstractJavaProjectConfigurator - Adding resource folder /plant/src/test/resources
2024-11-06 13:34:46,911 [Worker-5: Import Getting Started Content] INFO  o.e.m.c.i.p.ProjectConfigurationManager - Imported and configured 1 project(s) in 0 sec
2024-11-06 13:34:46,912 [Worker-5: Import Getting Started Content] INFO  o.e.m.c.i.p.ProjectConfigurationManager - Update started
2024-11-06 13:34:47,075 [Worker-5: Import Getting Started Content] INFO  o.e.m.c.i.l.LifecycleMappingFactory - Using org.eclipse.m2e.jdt.JarLifecycleMapping lifecycle mapping for MavenProject: com.example:plant:0.0.1-SNAPSHOT @ C:\dev_proj_plant\workapace-plant\plant\pom.xml.
2024-11-06 13:34:47,222 [Worker-5: Import Getting Started Content] INFO  o.e.m.j.i.AbstractJavaProjectConfigurator - Adding source folder /plant/src/main/java
2024-11-06 13:34:47,222 [Worker-5: Import Getting Started Content] INFO  o.e.m.j.i.AbstractJavaProjectConfigurator - Adding resource folder /plant/src/main/resources
2024-11-06 13:34:47,223 [Worker-5: Import Getting Started Content] INFO  o.e.m.j.i.AbstractJavaProjectConfigurator - Adding resource folder /plant/src/main/resources
2024-11-06 13:34:47,223 [Worker-5: Import Getting Started Content] INFO  o.e.m.j.i.AbstractJavaProjectConfigurator - Adding source folder /plant/src/test/java
2024-11-06 13:34:47,223 [Worker-5: Import Getting Started Content] INFO  o.e.m.j.i.AbstractJavaProjectConfigurator - Adding resource folder /plant/src/test/resources
2024-11-06 13:34:47,373 [Worker-5: Import Getting Started Content] INFO  o.e.m.c.i.p.ProjectConfigurationManager - Update completed for 1 poms: local refresh takes 0.00 sec, refresh facades takes 0.00 sec, update config takes 0.00 sec 
2024-11-06 13:34:47,606 [Worker-6: Building] INFO  o.a.m.s.f.DefaultMavenResourcesFiltering - Copying 1 resource from src\main\resources to target\classes
2024-11-06 13:34:47,617 [Worker-6: Building] INFO  o.a.m.s.f.DefaultMavenResourcesFiltering - Copying 0 resource from src\main\resources to target\classes
2024-11-06 13:34:47,619 [Worker-6: Building] INFO  o.a.m.s.f.DefaultMavenResourcesFiltering - skip non existing resourceDirectory C:\dev_proj_plant\workapace-plant\plant\src\test\resources
2024-11-07 16:07:35,624 [Worker-4: Loading available Gradle versions] INFO  o.e.b.c.i.u.g.PublishedGradleVersions - Gradle version information cache is out-of-date. Trying to update.
2024-11-07 16:10:38,650 [Worker-3: Building] INFO  o.e.m.c.i.l.LifecycleMappingFactory - Using org.eclipse.m2e.jdt.JarLifecycleMapping lifecycle mapping for MavenProject: com.example:plant:0.0.1-SNAPSHOT @ C:\dev_proj_plant\workapace-plant\plant\pom.xml.
2024-11-07 16:10:38,848 [Worker-3: Building] INFO  o.e.m.c.i.e.AbstractTransferListenerAdapter - Downloading https://repo.maven.apache.org/maven2/nz/net/ultraq/thymeleaf/thymeleaf-layout-dialect/3.3.0/thymeleaf-layout-dialect-3.3.0.pom
2024-11-07 16:10:38,866 [Worker-3: Building] INFO  o.e.m.c.i.e.AbstractTransferListenerAdapter - Downloaded https://repo.maven.apache.org/maven2/nz/net/ultraq/thymeleaf/thymeleaf-layout-dialect/3.3.0/thymeleaf-layout-dialect-3.3.0.pom
2024-11-07 16:10:38,878 [Worker-3: Building] INFO  o.e.m.c.i.e.AbstractTransferListenerAdapter - Downloading https://repo.maven.apache.org/maven2/org/apache/groovy/groovy/4.0.23/groovy-4.0.23.pom
2024-11-07 16:10:38,901 [Worker-3: Building] INFO  o.e.m.c.i.e.AbstractTransferListenerAdapter - Downloaded https://repo.maven.apache.org/maven2/org/apache/groovy/groovy/4.0.23/groovy-4.0.23.pom
2024-11-07 16:10:38,916 [Worker-3: Building] INFO  o.e.m.c.i.e.AbstractTransferListenerAdapter - Downloading https://repo.maven.apache.org/maven2/nz/net/ultraq/groovy/groovy-extensions/2.1.0/groovy-extensions-2.1.0.pom
2024-11-07 16:10:38,928 [Worker-3: Building] INFO  o.e.m.c.i.e.AbstractTransferListenerAdapter - Downloaded https://repo.maven.apache.org/maven2/nz/net/ultraq/groovy/groovy-extensions/2.1.0/groovy-extensions-2.1.0.pom
2024-11-07 16:10:38,939 [Worker-3: Building] INFO  o.e.m.c.i.e.AbstractTransferListenerAdapter - Downloading https://repo.maven.apache.org/maven2/nz/net/ultraq/thymeleaf/thymeleaf-expression-processor/3.2.0/thymeleaf-expression-processor-3.2.0.pom
2024-11-07 16:10:38,950 [Worker-3: Building] INFO  o.e.m.c.i.e.AbstractTransferListenerAdapter - Downloaded https://repo.maven.apache.org/maven2/nz/net/ultraq/thymeleaf/thymeleaf-expression-processor/3.2.0/thymeleaf-expression-processor-3.2.0.pom
2024-11-07 16:10:38,960 [Worker-3: Building] INFO  o.e.m.c.i.e.AbstractTransferListenerAdapter - Downloading https://repo.maven.apache.org/maven2/ognl/ognl/3.3.4/ognl-3.3.4.pom
2024-11-07 16:10:38,976 [Worker-3: Building] INFO  o.e.m.c.i.e.AbstractTransferListenerAdapter - Downloaded https://repo.maven.apache.org/maven2/ognl/ognl/3.3.4/ognl-3.3.4.pom
2024-11-07 16:10:38,991 [Worker-3: Building] INFO  o.e.m.c.i.e.AbstractTransferListenerAdapter - Downloading https://repo.maven.apache.org/maven2/org/javassist/javassist/3.29.0-GA/javassist-3.29.0-GA.pom
2024-11-07 16:10:39,008 [Worker-3: Building] INFO  o.e.m.c.i.e.AbstractTransferListenerAdapter - Downloaded https://repo.maven.apache.org/maven2/org/javassist/javassist/3.29.0-GA/javassist-3.29.0-GA.pom
2024-11-07 16:10:39,056 [Worker-3: Building] INFO  o.e.m.c.i.e.AbstractTransferListenerAdapter - Downloading https://repo.maven.apache.org/maven2/nz/net/ultraq/thymeleaf/thymeleaf-layout-dialect/3.3.0/thymeleaf-layout-dialect-3.3.0.jar
2024-11-07 16:10:39,097 [Worker-3: Building] INFO  o.e.m.c.i.e.AbstractTransferListenerAdapter - Downloaded https://repo.maven.apache.org/maven2/nz/net/ultraq/thymeleaf/thymeleaf-layout-dialect/3.3.0/thymeleaf-layout-dialect-3.3.0.jar
2024-11-07 16:10:39,107 [BasicRepositoryConnector-repo.maven.apache.org-0-0] INFO  o.e.m.c.i.e.AbstractTransferListenerAdapter - Downloading https://repo.maven.apache.org/maven2/org/apache/groovy/groovy/4.0.23/groovy-4.0.23.jar
2024-11-07 16:10:39,118 [BasicRepositoryConnector-repo.maven.apache.org-0-1] INFO  o.e.m.c.i.e.AbstractTransferListenerAdapter - Downloading https://repo.maven.apache.org/maven2/nz/net/ultraq/groovy/groovy-extensions/2.1.0/groovy-extensions-2.1.0.jar
2024-11-07 16:10:39,118 [BasicRepositoryConnector-repo.maven.apache.org-0-4] INFO  o.e.m.c.i.e.AbstractTransferListenerAdapter - Downloading https://repo.maven.apache.org/maven2/org/javassist/javassist/3.29.0-GA/javassist-3.29.0-GA.jar
2024-11-07 16:10:39,121 [BasicRepositoryConnector-repo.maven.apache.org-0-3] INFO  o.e.m.c.i.e.AbstractTransferListenerAdapter - Downloading https://repo.maven.apache.org/maven2/ognl/ognl/3.3.4/ognl-3.3.4.jar
2024-11-07 16:10:39,123 [BasicRepositoryConnector-repo.maven.apache.org-0-2] INFO  o.e.m.c.i.e.AbstractTransferListenerAdapter - Downloading https://repo.maven.apache.org/maven2/nz/net/ultraq/thymeleaf/thymeleaf-expression-processor/3.2.0/thymeleaf-expression-processor-3.2.0.jar
2024-11-07 16:10:39,154 [BasicRepositoryConnector-repo.maven.apache.org-0-2] INFO  o.e.m.c.i.e.AbstractTransferListenerAdapter - Downloaded https://repo.maven.apache.org/maven2/nz/net/ultraq/thymeleaf/thymeleaf-expression-processor/3.2.0/thymeleaf-expression-processor-3.2.0.jar
2024-11-07 16:10:39,161 [BasicRepositoryConnector-repo.maven.apache.org-0-3] INFO  o.e.m.c.i.e.AbstractTransferListenerAdapter - Downloaded https://repo.maven.apache.org/maven2/ognl/ognl/3.3.4/ognl-3.3.4.jar
2024-11-07 16:10:39,161 [BasicRepositoryConnector-repo.maven.apache.org-0-4] INFO  o.e.m.c.i.e.AbstractTransferListenerAdapter - Downloaded https://repo.maven.apache.org/maven2/org/javassist/javassist/3.29.0-GA/javassist-3.29.0-GA.jar
2024-11-07 16:10:39,250 [BasicRepositoryConnector-repo.maven.apache.org-0-1] INFO  o.e.m.c.i.e.AbstractTransferListenerAdapter - Downloaded https://repo.maven.apache.org/maven2/nz/net/ultraq/groovy/groovy-extensions/2.1.0/groovy-extensions-2.1.0.jar
2024-11-07 16:10:39,777 [BasicRepositoryConnector-repo.maven.apache.org-0-0] INFO  o.e.m.c.i.e.AbstractTransferListenerAdapter - Downloaded https://repo.maven.apache.org/maven2/org/apache/groovy/groovy/4.0.23/groovy-4.0.23.jar
2024-11-07 16:10:40,250 [Worker-3: Building] INFO  o.a.m.s.f.DefaultMavenResourcesFiltering - Copying 1 resource from src\main\resources to target\classes
2024-11-07 16:10:40,263 [Worker-3: Building] INFO  o.a.m.s.f.DefaultMavenResourcesFiltering - Copying 0 resource from src\main\resources to target\classes
2024-11-07 16:10:40,265 [Worker-3: Building] INFO  o.a.m.s.f.DefaultMavenResourcesFiltering - skip non existing resourceDirectory C:\dev_proj_plant\workapace-plant\plant\src\test\resources
2024-11-07 16:10:41,073 [Worker-1: Download sources and javadoc] INFO  o.e.m.c.i.e.AbstractTransferListenerAdapter - Downloading https://repo.maven.apache.org/maven2/nz/net/ultraq/thymeleaf/thymeleaf-layout-dialect/3.3.0/thymeleaf-layout-dialect-3.3.0-sources.jar
2024-11-07 16:10:41,106 [Worker-1: Download sources and javadoc] INFO  o.e.m.c.i.e.AbstractTransferListenerAdapter - Downloaded https://repo.maven.apache.org/maven2/nz/net/ultraq/thymeleaf/thymeleaf-layout-dialect/3.3.0/thymeleaf-layout-dialect-3.3.0-sources.jar
2024-11-07 16:10:41,115 [Worker-1: Download sources and javadoc] INFO  o.e.m.j.internal.DownloadSourcesJob - Downloaded sources for nz.net.ultraq.thymeleaf:thymeleaf-layout-dialect:3.3.0
2024-11-07 16:10:41,137 [Worker-1: Download sources and javadoc] INFO  o.e.m.c.i.e.AbstractTransferListenerAdapter - Downloading https://repo.maven.apache.org/maven2/org/apache/groovy/groovy/4.0.23/groovy-4.0.23-sources.jar
2024-11-07 16:10:41,231 [Worker-1: Download sources and javadoc] INFO  o.e.m.c.i.e.AbstractTransferListenerAdapter - Downloaded https://repo.maven.apache.org/maven2/org/apache/groovy/groovy/4.0.23/groovy-4.0.23-sources.jar
2024-11-07 16:10:41,240 [Worker-1: Download sources and javadoc] INFO  o.e.m.j.internal.DownloadSourcesJob - Downloaded sources for org.apache.groovy:groovy:4.0.23
2024-11-07 16:10:41,262 [Worker-1: Download sources and javadoc] INFO  o.e.m.c.i.e.AbstractTransferListenerAdapter - Downloading https://repo.maven.apache.org/maven2/nz/net/ultraq/groovy/groovy-extensions/2.1.0/groovy-extensions-2.1.0-sources.jar
2024-11-07 16:10:41,432 [Worker-1: Download sources and javadoc] INFO  o.e.m.c.i.e.AbstractTransferListenerAdapter - Downloaded https://repo.maven.apache.org/maven2/nz/net/ultraq/groovy/groovy-extensions/2.1.0/groovy-extensions-2.1.0-sources.jar
2024-11-07 16:10:41,443 [Worker-1: Download sources and javadoc] INFO  o.e.m.j.internal.DownloadSourcesJob - Downloaded sources for nz.net.ultraq.groovy:groovy-extensions:2.1.0
2024-11-07 16:10:41,469 [Worker-1: Download sources and javadoc] INFO  o.e.m.c.i.e.AbstractTransferListenerAdapter - Downloading https://repo.maven.apache.org/maven2/nz/net/ultraq/thymeleaf/thymeleaf-expression-processor/3.2.0/thymeleaf-expression-processor-3.2.0-sources.jar
2024-11-07 16:10:41,471 [Worker-7: Building] INFO  o.a.m.s.f.DefaultMavenResourcesFiltering - Copying 1 resource from src\main\resources to target\classes
2024-11-07 16:10:41,482 [Worker-7: Building] INFO  o.a.m.s.f.DefaultMavenResourcesFiltering - Copying 0 resource from src\main\resources to target\classes
2024-11-07 16:10:41,487 [Worker-7: Building] INFO  o.a.m.s.f.DefaultMavenResourcesFiltering - skip non existing resourceDirectory C:\dev_proj_plant\workapace-plant\plant\src\test\resources
2024-11-07 16:10:41,517 [Worker-1: Download sources and javadoc] INFO  o.e.m.c.i.e.AbstractTransferListenerAdapter - Downloaded https://repo.maven.apache.org/maven2/nz/net/ultraq/thymeleaf/thymeleaf-expression-processor/3.2.0/thymeleaf-expression-processor-3.2.0-sources.jar
2024-11-07 16:10:41,524 [Worker-1: Download sources and javadoc] INFO  o.e.m.j.internal.DownloadSourcesJob - Downloaded sources for nz.net.ultraq.thymeleaf:thymeleaf-expression-processor:3.2.0
2024-11-07 16:10:41,550 [Worker-1: Download sources and javadoc] INFO  o.e.m.c.i.e.AbstractTransferListenerAdapter - Downloading https://repo.maven.apache.org/maven2/ognl/ognl/3.3.4/ognl-3.3.4-sources.jar
2024-11-07 16:10:41,589 [Worker-1: Download sources and javadoc] INFO  o.e.m.c.i.e.AbstractTransferListenerAdapter - Downloaded https://repo.maven.apache.org/maven2/ognl/ognl/3.3.4/ognl-3.3.4-sources.jar
2024-11-07 16:10:41,597 [Worker-1: Download sources and javadoc] INFO  o.e.m.j.internal.DownloadSourcesJob - Downloaded sources for ognl:ognl:3.3.4
2024-11-07 16:10:41,618 [Worker-1: Download sources and javadoc] INFO  o.e.m.c.i.e.AbstractTransferListenerAdapter - Downloading https://repo.maven.apache.org/maven2/org/javassist/javassist/3.29.0-GA/javassist-3.29.0-GA-sources.jar
2024-11-07 16:10:41,654 [Worker-1: Download sources and javadoc] INFO  o.e.m.c.i.e.AbstractTransferListenerAdapter - Downloaded https://repo.maven.apache.org/maven2/org/javassist/javassist/3.29.0-GA/javassist-3.29.0-GA-sources.jar
2024-11-07 16:10:41,660 [Worker-1: Download sources and javadoc] INFO  o.e.m.j.internal.DownloadSourcesJob - Downloaded sources for org.javassist:javassist:3.29.0-GA
2024-11-07 16:11:33,838 [Worker-8: Building] INFO  o.a.m.s.f.DefaultMavenResourcesFiltering - Copying 0 resource from src\main\resources to target\classes
2024-11-07 16:11:33,839 [Worker-8: Building] INFO  o.a.m.s.f.DefaultMavenResourcesFiltering - Copying 1 resource from src\main\resources to target\classes
2024-11-07 16:11:33,841 [Worker-8: Building] INFO  o.a.m.s.f.DefaultMavenResourcesFiltering - skip non existing resourceDirectory C:\dev_proj_plant\workapace-plant\plant\src\test\resources
2024-11-07 16:14:35,625 [Worker-3: Building] INFO  o.a.m.s.f.DefaultMavenResourcesFiltering - Copying 0 resource from src\main\resources to target\classes
2024-11-07 16:14:35,626 [Worker-3: Building] INFO  o.a.m.s.f.DefaultMavenResourcesFiltering - Copying 1 resource from src\main\resources to target\classes
2024-11-07 16:14:35,632 [Worker-3: Building] INFO  o.a.m.s.f.DefaultMavenResourcesFiltering - skip non existing resourceDirectory C:\dev_proj_plant\workapace-plant\plant\src\test\resources
2024-11-07 16:14:58,851 [Worker-5: Building] INFO  o.a.m.s.f.DefaultMavenResourcesFiltering - Copying 0 resource from src\main\resources to target\classes
2024-11-07 16:14:58,851 [Worker-5: Building] INFO  o.a.m.s.f.DefaultMavenResourcesFiltering - Copying 1 resource from src\main\resources to target\classes
2024-11-07 16:14:58,854 [Worker-5: Building] INFO  o.a.m.s.f.DefaultMavenResourcesFiltering - skip non existing resourceDirectory C:\dev_proj_plant\workapace-plant\plant\src\test\resources
2024-11-07 16:16:23,953 [Worker-1: Building] INFO  o.a.m.s.f.DefaultMavenResourcesFiltering - Copying 0 resource from src\main\resources to target\classes
2024-11-07 16:16:23,953 [Worker-1: Building] INFO  o.a.m.s.f.DefaultMavenResourcesFiltering - Copying 1 resource from src\main\resources to target\classes
2024-11-07 16:16:23,956 [Worker-1: Building] INFO  o.a.m.s.f.DefaultMavenResourcesFiltering - skip non existing resourceDirectory C:\dev_proj_plant\workapace-plant\plant\src\test\resources
2024-11-07 16:16:36,011 [Worker-8: Building] INFO  o.a.m.s.f.DefaultMavenResourcesFiltering - Copying 0 resource from src\main\resources to target\classes
2024-11-07 16:16:36,012 [Worker-8: Building] INFO  o.a.m.s.f.DefaultMavenResourcesFiltering - Copying 1 resource from src\main\resources to target\classes
2024-11-07 16:16:36,014 [Worker-8: Building] INFO  o.a.m.s.f.DefaultMavenResourcesFiltering - skip non existing resourceDirectory C:\dev_proj_plant\workapace-plant\plant\src\test\resources
2024-11-07 16:17:08,628 [Worker-11: Building] INFO  o.a.m.s.f.DefaultMavenResourcesFiltering - Copying 0 resource from src\main\resources to target\classes
2024-11-07 16:17:08,629 [Worker-11: Building] INFO  o.a.m.s.f.DefaultMavenResourcesFiltering - Copying 1 resource from src\main\resources to target\classes
2024-11-07 16:17:08,632 [Worker-11: Building] INFO  o.a.m.s.f.DefaultMavenResourcesFiltering - skip non existing resourceDirectory C:\dev_proj_plant\workapace-plant\plant\src\test\resources
2024-11-07 16:18:21,458 [Worker-3: Building] INFO  o.a.m.s.f.DefaultMavenResourcesFiltering - Copying 0 resource from src\main\resources to target\classes
2024-11-07 16:18:21,459 [Worker-3: Building] INFO  o.a.m.s.f.DefaultMavenResourcesFiltering - Copying 1 resource from src\main\resources to target\classes
2024-11-07 16:18:21,461 [Worker-3: Building] INFO  o.a.m.s.f.DefaultMavenResourcesFiltering - skip non existing resourceDirectory C:\dev_proj_plant\workapace-plant\plant\src\test\resources
2024-11-07 16:22:27,875 [Worker-4: Building] INFO  o.a.m.s.f.DefaultMavenResourcesFiltering - Copying 0 resource from src\main\resources to target\classes
2024-11-07 16:22:27,876 [Worker-4: Building] INFO  o.a.m.s.f.DefaultMavenResourcesFiltering - Copying 1 resource from src\main\resources to target\classes
2024-11-07 16:22:27,878 [Worker-4: Building] INFO  o.a.m.s.f.DefaultMavenResourcesFiltering - skip non existing resourceDirectory C:\dev_proj_plant\workapace-plant\plant\src\test\resources
2024-11-07 16:23:58,182 [Worker-0: Building] INFO  o.a.m.s.f.DefaultMavenResourcesFiltering - Copying 0 resource from src\main\resources to target\classes
2024-11-07 16:23:58,183 [Worker-0: Building] INFO  o.a.m.s.f.DefaultMavenResourcesFiltering - Copying 1 resource from src\main\resources to target\classes
2024-11-07 16:23:58,185 [Worker-0: Building] INFO  o.a.m.s.f.DefaultMavenResourcesFiltering - skip non existing resourceDirectory C:\dev_proj_plant\workapace-plant\plant\src\test\resources
2024-11-07 16:26:21,107 [Worker-1: Building] INFO  o.a.m.s.f.DefaultMavenResourcesFiltering - Copying 0 resource from src\main\resources to target\classes
2024-11-07 16:26:21,108 [Worker-1: Building] INFO  o.a.m.s.f.DefaultMavenResourcesFiltering - Copying 1 resource from src\main\resources to target\classes
2024-11-07 16:26:21,111 [Worker-1: Building] INFO  o.a.m.s.f.DefaultMavenResourcesFiltering - skip non existing resourceDirectory C:\dev_proj_plant\workapace-plant\plant\src\test\resources
2024-11-07 16:26:34,760 [Worker-1: Building] INFO  o.a.m.s.f.DefaultMavenResourcesFiltering - Copying 0 resource from src\main\resources to target\classes
2024-11-07 16:26:34,761 [Worker-1: Building] INFO  o.a.m.s.f.DefaultMavenResourcesFiltering - Copying 1 resource from src\main\resources to target\classes
2024-11-07 16:26:34,764 [Worker-1: Building] INFO  o.a.m.s.f.DefaultMavenResourcesFiltering - skip non existing resourceDirectory C:\dev_proj_plant\workapace-plant\plant\src\test\resources
2024-11-07 16:27:18,658 [Worker-0: Building] INFO  o.a.m.s.f.DefaultMavenResourcesFiltering - Copying 1 resource from src\main\resources to target\classes
2024-11-07 16:27:18,664 [Worker-0: Building] INFO  o.a.m.s.f.DefaultMavenResourcesFiltering - Copying 5 resources from src\main\resources to target\classes
2024-11-07 16:27:18,667 [Worker-0: Building] INFO  o.a.m.s.f.DefaultMavenResourcesFiltering - skip non existing resourceDirectory C:\dev_proj_plant\workapace-plant\plant\src\test\resources
2024-11-07 16:27:59,297 [Worker-3: Building] INFO  o.a.m.s.f.DefaultMavenResourcesFiltering - Copying 1 resource from src\main\resources to target\classes
2024-11-07 16:27:59,300 [Worker-3: Building] INFO  o.a.m.s.f.DefaultMavenResourcesFiltering - Copying 5 resources from src\main\resources to target\classes
2024-11-07 16:27:59,302 [Worker-3: Building] INFO  o.a.m.s.f.DefaultMavenResourcesFiltering - skip non existing resourceDirectory C:\dev_proj_plant\workapace-plant\plant\src\test\resources
2024-11-07 16:32:08,665 [Worker-14: Building] INFO  o.a.m.s.f.DefaultMavenResourcesFiltering - Copying 0 resource from src\main\resources to target\classes
2024-11-07 16:32:08,667 [Worker-14: Building] INFO  o.a.m.s.f.DefaultMavenResourcesFiltering - Copying 1 resource from src\main\resources to target\classes
2024-11-07 16:32:08,670 [Worker-14: Building] INFO  o.a.m.s.f.DefaultMavenResourcesFiltering - skip non existing resourceDirectory C:\dev_proj_plant\workapace-plant\plant\src\test\resources
2024-11-07 16:32:47,568 [Worker-7: Building] INFO  o.a.m.s.f.DefaultMavenResourcesFiltering - Copying 0 resource from src\main\resources to target\classes
2024-11-07 16:32:47,569 [Worker-7: Building] INFO  o.a.m.s.f.DefaultMavenResourcesFiltering - Copying 1 resource from src\main\resources to target\classes
2024-11-07 16:32:47,571 [Worker-7: Building] INFO  o.a.m.s.f.DefaultMavenResourcesFiltering - skip non existing resourceDirectory C:\dev_proj_plant\workapace-plant\plant\src\test\resources
2024-11-07 16:34:06,341 [Worker-7: Building] INFO  o.a.m.s.f.DefaultMavenResourcesFiltering - Copying 0 resource from src\main\resources to target\classes
2024-11-07 16:34:06,342 [Worker-7: Building] INFO  o.a.m.s.f.DefaultMavenResourcesFiltering - Copying 3 resources from src\main\resources to target\classes
2024-11-07 16:34:06,347 [Worker-7: Building] INFO  o.a.m.s.f.DefaultMavenResourcesFiltering - skip non existing resourceDirectory C:\dev_proj_plant\workapace-plant\plant\src\test\resources
2024-11-07 16:34:46,914 [Worker-14: Building] INFO  o.a.m.s.f.DefaultMavenResourcesFiltering - Copying 0 resource from src\main\resources to target\classes
2024-11-07 16:34:46,915 [Worker-14: Building] INFO  o.a.m.s.f.DefaultMavenResourcesFiltering - Copying 3 resources from src\main\resources to target\classes
2024-11-07 16:34:46,919 [Worker-14: Building] INFO  o.a.m.s.f.DefaultMavenResourcesFiltering - skip non existing resourceDirectory C:\dev_proj_plant\workapace-plant\plant\src\test\resources
2024-11-07 16:35:38,068 [Worker-14: Building] INFO  o.a.m.s.f.DefaultMavenResourcesFiltering - Copying 0 resource from src\main\resources to target\classes
2024-11-07 16:35:38,069 [Worker-14: Building] INFO  o.a.m.s.f.DefaultMavenResourcesFiltering - Copying 1 resource from src\main\resources to target\classes
2024-11-07 16:35:38,071 [Worker-14: Building] INFO  o.a.m.s.f.DefaultMavenResourcesFiltering - skip non existing resourceDirectory C:\dev_proj_plant\workapace-plant\plant\src\test\resources
2024-11-07 16:36:00,306 [Worker-13: Building] INFO  o.a.m.s.f.DefaultMavenResourcesFiltering - Copying 0 resource from src\main\resources to target\classes
2024-11-07 16:36:00,307 [Worker-13: Building] INFO  o.a.m.s.f.DefaultMavenResourcesFiltering - Copying 1 resource from src\main\resources to target\classes
2024-11-07 16:36:00,309 [Worker-13: Building] INFO  o.a.m.s.f.DefaultMavenResourcesFiltering - skip non existing resourceDirectory C:\dev_proj_plant\workapace-plant\plant\src\test\resources
2024-11-07 16:41:25,643 [Worker-3: Building] INFO  o.a.m.s.f.DefaultMavenResourcesFiltering - Copying 0 resource from src\main\resources to target\classes
2024-11-07 16:41:25,643 [Worker-3: Building] INFO  o.a.m.s.f.DefaultMavenResourcesFiltering - Copying 1 resource from src\main\resources to target\classes
2024-11-07 16:41:25,645 [Worker-3: Building] INFO  o.a.m.s.f.DefaultMavenResourcesFiltering - skip non existing resourceDirectory C:\dev_proj_plant\workapace-plant\plant\src\test\resources
2024-11-07 16:44:41,167 [Worker-23: Building] INFO  o.a.m.s.f.DefaultMavenResourcesFiltering - Copying 0 resource from src\main\resources to target\classes
2024-11-07 16:44:41,168 [Worker-23: Building] INFO  o.a.m.s.f.DefaultMavenResourcesFiltering - Copying 1 resource from src\main\resources to target\classes
2024-11-07 16:44:41,170 [Worker-23: Building] INFO  o.a.m.s.f.DefaultMavenResourcesFiltering - skip non existing resourceDirectory C:\dev_proj_plant\workapace-plant\plant\src\test\resources
2024-11-07 16:44:45,256 [Worker-20: Building] INFO  o.a.m.s.f.DefaultMavenResourcesFiltering - Copying 0 resource from src\main\resources to target\classes
2024-11-07 16:44:45,257 [Worker-20: Building] INFO  o.a.m.s.f.DefaultMavenResourcesFiltering - Copying 1 resource from src\main\resources to target\classes
2024-11-07 16:44:45,259 [Worker-20: Building] INFO  o.a.m.s.f.DefaultMavenResourcesFiltering - skip non existing resourceDirectory C:\dev_proj_plant\workapace-plant\plant\src\test\resources
2024-11-07 16:44:49,787 [Worker-20: Building] INFO  o.a.m.s.f.DefaultMavenResourcesFiltering - Copying 0 resource from src\main\resources to target\classes
2024-11-07 16:44:49,788 [Worker-20: Building] INFO  o.a.m.s.f.DefaultMavenResourcesFiltering - Copying 1 resource from src\main\resources to target\classes
2024-11-07 16:44:49,790 [Worker-20: Building] INFO  o.a.m.s.f.DefaultMavenResourcesFiltering - skip non existing resourceDirectory C:\dev_proj_plant\workapace-plant\plant\src\test\resources
2024-11-07 16:45:26,771 [Worker-21: Building] INFO  o.e.m.c.i.l.LifecycleMappingFactory - Using org.eclipse.m2e.jdt.JarLifecycleMapping lifecycle mapping for MavenProject: com.example:plant:0.0.1-SNAPSHOT @ C:\dev_proj_plant\workapace-plant\plant\pom.xml.
2024-11-07 16:45:27,042 [Worker-21: Building] INFO  o.a.m.s.f.DefaultMavenResourcesFiltering - Copying 0 resource from src\main\resources to target\classes
2024-11-07 16:45:27,043 [Worker-21: Building] INFO  o.a.m.s.f.DefaultMavenResourcesFiltering - Copying 0 resource from src\main\resources to target\classes
2024-11-07 16:45:27,046 [Worker-21: Building] INFO  o.a.m.s.f.DefaultMavenResourcesFiltering - skip non existing resourceDirectory C:\dev_proj_plant\workapace-plant\plant\src\test\resources
2024-11-07 16:45:28,157 [Worker-21: Building] INFO  o.a.m.s.f.DefaultMavenResourcesFiltering - Copying 1 resource from src\main\resources to target\classes
2024-11-07 16:45:28,164 [Worker-21: Building] INFO  o.a.m.s.f.DefaultMavenResourcesFiltering - Copying 5 resources from src\main\resources to target\classes
2024-11-07 16:45:28,178 [Worker-21: Building] INFO  o.a.m.s.f.DefaultMavenResourcesFiltering - skip non existing resourceDirectory C:\dev_proj_plant\workapace-plant\plant\src\test\resources
2024-11-07 16:46:50,091 [Worker-25: Building] INFO  o.a.m.s.f.DefaultMavenResourcesFiltering - Copying 0 resource from src\main\resources to target\classes
2024-11-07 16:46:50,092 [Worker-25: Building] INFO  o.a.m.s.f.DefaultMavenResourcesFiltering - Copying 1 resource from src\main\resources to target\classes
2024-11-07 16:46:50,094 [Worker-25: Building] INFO  o.a.m.s.f.DefaultMavenResourcesFiltering - skip non existing resourceDirectory C:\dev_proj_plant\workapace-plant\plant\src\test\resources
2024-11-07 16:48:55,062 [Worker-20: Building] INFO  o.a.m.s.f.DefaultMavenResourcesFiltering - Copying 0 resource from src\main\resources to target\classes
2024-11-07 16:48:55,063 [Worker-20: Building] INFO  o.a.m.s.f.DefaultMavenResourcesFiltering - Copying 1 resource from src\main\resources to target\classes
2024-11-07 16:48:55,065 [Worker-20: Building] INFO  o.a.m.s.f.DefaultMavenResourcesFiltering - skip non existing resourceDirectory C:\dev_proj_plant\workapace-plant\plant\src\test\resources
2024-11-07 16:53:44,353 [Worker-24: Building] INFO  o.a.m.s.f.DefaultMavenResourcesFiltering - Copying 1 resource from src\main\resources to target\classes
2024-11-07 16:53:44,366 [Worker-24: Building] INFO  o.a.m.s.f.DefaultMavenResourcesFiltering - Copying 0 resource from src\main\resources to target\classes
2024-11-07 16:53:44,368 [Worker-24: Building] INFO  o.a.m.s.f.DefaultMavenResourcesFiltering - skip non existing resourceDirectory C:\dev_proj_plant\workapace-plant\plant\src\test\resources
2024-11-07 16:56:28,296 [Worker-13: Building] INFO  o.a.m.s.f.DefaultMavenResourcesFiltering - Copying 1 resource from src\main\resources to target\classes
2024-11-07 16:56:28,306 [Worker-13: Building] INFO  o.a.m.s.f.DefaultMavenResourcesFiltering - Copying 5 resources from src\main\resources to target\classes
2024-11-07 16:56:28,309 [Worker-13: Building] INFO  o.a.m.s.f.DefaultMavenResourcesFiltering - skip non existing resourceDirectory C:\dev_proj_plant\workapace-plant\plant\src\test\resources
2024-11-07 17:03:00,814 [Worker-6: Loading available Gradle versions] INFO  o.e.b.c.i.u.g.PublishedGradleVersions - Gradle version information cache is up-to-date. Trying to read.
2024-11-07 17:03:16,645 [Worker-1: Building] INFO  o.a.m.s.f.DefaultMavenResourcesFiltering - Copying 1 resource from src\main\resources to target\classes
2024-11-07 17:03:16,656 [Worker-1: Building] INFO  o.a.m.s.f.DefaultMavenResourcesFiltering - Copying 5 resources from src\main\resources to target\classes
2024-11-07 17:03:16,661 [Worker-1: Building] INFO  o.a.m.s.f.DefaultMavenResourcesFiltering - skip non existing resourceDirectory C:\dev_proj_plant\workapace-plant\plant\src\test\resources
2024-11-07 17:03:40,871 [Worker-5: Building] INFO  o.a.m.s.f.DefaultMavenResourcesFiltering - Copying 0 resource from src\main\resources to target\classes
2024-11-07 17:03:40,873 [Worker-5: Building] INFO  o.a.m.s.f.DefaultMavenResourcesFiltering - Copying 1 resource from src\main\resources to target\classes
2024-11-07 17:03:40,876 [Worker-5: Building] INFO  o.a.m.s.f.DefaultMavenResourcesFiltering - skip non existing resourceDirectory C:\dev_proj_plant\workapace-plant\plant\src\test\resources
2024-11-07 17:11:26,814 [Worker-12: Building] INFO  o.e.m.c.i.l.LifecycleMappingFactory - Using org.eclipse.m2e.jdt.JarLifecycleMapping lifecycle mapping for MavenProject: com.example:plant:0.0.1-SNAPSHOT @ C:\dev_proj_plant\workapace-plant\plant\pom.xml.
2024-11-07 17:11:27,238 [Worker-12: Building] INFO  o.e.m.c.i.e.AbstractTransferListenerAdapter - Downloading https://repo.maven.apache.org/maven2/nz/net/ultraq/thymeleaf/thymeleaf-layout-dialect/3.0.0/thymeleaf-layout-dialect-3.0.0.pom
2024-11-07 17:11:27,256 [Worker-12: Building] INFO  o.e.m.c.i.e.AbstractTransferListenerAdapter - Downloaded https://repo.maven.apache.org/maven2/nz/net/ultraq/thymeleaf/thymeleaf-layout-dialect/3.0.0/thymeleaf-layout-dialect-3.0.0.pom
2024-11-07 17:11:27,268 [Worker-12: Building] INFO  o.e.m.c.i.e.AbstractTransferListenerAdapter - Downloading https://repo.maven.apache.org/maven2/org/codehaus/groovy/groovy/3.0.8/groovy-3.0.8.pom
2024-11-07 17:11:27,300 [Worker-12: Building] INFO  o.e.m.c.i.e.AbstractTransferListenerAdapter - Downloaded https://repo.maven.apache.org/maven2/org/codehaus/groovy/groovy/3.0.8/groovy-3.0.8.pom
2024-11-07 17:11:27,314 [Worker-12: Building] INFO  o.e.m.c.i.e.AbstractTransferListenerAdapter - Downloading https://repo.maven.apache.org/maven2/nz/net/ultraq/extensions/groovy-extensions/1.1.0/groovy-extensions-1.1.0.pom
2024-11-07 17:11:27,326 [Worker-12: Building] INFO  o.e.m.c.i.e.AbstractTransferListenerAdapter - Downloaded https://repo.maven.apache.org/maven2/nz/net/ultraq/extensions/groovy-extensions/1.1.0/groovy-extensions-1.1.0.pom
2024-11-07 17:11:27,338 [Worker-12: Building] INFO  o.e.m.c.i.e.AbstractTransferListenerAdapter - Downloading https://repo.maven.apache.org/maven2/nz/net/ultraq/thymeleaf/thymeleaf-expression-processor/3.0.0/thymeleaf-expression-processor-3.0.0.pom
2024-11-07 17:11:27,351 [Worker-12: Building] INFO  o.e.m.c.i.e.AbstractTransferListenerAdapter - Downloaded https://repo.maven.apache.org/maven2/nz/net/ultraq/thymeleaf/thymeleaf-expression-processor/3.0.0/thymeleaf-expression-processor-3.0.0.pom
2024-11-07 17:11:27,407 [Worker-12: Building] INFO  o.e.m.c.i.e.AbstractTransferListenerAdapter - Downloading https://repo.maven.apache.org/maven2/nz/net/ultraq/thymeleaf/thymeleaf-layout-dialect/3.0.0/thymeleaf-layout-dialect-3.0.0.jar
2024-11-07 17:11:27,464 [Worker-12: Building] INFO  o.e.m.c.i.e.AbstractTransferListenerAdapter - Downloaded https://repo.maven.apache.org/maven2/nz/net/ultraq/thymeleaf/thymeleaf-layout-dialect/3.0.0/thymeleaf-layout-dialect-3.0.0.jar
2024-11-07 17:11:27,472 [BasicRepositoryConnector-repo.maven.apache.org-0-0] INFO  o.e.m.c.i.e.AbstractTransferListenerAdapter - Downloading https://repo.maven.apache.org/maven2/org/codehaus/groovy/groovy/3.0.8/groovy-3.0.8.jar
2024-11-07 17:11:27,490 [BasicRepositoryConnector-repo.maven.apache.org-0-1] INFO  o.e.m.c.i.e.AbstractTransferListenerAdapter - Downloading https://repo.maven.apache.org/maven2/nz/net/ultraq/extensions/groovy-extensions/1.1.0/groovy-extensions-1.1.0.jar
2024-11-07 17:11:27,490 [BasicRepositoryConnector-repo.maven.apache.org-0-2] INFO  o.e.m.c.i.e.AbstractTransferListenerAdapter - Downloading https://repo.maven.apache.org/maven2/nz/net/ultraq/thymeleaf/thymeleaf-expression-processor/3.0.0/thymeleaf-expression-processor-3.0.0.jar
2024-11-07 17:11:27,509 [BasicRepositoryConnector-repo.maven.apache.org-0-2] INFO  o.e.m.c.i.e.AbstractTransferListenerAdapter - Downloaded https://repo.maven.apache.org/maven2/nz/net/ultraq/thymeleaf/thymeleaf-expression-processor/3.0.0/thymeleaf-expression-processor-3.0.0.jar
2024-11-07 17:11:27,520 [BasicRepositoryConnector-repo.maven.apache.org-0-1] INFO  o.e.m.c.i.e.AbstractTransferListenerAdapter - Downloaded https://repo.maven.apache.org/maven2/nz/net/ultraq/extensions/groovy-extensions/1.1.0/groovy-extensions-1.1.0.jar
2024-11-07 17:11:28,421 [BasicRepositoryConnector-repo.maven.apache.org-0-0] INFO  o.e.m.c.i.e.AbstractTransferListenerAdapter - Downloaded https://repo.maven.apache.org/maven2/org/codehaus/groovy/groovy/3.0.8/groovy-3.0.8.jar
2024-11-07 17:11:28,582 [Worker-12: Building] INFO  o.a.m.s.f.DefaultMavenResourcesFiltering - Copying 0 resource from src\main\resources to target\classes
2024-11-07 17:11:28,583 [Worker-12: Building] INFO  o.a.m.s.f.DefaultMavenResourcesFiltering - Copying 0 resource from src\main\resources to target\classes
2024-11-07 17:11:28,585 [Worker-12: Building] INFO  o.a.m.s.f.DefaultMavenResourcesFiltering - skip non existing resourceDirectory C:\dev_proj_plant\workapace-plant\plant\src\test\resources
2024-11-07 17:11:29,547 [Worker-18: Download sources and javadoc] INFO  o.e.m.c.i.e.AbstractTransferListenerAdapter - Downloading https://repo.maven.apache.org/maven2/nz/net/ultraq/thymeleaf/thymeleaf-layout-dialect/3.0.0/thymeleaf-layout-dialect-3.0.0-sources.jar
2024-11-07 17:11:29,576 [Worker-18: Download sources and javadoc] INFO  o.e.m.c.i.e.AbstractTransferListenerAdapter - Downloaded https://repo.maven.apache.org/maven2/nz/net/ultraq/thymeleaf/thymeleaf-layout-dialect/3.0.0/thymeleaf-layout-dialect-3.0.0-sources.jar
2024-11-07 17:11:29,580 [Worker-18: Download sources and javadoc] INFO  o.e.m.j.internal.DownloadSourcesJob - Downloaded sources for nz.net.ultraq.thymeleaf:thymeleaf-layout-dialect:3.0.0
2024-11-07 17:11:29,608 [Worker-18: Download sources and javadoc] INFO  o.e.m.c.i.e.AbstractTransferListenerAdapter - Downloading https://repo.maven.apache.org/maven2/org/codehaus/groovy/groovy/3.0.8/groovy-3.0.8-sources.jar
2024-11-07 17:11:29,724 [Worker-18: Download sources and javadoc] INFO  o.e.m.c.i.e.AbstractTransferListenerAdapter - Downloaded https://repo.maven.apache.org/maven2/org/codehaus/groovy/groovy/3.0.8/groovy-3.0.8-sources.jar
2024-11-07 17:11:29,731 [Worker-18: Download sources and javadoc] INFO  o.e.m.j.internal.DownloadSourcesJob - Downloaded sources for org.codehaus.groovy:groovy:3.0.8
2024-11-07 17:11:29,763 [Worker-18: Download sources and javadoc] INFO  o.e.m.c.i.e.AbstractTransferListenerAdapter - Downloading https://repo.maven.apache.org/maven2/nz/net/ultraq/extensions/groovy-extensions/1.1.0/groovy-extensions-1.1.0-sources.jar
2024-11-07 17:11:29,808 [Worker-21: Building] INFO  o.a.m.s.f.DefaultMavenResourcesFiltering - Copying 1 resource from src\main\resources to target\classes
2024-11-07 17:11:29,819 [Worker-21: Building] INFO  o.a.m.s.f.DefaultMavenResourcesFiltering - Copying 5 resources from src\main\resources to target\classes
2024-11-07 17:11:29,825 [Worker-21: Building] INFO  o.a.m.s.f.DefaultMavenResourcesFiltering - skip non existing resourceDirectory C:\dev_proj_plant\workapace-plant\plant\src\test\resources
2024-11-07 17:11:29,877 [Worker-18: Download sources and javadoc] INFO  o.e.m.c.i.e.AbstractTransferListenerAdapter - Downloaded https://repo.maven.apache.org/maven2/nz/net/ultraq/extensions/groovy-extensions/1.1.0/groovy-extensions-1.1.0-sources.jar
2024-11-07 17:11:29,883 [Worker-18: Download sources and javadoc] INFO  o.e.m.j.internal.DownloadSourcesJob - Downloaded sources for nz.net.ultraq.extensions:groovy-extensions:1.1.0
2024-11-07 17:11:29,916 [Worker-18: Download sources and javadoc] INFO  o.e.m.c.i.e.AbstractTransferListenerAdapter - Downloading https://repo.maven.apache.org/maven2/nz/net/ultraq/thymeleaf/thymeleaf-expression-processor/3.0.0/thymeleaf-expression-processor-3.0.0-sources.jar
2024-11-07 17:11:29,941 [Worker-18: Download sources and javadoc] INFO  o.e.m.c.i.e.AbstractTransferListenerAdapter - Downloaded https://repo.maven.apache.org/maven2/nz/net/ultraq/thymeleaf/thymeleaf-expression-processor/3.0.0/thymeleaf-expression-processor-3.0.0-sources.jar
2024-11-07 17:11:29,946 [Worker-18: Download sources and javadoc] INFO  o.e.m.j.internal.DownloadSourcesJob - Downloaded sources for nz.net.ultraq.thymeleaf:thymeleaf-expression-processor:3.0.0
2024-11-07 17:11:33,096 [Worker-16: Building] INFO  o.e.m.c.i.l.LifecycleMappingFactory - Using org.eclipse.m2e.jdt.JarLifecycleMapping lifecycle mapping for MavenProject: com.example:plant:0.0.1-SNAPSHOT @ C:\dev_proj_plant\workapace-plant\plant\pom.xml.
2024-11-07 17:11:33,303 [Worker-16: Building] INFO  o.a.m.s.f.DefaultMavenResourcesFiltering - Copying 0 resource from src\main\resources to target\classes
2024-11-07 17:11:33,303 [Worker-16: Building] INFO  o.a.m.s.f.DefaultMavenResourcesFiltering - Copying 0 resource from src\main\resources to target\classes
2024-11-07 17:11:33,305 [Worker-16: Building] INFO  o.a.m.s.f.DefaultMavenResourcesFiltering - skip non existing resourceDirectory C:\dev_proj_plant\workapace-plant\plant\src\test\resources
2024-11-07 17:11:34,463 [Worker-20: Building] INFO  o.a.m.s.f.DefaultMavenResourcesFiltering - Copying 1 resource from src\main\resources to target\classes
2024-11-07 17:11:34,470 [Worker-20: Building] INFO  o.a.m.s.f.DefaultMavenResourcesFiltering - Copying 5 resources from src\main\resources to target\classes
2024-11-07 17:11:34,475 [Worker-20: Building] INFO  o.a.m.s.f.DefaultMavenResourcesFiltering - skip non existing resourceDirectory C:\dev_proj_plant\workapace-plant\plant\src\test\resources
2024-11-07 17:11:43,026 [Worker-17: Launching Executing clean in C__dev_proj_plant_workapace-plant_plant] INFO  o.eclipse.m2e.core.internal.Bundles - getClasspathEntries(Bundle=org.eclipse.m2e.maven.runtime_3.9.900.20240824-1409 [360])
2024-11-07 17:11:43,027 [Worker-17: Launching Executing clean in C__dev_proj_plant_workapace-plant_plant] INFO  o.eclipse.m2e.core.internal.Bundles - 	Entry: C:\dev_proj_plant\sts4\plugins\org.eclipse.m2e.maven.runtime_3.9.900.20240824-1409
2024-11-07 17:11:43,027 [Worker-17: Launching Executing clean in C__dev_proj_plant_workapace-plant_plant] INFO  o.eclipse.m2e.core.internal.Bundles - 	Entry: C:\dev_proj_plant\sts4\plugins\org.eclipse.m2e.maven.runtime_3.9.900.20240824-1409\jars\aopalliance-1.0.jar
2024-11-07 17:11:43,027 [Worker-17: Launching Executing clean in C__dev_proj_plant_workapace-plant_plant] INFO  o.eclipse.m2e.core.internal.Bundles - 	Entry: C:\dev_proj_plant\sts4\plugins\org.eclipse.m2e.maven.runtime_3.9.900.20240824-1409\jars\guice-5.1.0.jar
2024-11-07 17:11:43,027 [Worker-17: Launching Executing clean in C__dev_proj_plant_workapace-plant_plant] INFO  o.eclipse.m2e.core.internal.Bundles - 	Entry: C:\dev_proj_plant\sts4\plugins\org.eclipse.m2e.maven.runtime_3.9.900.20240824-1409\jars\httpclient-4.5.14.jar
2024-11-07 17:11:43,027 [Worker-17: Launching Executing clean in C__dev_proj_plant_workapace-plant_plant] INFO  o.eclipse.m2e.core.internal.Bundles - 	Entry: C:\dev_proj_plant\sts4\plugins\org.eclipse.m2e.maven.runtime_3.9.900.20240824-1409\jars\httpcore-4.4.16.jar
2024-11-07 17:11:43,027 [Worker-17: Launching Executing clean in C__dev_proj_plant_workapace-plant_plant] INFO  o.eclipse.m2e.core.internal.Bundles - 	Entry: C:\dev_proj_plant\sts4\plugins\org.eclipse.m2e.maven.runtime_3.9.900.20240824-1409\jars\jansi-2.4.1.jar
2024-11-07 17:11:43,027 [Worker-17: Launching Executing clean in C__dev_proj_plant_workapace-plant_plant] INFO  o.eclipse.m2e.core.internal.Bundles - 	Entry: C:\dev_proj_plant\sts4\plugins\org.eclipse.m2e.maven.runtime_3.9.900.20240824-1409\jars\jcl-over-slf4j-1.7.36.jar
2024-11-07 17:11:43,027 [Worker-17: Launching Executing clean in C__dev_proj_plant_workapace-plant_plant] INFO  o.eclipse.m2e.core.internal.Bundles - 	Entry: C:\dev_proj_plant\sts4\plugins\org.eclipse.m2e.maven.runtime_3.9.900.20240824-1409\jars\maven-artifact-3.9.9.jar
2024-11-07 17:11:43,027 [Worker-17: Launching Executing clean in C__dev_proj_plant_workapace-plant_plant] INFO  o.eclipse.m2e.core.internal.Bundles - 	Entry: C:\dev_proj_plant\sts4\plugins\org.eclipse.m2e.maven.runtime_3.9.900.20240824-1409\jars\maven-builder-support-3.9.9.jar
2024-11-07 17:11:43,027 [Worker-17: Launching Executing clean in C__dev_proj_plant_workapace-plant_plant] INFO  o.eclipse.m2e.core.internal.Bundles - 	Entry: C:\dev_proj_plant\sts4\plugins\org.eclipse.m2e.maven.runtime_3.9.900.20240824-1409\jars\maven-compat-3.9.9.jar
2024-11-07 17:11:43,027 [Worker-17: Launching Executing clean in C__dev_proj_plant_workapace-plant_plant] INFO  o.eclipse.m2e.core.internal.Bundles - 	Entry: C:\dev_proj_plant\sts4\plugins\org.eclipse.m2e.maven.runtime_3.9.900.20240824-1409\jars\maven-core-3.9.9.jar
2024-11-07 17:11:43,027 [Worker-17: Launching Executing clean in C__dev_proj_plant_workapace-plant_plant] INFO  o.eclipse.m2e.core.internal.Bundles - 	Entry: C:\dev_proj_plant\sts4\plugins\org.eclipse.m2e.maven.runtime_3.9.900.20240824-1409\jars\maven-embedder-3.9.9.jar
2024-11-07 17:11:43,027 [Worker-17: Launching Executing clean in C__dev_proj_plant_workapace-plant_plant] INFO  o.eclipse.m2e.core.internal.Bundles - 	Entry: C:\dev_proj_plant\sts4\plugins\org.eclipse.m2e.maven.runtime_3.9.900.20240824-1409\jars\maven-model-3.9.9.jar
2024-11-07 17:11:43,027 [Worker-17: Launching Executing clean in C__dev_proj_plant_workapace-plant_plant] INFO  o.eclipse.m2e.core.internal.Bundles - 	Entry: C:\dev_proj_plant\sts4\plugins\org.eclipse.m2e.maven.runtime_3.9.900.20240824-1409\jars\maven-model-builder-3.9.9.jar
2024-11-07 17:11:43,027 [Worker-17: Launching Executing clean in C__dev_proj_plant_workapace-plant_plant] INFO  o.eclipse.m2e.core.internal.Bundles - 	Entry: C:\dev_proj_plant\sts4\plugins\org.eclipse.m2e.maven.runtime_3.9.900.20240824-1409\jars\maven-plugin-api-3.9.9.jar
2024-11-07 17:11:43,027 [Worker-17: Launching Executing clean in C__dev_proj_plant_workapace-plant_plant] INFO  o.eclipse.m2e.core.internal.Bundles - 	Entry: C:\dev_proj_plant\sts4\plugins\org.eclipse.m2e.maven.runtime_3.9.900.20240824-1409\jars\maven-repository-metadata-3.9.9.jar
2024-11-07 17:11:43,027 [Worker-17: Launching Executing clean in C__dev_proj_plant_workapace-plant_plant] INFO  o.eclipse.m2e.core.internal.Bundles - 	Entry: C:\dev_proj_plant\sts4\plugins\org.eclipse.m2e.maven.runtime_3.9.900.20240824-1409\jars\maven-resolver-api-1.9.22.jar
2024-11-07 17:11:43,028 [Worker-17: Launching Executing clean in C__dev_proj_plant_workapace-plant_plant] INFO  o.eclipse.m2e.core.internal.Bundles - 	Entry: C:\dev_proj_plant\sts4\plugins\org.eclipse.m2e.maven.runtime_3.9.900.20240824-1409\jars\maven-resolver-connector-basic-1.9.22.jar
2024-11-07 17:11:43,028 [Worker-17: Launching Executing clean in C__dev_proj_plant_workapace-plant_plant] INFO  o.eclipse.m2e.core.internal.Bundles - 	Entry: C:\dev_proj_plant\sts4\plugins\org.eclipse.m2e.maven.runtime_3.9.900.20240824-1409\jars\maven-resolver-impl-1.9.22.jar
2024-11-07 17:11:43,028 [Worker-17: Launching Executing clean in C__dev_proj_plant_workapace-plant_plant] INFO  o.eclipse.m2e.core.internal.Bundles - 	Entry: C:\dev_proj_plant\sts4\plugins\org.eclipse.m2e.maven.runtime_3.9.900.20240824-1409\jars\maven-resolver-named-locks-1.9.22.jar
2024-11-07 17:11:43,028 [Worker-17: Launching Executing clean in C__dev_proj_plant_workapace-plant_plant] INFO  o.eclipse.m2e.core.internal.Bundles - 	Entry: C:\dev_proj_plant\sts4\plugins\org.eclipse.m2e.maven.runtime_3.9.900.20240824-1409\jars\maven-resolver-provider-3.9.9.jar
2024-11-07 17:11:43,028 [Worker-17: Launching Executing clean in C__dev_proj_plant_workapace-plant_plant] INFO  o.eclipse.m2e.core.internal.Bundles - 	Entry: C:\dev_proj_plant\sts4\plugins\org.eclipse.m2e.maven.runtime_3.9.900.20240824-1409\jars\maven-resolver-spi-1.9.22.jar
2024-11-07 17:11:43,028 [Worker-17: Launching Executing clean in C__dev_proj_plant_workapace-plant_plant] INFO  o.eclipse.m2e.core.internal.Bundles - 	Entry: C:\dev_proj_plant\sts4\plugins\org.eclipse.m2e.maven.runtime_3.9.900.20240824-1409\jars\maven-resolver-transport-file-1.9.22.jar
2024-11-07 17:11:43,028 [Worker-17: Launching Executing clean in C__dev_proj_plant_workapace-plant_plant] INFO  o.eclipse.m2e.core.internal.Bundles - 	Entry: C:\dev_proj_plant\sts4\plugins\org.eclipse.m2e.maven.runtime_3.9.900.20240824-1409\jars\maven-resolver-transport-http-1.9.22.jar
2024-11-07 17:11:43,028 [Worker-17: Launching Executing clean in C__dev_proj_plant_workapace-plant_plant] INFO  o.eclipse.m2e.core.internal.Bundles - 	Entry: C:\dev_proj_plant\sts4\plugins\org.eclipse.m2e.maven.runtime_3.9.900.20240824-1409\jars\maven-resolver-transport-wagon-1.9.22.jar
2024-11-07 17:11:43,028 [Worker-17: Launching Executing clean in C__dev_proj_plant_workapace-plant_plant] INFO  o.eclipse.m2e.core.internal.Bundles - 	Entry: C:\dev_proj_plant\sts4\plugins\org.eclipse.m2e.maven.runtime_3.9.900.20240824-1409\jars\maven-resolver-util-1.9.22.jar
2024-11-07 17:11:43,028 [Worker-17: Launching Executing clean in C__dev_proj_plant_workapace-plant_plant] INFO  o.eclipse.m2e.core.internal.Bundles - 	Entry: C:\dev_proj_plant\sts4\plugins\org.eclipse.m2e.maven.runtime_3.9.900.20240824-1409\jars\maven-settings-3.9.9.jar
2024-11-07 17:11:43,028 [Worker-17: Launching Executing clean in C__dev_proj_plant_workapace-plant_plant] INFO  o.eclipse.m2e.core.internal.Bundles - 	Entry: C:\dev_proj_plant\sts4\plugins\org.eclipse.m2e.maven.runtime_3.9.900.20240824-1409\jars\maven-settings-builder-3.9.9.jar
2024-11-07 17:11:43,028 [Worker-17: Launching Executing clean in C__dev_proj_plant_workapace-plant_plant] INFO  o.eclipse.m2e.core.internal.Bundles - 	Entry: C:\dev_proj_plant\sts4\plugins\org.eclipse.m2e.maven.runtime_3.9.900.20240824-1409\jars\maven-shared-utils-3.4.2.jar
2024-11-07 17:11:43,028 [Worker-17: Launching Executing clean in C__dev_proj_plant_workapace-plant_plant] INFO  o.eclipse.m2e.core.internal.Bundles - 	Entry: C:\dev_proj_plant\sts4\plugins\org.eclipse.m2e.maven.runtime_3.9.900.20240824-1409\jars\org.eclipse.sisu.inject-0.9.0.M3.jar
2024-11-07 17:11:43,028 [Worker-17: Launching Executing clean in C__dev_proj_plant_workapace-plant_plant] INFO  o.eclipse.m2e.core.internal.Bundles - 	Entry: C:\dev_proj_plant\sts4\plugins\org.eclipse.m2e.maven.runtime_3.9.900.20240824-1409\jars\org.eclipse.sisu.plexus-0.9.0.M3.jar
2024-11-07 17:11:43,028 [Worker-17: Launching Executing clean in C__dev_proj_plant_workapace-plant_plant] INFO  o.eclipse.m2e.core.internal.Bundles - 	Entry: C:\dev_proj_plant\sts4\plugins\org.eclipse.m2e.maven.runtime_3.9.900.20240824-1409\jars\plexus-build-api-0.0.7.jar
2024-11-07 17:11:43,028 [Worker-17: Launching Executing clean in C__dev_proj_plant_workapace-plant_plant] INFO  o.eclipse.m2e.core.internal.Bundles - 	Entry: C:\dev_proj_plant\sts4\plugins\org.eclipse.m2e.maven.runtime_3.9.900.20240824-1409\jars\plexus-build-api-1.2.0.jar
2024-11-07 17:11:43,029 [Worker-17: Launching Executing clean in C__dev_proj_plant_workapace-plant_plant] INFO  o.eclipse.m2e.core.internal.Bundles - 	Entry: C:\dev_proj_plant\sts4\plugins\org.eclipse.m2e.maven.runtime_3.9.900.20240824-1409\jars\plexus-cipher-2.0.jar
2024-11-07 17:11:43,029 [Worker-17: Launching Executing clean in C__dev_proj_plant_workapace-plant_plant] INFO  o.eclipse.m2e.core.internal.Bundles - 	Entry: C:\dev_proj_plant\sts4\plugins\org.eclipse.m2e.maven.runtime_3.9.900.20240824-1409\jars\plexus-classworlds-2.8.0.jar
2024-11-07 17:11:43,029 [Worker-17: Launching Executing clean in C__dev_proj_plant_workapace-plant_plant] INFO  o.eclipse.m2e.core.internal.Bundles - 	Entry: C:\dev_proj_plant\sts4\plugins\org.eclipse.m2e.maven.runtime_3.9.900.20240824-1409\jars\plexus-component-annotations-2.1.0.jar
2024-11-07 17:11:43,029 [Worker-17: Launching Executing clean in C__dev_proj_plant_workapace-plant_plant] INFO  o.eclipse.m2e.core.internal.Bundles - 	Entry: C:\dev_proj_plant\sts4\plugins\org.eclipse.m2e.maven.runtime_3.9.900.20240824-1409\jars\plexus-interpolation-1.27.jar
2024-11-07 17:11:43,029 [Worker-17: Launching Executing clean in C__dev_proj_plant_workapace-plant_plant] INFO  o.eclipse.m2e.core.internal.Bundles - 	Entry: C:\dev_proj_plant\sts4\plugins\org.eclipse.m2e.maven.runtime_3.9.900.20240824-1409\jars\plexus-sec-dispatcher-2.0.jar
2024-11-07 17:11:43,029 [Worker-17: Launching Executing clean in C__dev_proj_plant_workapace-plant_plant] INFO  o.eclipse.m2e.core.internal.Bundles - 	Entry: C:\dev_proj_plant\sts4\plugins\org.eclipse.m2e.maven.runtime_3.9.900.20240824-1409\jars\plexus-utils-3.5.1.jar
2024-11-07 17:11:43,029 [Worker-17: Launching Executing clean in C__dev_proj_plant_workapace-plant_plant] INFO  o.eclipse.m2e.core.internal.Bundles - 	Entry: C:\dev_proj_plant\sts4\plugins\org.eclipse.m2e.maven.runtime_3.9.900.20240824-1409\jars\plexus-xml-3.0.1.jar
2024-11-07 17:11:43,029 [Worker-17: Launching Executing clean in C__dev_proj_plant_workapace-plant_plant] INFO  o.eclipse.m2e.core.internal.Bundles - 	Entry: C:\dev_proj_plant\sts4\plugins\org.eclipse.m2e.maven.runtime_3.9.900.20240824-1409\jars\wagon-file-3.5.3.jar
2024-11-07 17:11:43,029 [Worker-17: Launching Executing clean in C__dev_proj_plant_workapace-plant_plant] INFO  o.eclipse.m2e.core.internal.Bundles - 	Entry: C:\dev_proj_plant\sts4\plugins\org.eclipse.m2e.maven.runtime_3.9.900.20240824-1409\jars\wagon-http-3.5.3.jar
2024-11-07 17:11:43,029 [Worker-17: Launching Executing clean in C__dev_proj_plant_workapace-plant_plant] INFO  o.eclipse.m2e.core.internal.Bundles - 	Entry: C:\dev_proj_plant\sts4\plugins\org.eclipse.m2e.maven.runtime_3.9.900.20240824-1409\jars\wagon-http-shared-3.5.3.jar
2024-11-07 17:11:43,029 [Worker-17: Launching Executing clean in C__dev_proj_plant_workapace-plant_plant] INFO  o.eclipse.m2e.core.internal.Bundles - 	Entry: C:\dev_proj_plant\sts4\plugins\org.eclipse.m2e.maven.runtime_3.9.900.20240824-1409\jars\wagon-provider-api-3.5.3.jar
2024-11-07 17:11:43,030 [Worker-17: Launching Executing clean in C__dev_proj_plant_workapace-plant_plant] INFO  o.eclipse.m2e.core.internal.Bundles - getClasspathEntries(Bundle=com.google.guava_33.3.0.jre [29])
2024-11-07 17:11:43,030 [Worker-17: Launching Executing clean in C__dev_proj_plant_workapace-plant_plant] INFO  o.eclipse.m2e.core.internal.Bundles - 	Entry: C:\dev_proj_plant\sts4\plugins\com.google.guava_33.3.0.jre.jar
2024-11-07 17:11:43,030 [Worker-17: Launching Executing clean in C__dev_proj_plant_workapace-plant_plant] INFO  o.eclipse.m2e.core.internal.Bundles - getClasspathEntries(Bundle=slf4j.api_2.0.16 [593])
2024-11-07 17:11:43,030 [Worker-17: Launching Executing clean in C__dev_proj_plant_workapace-plant_plant] INFO  o.eclipse.m2e.core.internal.Bundles - 	Entry: C:\dev_proj_plant\sts4\plugins\slf4j.api_2.0.16.jar
2024-11-07 17:11:43,030 [Worker-17: Launching Executing clean in C__dev_proj_plant_workapace-plant_plant] INFO  o.eclipse.m2e.core.internal.Bundles - getClasspathEntries(Bundle=jakarta.inject.jakarta.inject-api_1.0.5 [45])
2024-11-07 17:11:43,030 [Worker-17: Launching Executing clean in C__dev_proj_plant_workapace-plant_plant] INFO  o.eclipse.m2e.core.internal.Bundles - 	Entry: C:\dev_proj_plant\sts4\plugins\jakarta.inject.jakarta.inject-api_1.0.5.jar
2024-11-07 17:11:43,030 [Worker-17: Launching Executing clean in C__dev_proj_plant_workapace-plant_plant] INFO  o.eclipse.m2e.core.internal.Bundles - getClasspathEntries(Bundle=jakarta.annotation-api_1.3.5 [41])
2024-11-07 17:11:43,030 [Worker-17: Launching Executing clean in C__dev_proj_plant_workapace-plant_plant] INFO  o.eclipse.m2e.core.internal.Bundles - 	Entry: C:\dev_proj_plant\sts4\plugins\jakarta.annotation-api_1.3.5.jar
2024-11-07 17:11:43,030 [Worker-17: Launching Executing clean in C__dev_proj_plant_workapace-plant_plant] INFO  o.eclipse.m2e.core.internal.Bundles - getClasspathEntries(Bundle=org.apache.commons.cli_1.9.0 [77])
2024-11-07 17:11:43,031 [Worker-17: Launching Executing clean in C__dev_proj_plant_workapace-plant_plant] INFO  o.eclipse.m2e.core.internal.Bundles - 	Entry: C:\dev_proj_plant\sts4\plugins\org.apache.commons.cli_1.9.0.jar
2024-11-07 17:11:43,031 [Worker-17: Launching Executing clean in C__dev_proj_plant_workapace-plant_plant] INFO  o.eclipse.m2e.core.internal.Bundles - getClasspathEntries(Bundle=org.apache.commons.commons-codec_1.16.0 [80])
2024-11-07 17:11:43,031 [Worker-17: Launching Executing clean in C__dev_proj_plant_workapace-plant_plant] INFO  o.eclipse.m2e.core.internal.Bundles - 	Entry: C:\dev_proj_plant\sts4\plugins\org.apache.commons.commons-codec_1.16.0.jar
2024-11-07 17:11:43,031 [Worker-17: Launching Executing clean in C__dev_proj_plant_workapace-plant_plant] INFO  o.eclipse.m2e.core.internal.Bundles - getClasspathEntries(Bundle=com.google.guava.failureaccess_1.0.2 [30])
2024-11-07 17:11:43,031 [Worker-17: Launching Executing clean in C__dev_proj_plant_workapace-plant_plant] INFO  o.eclipse.m2e.core.internal.Bundles - 	Entry: C:\dev_proj_plant\sts4\plugins\com.google.guava.failureaccess_1.0.2.jar
2024-11-07 17:11:43,033 [Worker-17: Launching Executing clean in C__dev_proj_plant_workapace-plant_plant] INFO  o.e.m.i.launch.MavenLaunchDelegate - Run build in "C:\dev_proj_plant\workapace-plant\plant":
2024-11-07 17:11:43,034 [Worker-17: Launching Executing clean in C__dev_proj_plant_workapace-plant_plant] INFO  o.e.m.i.launch.MavenLaunchDelegate -  mvn  -Ppom.xml -B -Dstyle.color=always clean
2024-11-07 17:11:44,544 [Worker-20: Building] INFO  o.a.m.s.f.DefaultMavenResourcesFiltering - Copying 1 resource from src\main\resources to target\classes
2024-11-07 17:11:44,545 [Worker-20: Building] INFO  o.a.m.s.f.DefaultMavenResourcesFiltering - Copying 5 resources from src\main\resources to target\classes
2024-11-07 17:11:44,551 [Worker-20: Building] INFO  o.a.m.s.f.DefaultMavenResourcesFiltering - skip non existing resourceDirectory C:\dev_proj_plant\workapace-plant\plant\src\test\resources
2024-11-07 17:12:12,805 [Worker-19: Building] INFO  o.a.m.s.f.DefaultMavenResourcesFiltering - Copying 0 resource from src\main\resources to target\classes
2024-11-07 17:12:12,806 [Worker-19: Building] INFO  o.a.m.s.f.DefaultMavenResourcesFiltering - Copying 1 resource from src\main\resources to target\classes
2024-11-07 17:12:12,809 [Worker-19: Building] INFO  o.a.m.s.f.DefaultMavenResourcesFiltering - skip non existing resourceDirectory C:\dev_proj_plant\workapace-plant\plant\src\test\resources
2024-11-07 17:12:36,192 [Worker-19: Launching Executing install in C__dev_proj_plant_workapace-plant_plant] INFO  o.eclipse.m2e.core.internal.Bundles - getClasspathEntries(Bundle=org.eclipse.m2e.maven.runtime_3.9.900.20240824-1409 [360])
2024-11-07 17:12:36,192 [Worker-19: Launching Executing install in C__dev_proj_plant_workapace-plant_plant] INFO  o.eclipse.m2e.core.internal.Bundles - 	Entry: C:\dev_proj_plant\sts4\plugins\org.eclipse.m2e.maven.runtime_3.9.900.20240824-1409
2024-11-07 17:12:36,192 [Worker-19: Launching Executing install in C__dev_proj_plant_workapace-plant_plant] INFO  o.eclipse.m2e.core.internal.Bundles - 	Entry: C:\dev_proj_plant\sts4\plugins\org.eclipse.m2e.maven.runtime_3.9.900.20240824-1409\jars\aopalliance-1.0.jar
2024-11-07 17:12:36,192 [Worker-19: Launching Executing install in C__dev_proj_plant_workapace-plant_plant] INFO  o.eclipse.m2e.core.internal.Bundles - 	Entry: C:\dev_proj_plant\sts4\plugins\org.eclipse.m2e.maven.runtime_3.9.900.20240824-1409\jars\guice-5.1.0.jar
2024-11-07 17:12:36,192 [Worker-19: Launching Executing install in C__dev_proj_plant_workapace-plant_plant] INFO  o.eclipse.m2e.core.internal.Bundles - 	Entry: C:\dev_proj_plant\sts4\plugins\org.eclipse.m2e.maven.runtime_3.9.900.20240824-1409\jars\httpclient-4.5.14.jar
2024-11-07 17:12:36,192 [Worker-19: Launching Executing install in C__dev_proj_plant_workapace-plant_plant] INFO  o.eclipse.m2e.core.internal.Bundles - 	Entry: C:\dev_proj_plant\sts4\plugins\org.eclipse.m2e.maven.runtime_3.9.900.20240824-1409\jars\httpcore-4.4.16.jar
2024-11-07 17:12:36,192 [Worker-19: Launching Executing install in C__dev_proj_plant_workapace-plant_plant] INFO  o.eclipse.m2e.core.internal.Bundles - 	Entry: C:\dev_proj_plant\sts4\plugins\org.eclipse.m2e.maven.runtime_3.9.900.20240824-1409\jars\jansi-2.4.1.jar
2024-11-07 17:12:36,193 [Worker-19: Launching Executing install in C__dev_proj_plant_workapace-plant_plant] INFO  o.eclipse.m2e.core.internal.Bundles - 	Entry: C:\dev_proj_plant\sts4\plugins\org.eclipse.m2e.maven.runtime_3.9.900.20240824-1409\jars\jcl-over-slf4j-1.7.36.jar
2024-11-07 17:12:36,193 [Worker-19: Launching Executing install in C__dev_proj_plant_workapace-plant_plant] INFO  o.eclipse.m2e.core.internal.Bundles - 	Entry: C:\dev_proj_plant\sts4\plugins\org.eclipse.m2e.maven.runtime_3.9.900.20240824-1409\jars\maven-artifact-3.9.9.jar
2024-11-07 17:12:36,193 [Worker-19: Launching Executing install in C__dev_proj_plant_workapace-plant_plant] INFO  o.eclipse.m2e.core.internal.Bundles - 	Entry: C:\dev_proj_plant\sts4\plugins\org.eclipse.m2e.maven.runtime_3.9.900.20240824-1409\jars\maven-builder-support-3.9.9.jar
2024-11-07 17:12:36,193 [Worker-19: Launching Executing install in C__dev_proj_plant_workapace-plant_plant] INFO  o.eclipse.m2e.core.internal.Bundles - 	Entry: C:\dev_proj_plant\sts4\plugins\org.eclipse.m2e.maven.runtime_3.9.900.20240824-1409\jars\maven-compat-3.9.9.jar
2024-11-07 17:12:36,193 [Worker-19: Launching Executing install in C__dev_proj_plant_workapace-plant_plant] INFO  o.eclipse.m2e.core.internal.Bundles - 	Entry: C:\dev_proj_plant\sts4\plugins\org.eclipse.m2e.maven.runtime_3.9.900.20240824-1409\jars\maven-core-3.9.9.jar
2024-11-07 17:12:36,193 [Worker-19: Launching Executing install in C__dev_proj_plant_workapace-plant_plant] INFO  o.eclipse.m2e.core.internal.Bundles - 	Entry: C:\dev_proj_plant\sts4\plugins\org.eclipse.m2e.maven.runtime_3.9.900.20240824-1409\jars\maven-embedder-3.9.9.jar
2024-11-07 17:12:36,193 [Worker-19: Launching Executing install in C__dev_proj_plant_workapace-plant_plant] INFO  o.eclipse.m2e.core.internal.Bundles - 	Entry: C:\dev_proj_plant\sts4\plugins\org.eclipse.m2e.maven.runtime_3.9.900.20240824-1409\jars\maven-model-3.9.9.jar
2024-11-07 17:12:36,193 [Worker-19: Launching Executing install in C__dev_proj_plant_workapace-plant_plant] INFO  o.eclipse.m2e.core.internal.Bundles - 	Entry: C:\dev_proj_plant\sts4\plugins\org.eclipse.m2e.maven.runtime_3.9.900.20240824-1409\jars\maven-model-builder-3.9.9.jar
2024-11-07 17:12:36,193 [Worker-19: Launching Executing install in C__dev_proj_plant_workapace-plant_plant] INFO  o.eclipse.m2e.core.internal.Bundles - 	Entry: C:\dev_proj_plant\sts4\plugins\org.eclipse.m2e.maven.runtime_3.9.900.20240824-1409\jars\maven-plugin-api-3.9.9.jar
2024-11-07 17:12:36,193 [Worker-19: Launching Executing install in C__dev_proj_plant_workapace-plant_plant] INFO  o.eclipse.m2e.core.internal.Bundles - 	Entry: C:\dev_proj_plant\sts4\plugins\org.eclipse.m2e.maven.runtime_3.9.900.20240824-1409\jars\maven-repository-metadata-3.9.9.jar
2024-11-07 17:12:36,193 [Worker-19: Launching Executing install in C__dev_proj_plant_workapace-plant_plant] INFO  o.eclipse.m2e.core.internal.Bundles - 	Entry: C:\dev_proj_plant\sts4\plugins\org.eclipse.m2e.maven.runtime_3.9.900.20240824-1409\jars\maven-resolver-api-1.9.22.jar
2024-11-07 17:12:36,193 [Worker-19: Launching Executing install in C__dev_proj_plant_workapace-plant_plant] INFO  o.eclipse.m2e.core.internal.Bundles - 	Entry: C:\dev_proj_plant\sts4\plugins\org.eclipse.m2e.maven.runtime_3.9.900.20240824-1409\jars\maven-resolver-connector-basic-1.9.22.jar
2024-11-07 17:12:36,193 [Worker-19: Launching Executing install in C__dev_proj_plant_workapace-plant_plant] INFO  o.eclipse.m2e.core.internal.Bundles - 	Entry: C:\dev_proj_plant\sts4\plugins\org.eclipse.m2e.maven.runtime_3.9.900.20240824-1409\jars\maven-resolver-impl-1.9.22.jar
2024-11-07 17:12:36,193 [Worker-19: Launching Executing install in C__dev_proj_plant_workapace-plant_plant] INFO  o.eclipse.m2e.core.internal.Bundles - 	Entry: C:\dev_proj_plant\sts4\plugins\org.eclipse.m2e.maven.runtime_3.9.900.20240824-1409\jars\maven-resolver-named-locks-1.9.22.jar
2024-11-07 17:12:36,193 [Worker-19: Launching Executing install in C__dev_proj_plant_workapace-plant_plant] INFO  o.eclipse.m2e.core.internal.Bundles - 	Entry: C:\dev_proj_plant\sts4\plugins\org.eclipse.m2e.maven.runtime_3.9.900.20240824-1409\jars\maven-resolver-provider-3.9.9.jar
2024-11-07 17:12:36,193 [Worker-19: Launching Executing install in C__dev_proj_plant_workapace-plant_plant] INFO  o.eclipse.m2e.core.internal.Bundles - 	Entry: C:\dev_proj_plant\sts4\plugins\org.eclipse.m2e.maven.runtime_3.9.900.20240824-1409\jars\maven-resolver-spi-1.9.22.jar
2024-11-07 17:12:36,193 [Worker-19: Launching Executing install in C__dev_proj_plant_workapace-plant_plant] INFO  o.eclipse.m2e.core.internal.Bundles - 	Entry: C:\dev_proj_plant\sts4\plugins\org.eclipse.m2e.maven.runtime_3.9.900.20240824-1409\jars\maven-resolver-transport-file-1.9.22.jar
2024-11-07 17:12:36,193 [Worker-19: Launching Executing install in C__dev_proj_plant_workapace-plant_plant] INFO  o.eclipse.m2e.core.internal.Bundles - 	Entry: C:\dev_proj_plant\sts4\plugins\org.eclipse.m2e.maven.runtime_3.9.900.20240824-1409\jars\maven-resolver-transport-http-1.9.22.jar
2024-11-07 17:12:36,194 [Worker-19: Launching Executing install in C__dev_proj_plant_workapace-plant_plant] INFO  o.eclipse.m2e.core.internal.Bundles - 	Entry: C:\dev_proj_plant\sts4\plugins\org.eclipse.m2e.maven.runtime_3.9.900.20240824-1409\jars\maven-resolver-transport-wagon-1.9.22.jar
2024-11-07 17:12:36,194 [Worker-19: Launching Executing install in C__dev_proj_plant_workapace-plant_plant] INFO  o.eclipse.m2e.core.internal.Bundles - 	Entry: C:\dev_proj_plant\sts4\plugins\org.eclipse.m2e.maven.runtime_3.9.900.20240824-1409\jars\maven-resolver-util-1.9.22.jar
2024-11-07 17:12:36,194 [Worker-19: Launching Executing install in C__dev_proj_plant_workapace-plant_plant] INFO  o.eclipse.m2e.core.internal.Bundles - 	Entry: C:\dev_proj_plant\sts4\plugins\org.eclipse.m2e.maven.runtime_3.9.900.20240824-1409\jars\maven-settings-3.9.9.jar
2024-11-07 17:12:36,194 [Worker-19: Launching Executing install in C__dev_proj_plant_workapace-plant_plant] INFO  o.eclipse.m2e.core.internal.Bundles - 	Entry: C:\dev_proj_plant\sts4\plugins\org.eclipse.m2e.maven.runtime_3.9.900.20240824-1409\jars\maven-settings-builder-3.9.9.jar
2024-11-07 17:12:36,194 [Worker-19: Launching Executing install in C__dev_proj_plant_workapace-plant_plant] INFO  o.eclipse.m2e.core.internal.Bundles - 	Entry: C:\dev_proj_plant\sts4\plugins\org.eclipse.m2e.maven.runtime_3.9.900.20240824-1409\jars\maven-shared-utils-3.4.2.jar
2024-11-07 17:12:36,194 [Worker-19: Launching Executing install in C__dev_proj_plant_workapace-plant_plant] INFO  o.eclipse.m2e.core.internal.Bundles - 	Entry: C:\dev_proj_plant\sts4\plugins\org.eclipse.m2e.maven.runtime_3.9.900.20240824-1409\jars\org.eclipse.sisu.inject-0.9.0.M3.jar
2024-11-07 17:12:36,194 [Worker-19: Launching Executing install in C__dev_proj_plant_workapace-plant_plant] INFO  o.eclipse.m2e.core.internal.Bundles - 	Entry: C:\dev_proj_plant\sts4\plugins\org.eclipse.m2e.maven.runtime_3.9.900.20240824-1409\jars\org.eclipse.sisu.plexus-0.9.0.M3.jar
2024-11-07 17:12:36,194 [Worker-19: Launching Executing install in C__dev_proj_plant_workapace-plant_plant] INFO  o.eclipse.m2e.core.internal.Bundles - 	Entry: C:\dev_proj_plant\sts4\plugins\org.eclipse.m2e.maven.runtime_3.9.900.20240824-1409\jars\plexus-build-api-0.0.7.jar
2024-11-07 17:12:36,194 [Worker-19: Launching Executing install in C__dev_proj_plant_workapace-plant_plant] INFO  o.eclipse.m2e.core.internal.Bundles - 	Entry: C:\dev_proj_plant\sts4\plugins\org.eclipse.m2e.maven.runtime_3.9.900.20240824-1409\jars\plexus-build-api-1.2.0.jar
2024-11-07 17:12:36,194 [Worker-19: Launching Executing install in C__dev_proj_plant_workapace-plant_plant] INFO  o.eclipse.m2e.core.internal.Bundles - 	Entry: C:\dev_proj_plant\sts4\plugins\org.eclipse.m2e.maven.runtime_3.9.900.20240824-1409\jars\plexus-cipher-2.0.jar
2024-11-07 17:12:36,194 [Worker-19: Launching Executing install in C__dev_proj_plant_workapace-plant_plant] INFO  o.eclipse.m2e.core.internal.Bundles - 	Entry: C:\dev_proj_plant\sts4\plugins\org.eclipse.m2e.maven.runtime_3.9.900.20240824-1409\jars\plexus-classworlds-2.8.0.jar
2024-11-07 17:12:36,194 [Worker-19: Launching Executing install in C__dev_proj_plant_workapace-plant_plant] INFO  o.eclipse.m2e.core.internal.Bundles - 	Entry: C:\dev_proj_plant\sts4\plugins\org.eclipse.m2e.maven.runtime_3.9.900.20240824-1409\jars\plexus-component-annotations-2.1.0.jar
2024-11-07 17:12:36,194 [Worker-19: Launching Executing install in C__dev_proj_plant_workapace-plant_plant] INFO  o.eclipse.m2e.core.internal.Bundles - 	Entry: C:\dev_proj_plant\sts4\plugins\org.eclipse.m2e.maven.runtime_3.9.900.20240824-1409\jars\plexus-interpolation-1.27.jar
2024-11-07 17:12:36,194 [Worker-19: Launching Executing install in C__dev_proj_plant_workapace-plant_plant] INFO  o.eclipse.m2e.core.internal.Bundles - 	Entry: C:\dev_proj_plant\sts4\plugins\org.eclipse.m2e.maven.runtime_3.9.900.20240824-1409\jars\plexus-sec-dispatcher-2.0.jar
2024-11-07 17:12:36,194 [Worker-19: Launching Executing install in C__dev_proj_plant_workapace-plant_plant] INFO  o.eclipse.m2e.core.internal.Bundles - 	Entry: C:\dev_proj_plant\sts4\plugins\org.eclipse.m2e.maven.runtime_3.9.900.20240824-1409\jars\plexus-utils-3.5.1.jar
2024-11-07 17:12:36,194 [Worker-19: Launching Executing install in C__dev_proj_plant_workapace-plant_plant] INFO  o.eclipse.m2e.core.internal.Bundles - 	Entry: C:\dev_proj_plant\sts4\plugins\org.eclipse.m2e.maven.runtime_3.9.900.20240824-1409\jars\plexus-xml-3.0.1.jar
2024-11-07 17:12:36,194 [Worker-19: Launching Executing install in C__dev_proj_plant_workapace-plant_plant] INFO  o.eclipse.m2e.core.internal.Bundles - 	Entry: C:\dev_proj_plant\sts4\plugins\org.eclipse.m2e.maven.runtime_3.9.900.20240824-1409\jars\wagon-file-3.5.3.jar
2024-11-07 17:12:36,194 [Worker-19: Launching Executing install in C__dev_proj_plant_workapace-plant_plant] INFO  o.eclipse.m2e.core.internal.Bundles - 	Entry: C:\dev_proj_plant\sts4\plugins\org.eclipse.m2e.maven.runtime_3.9.900.20240824-1409\jars\wagon-http-3.5.3.jar
2024-11-07 17:12:36,194 [Worker-19: Launching Executing install in C__dev_proj_plant_workapace-plant_plant] INFO  o.eclipse.m2e.core.internal.Bundles - 	Entry: C:\dev_proj_plant\sts4\plugins\org.eclipse.m2e.maven.runtime_3.9.900.20240824-1409\jars\wagon-http-shared-3.5.3.jar
2024-11-07 17:12:36,194 [Worker-19: Launching Executing install in C__dev_proj_plant_workapace-plant_plant] INFO  o.eclipse.m2e.core.internal.Bundles - 	Entry: C:\dev_proj_plant\sts4\plugins\org.eclipse.m2e.maven.runtime_3.9.900.20240824-1409\jars\wagon-provider-api-3.5.3.jar
2024-11-07 17:12:36,194 [Worker-19: Launching Executing install in C__dev_proj_plant_workapace-plant_plant] INFO  o.eclipse.m2e.core.internal.Bundles - getClasspathEntries(Bundle=com.google.guava_33.3.0.jre [29])
2024-11-07 17:12:36,195 [Worker-19: Launching Executing install in C__dev_proj_plant_workapace-plant_plant] INFO  o.eclipse.m2e.core.internal.Bundles - 	Entry: C:\dev_proj_plant\sts4\plugins\com.google.guava_33.3.0.jre.jar
2024-11-07 17:12:36,195 [Worker-19: Launching Executing install in C__dev_proj_plant_workapace-plant_plant] INFO  o.eclipse.m2e.core.internal.Bundles - getClasspathEntries(Bundle=slf4j.api_2.0.16 [593])
2024-11-07 17:12:36,195 [Worker-19: Launching Executing install in C__dev_proj_plant_workapace-plant_plant] INFO  o.eclipse.m2e.core.internal.Bundles - 	Entry: C:\dev_proj_plant\sts4\plugins\slf4j.api_2.0.16.jar
2024-11-07 17:12:36,195 [Worker-19: Launching Executing install in C__dev_proj_plant_workapace-plant_plant] INFO  o.eclipse.m2e.core.internal.Bundles - getClasspathEntries(Bundle=jakarta.inject.jakarta.inject-api_1.0.5 [45])
2024-11-07 17:12:36,195 [Worker-19: Launching Executing install in C__dev_proj_plant_workapace-plant_plant] INFO  o.eclipse.m2e.core.internal.Bundles - 	Entry: C:\dev_proj_plant\sts4\plugins\jakarta.inject.jakarta.inject-api_1.0.5.jar
2024-11-07 17:12:36,195 [Worker-19: Launching Executing install in C__dev_proj_plant_workapace-plant_plant] INFO  o.eclipse.m2e.core.internal.Bundles - getClasspathEntries(Bundle=jakarta.annotation-api_1.3.5 [41])
2024-11-07 17:12:36,195 [Worker-19: Launching Executing install in C__dev_proj_plant_workapace-plant_plant] INFO  o.eclipse.m2e.core.internal.Bundles - 	Entry: C:\dev_proj_plant\sts4\plugins\jakarta.annotation-api_1.3.5.jar
2024-11-07 17:12:36,195 [Worker-19: Launching Executing install in C__dev_proj_plant_workapace-plant_plant] INFO  o.eclipse.m2e.core.internal.Bundles - getClasspathEntries(Bundle=org.apache.commons.cli_1.9.0 [77])
2024-11-07 17:12:36,195 [Worker-19: Launching Executing install in C__dev_proj_plant_workapace-plant_plant] INFO  o.eclipse.m2e.core.internal.Bundles - 	Entry: C:\dev_proj_plant\sts4\plugins\org.apache.commons.cli_1.9.0.jar
2024-11-07 17:12:36,195 [Worker-19: Launching Executing install in C__dev_proj_plant_workapace-plant_plant] INFO  o.eclipse.m2e.core.internal.Bundles - getClasspathEntries(Bundle=org.apache.commons.commons-codec_1.16.0 [80])
2024-11-07 17:12:36,195 [Worker-19: Launching Executing install in C__dev_proj_plant_workapace-plant_plant] INFO  o.eclipse.m2e.core.internal.Bundles - 	Entry: C:\dev_proj_plant\sts4\plugins\org.apache.commons.commons-codec_1.16.0.jar
2024-11-07 17:12:36,195 [Worker-19: Launching Executing install in C__dev_proj_plant_workapace-plant_plant] INFO  o.eclipse.m2e.core.internal.Bundles - getClasspathEntries(Bundle=com.google.guava.failureaccess_1.0.2 [30])
2024-11-07 17:12:36,195 [Worker-19: Launching Executing install in C__dev_proj_plant_workapace-plant_plant] INFO  o.eclipse.m2e.core.internal.Bundles - 	Entry: C:\dev_proj_plant\sts4\plugins\com.google.guava.failureaccess_1.0.2.jar
2024-11-07 17:12:36,196 [Worker-19: Launching Executing install in C__dev_proj_plant_workapace-plant_plant] INFO  o.e.m.i.launch.MavenLaunchDelegate - Run build in "C:\dev_proj_plant\workapace-plant\plant":
2024-11-07 17:12:36,196 [Worker-19: Launching Executing install in C__dev_proj_plant_workapace-plant_plant] INFO  o.e.m.i.launch.MavenLaunchDelegate -  mvn  -Ppom.xml -B -Dstyle.color=always install
2024-11-07 17:13:21,878 [Worker-18: Building] INFO  o.e.m.c.i.l.LifecycleMappingFactory - Using org.eclipse.m2e.jdt.JarLifecycleMapping lifecycle mapping for MavenProject: com.example:plant:0.0.1-SNAPSHOT @ C:\dev_proj_plant\workapace-plant\plant\pom.xml.
2024-11-07 17:13:22,092 [Worker-18: Building] INFO  o.a.m.s.f.DefaultMavenResourcesFiltering - Copying 0 resource from src\main\resources to target\classes
2024-11-07 17:13:22,093 [Worker-18: Building] INFO  o.a.m.s.f.DefaultMavenResourcesFiltering - Copying 0 resource from src\main\resources to target\classes
2024-11-07 17:13:22,096 [Worker-18: Building] INFO  o.a.m.s.f.DefaultMavenResourcesFiltering - skip non existing resourceDirectory C:\dev_proj_plant\workapace-plant\plant\src\test\resources
2024-11-07 17:13:23,251 [Worker-21: Building] INFO  o.a.m.s.f.DefaultMavenResourcesFiltering - Copying 1 resource from src\main\resources to target\classes
2024-11-07 17:13:23,257 [Worker-21: Building] INFO  o.a.m.s.f.DefaultMavenResourcesFiltering - Copying 5 resources from src\main\resources to target\classes
2024-11-07 17:13:23,262 [Worker-21: Building] INFO  o.a.m.s.f.DefaultMavenResourcesFiltering - skip non existing resourceDirectory C:\dev_proj_plant\workapace-plant\plant\src\test\resources
2024-11-07 17:13:58,536 [Worker-23: Building] INFO  o.e.m.c.i.l.LifecycleMappingFactory - Using org.eclipse.m2e.jdt.JarLifecycleMapping lifecycle mapping for MavenProject: com.example:plant:0.0.1-SNAPSHOT @ C:\dev_proj_plant\workapace-plant\plant\pom.xml.
2024-11-07 17:13:58,730 [Worker-23: Building] INFO  o.a.m.s.f.DefaultMavenResourcesFiltering - Copying 0 resource from src\main\resources to target\classes
2024-11-07 17:13:58,731 [Worker-23: Building] INFO  o.a.m.s.f.DefaultMavenResourcesFiltering - Copying 0 resource from src\main\resources to target\classes
2024-11-07 17:13:58,733 [Worker-23: Building] INFO  o.a.m.s.f.DefaultMavenResourcesFiltering - skip non existing resourceDirectory C:\dev_proj_plant\workapace-plant\plant\src\test\resources
2024-11-07 17:13:59,922 [Worker-23: Building] INFO  o.a.m.s.f.DefaultMavenResourcesFiltering - Copying 1 resource from src\main\resources to target\classes
2024-11-07 17:13:59,928 [Worker-23: Building] INFO  o.a.m.s.f.DefaultMavenResourcesFiltering - Copying 5 resources from src\main\resources to target\classes
2024-11-07 17:13:59,933 [Worker-23: Building] INFO  o.a.m.s.f.DefaultMavenResourcesFiltering - skip non existing resourceDirectory C:\dev_proj_plant\workapace-plant\plant\src\test\resources
2024-11-07 17:14:27,658 [Worker-23: Building] INFO  o.e.m.c.i.l.LifecycleMappingFactory - Using org.eclipse.m2e.jdt.JarLifecycleMapping lifecycle mapping for MavenProject: com.example:plant:0.0.1-SNAPSHOT @ C:\dev_proj_plant\workapace-plant\plant\pom.xml.
2024-11-07 17:14:27,859 [Worker-23: Building] INFO  o.a.m.s.f.DefaultMavenResourcesFiltering - Copying 0 resource from src\main\resources to target\classes
2024-11-07 17:14:27,860 [Worker-23: Building] INFO  o.a.m.s.f.DefaultMavenResourcesFiltering - Copying 0 resource from src\main\resources to target\classes
2024-11-07 17:14:27,862 [Worker-23: Building] INFO  o.a.m.s.f.DefaultMavenResourcesFiltering - skip non existing resourceDirectory C:\dev_proj_plant\workapace-plant\plant\src\test\resources
2024-11-07 17:17:54,426 [Worker-24: Building] INFO  o.a.m.s.f.DefaultMavenResourcesFiltering - Copying 0 resource from src\main\resources to target\classes
2024-11-07 17:17:54,427 [Worker-24: Building] INFO  o.a.m.s.f.DefaultMavenResourcesFiltering - Copying 1 resource from src\main\resources to target\classes
2024-11-07 17:17:54,430 [Worker-24: Building] INFO  o.a.m.s.f.DefaultMavenResourcesFiltering - skip non existing resourceDirectory C:\dev_proj_plant\workapace-plant\plant\src\test\resources
2024-11-07 17:18:08,174 [Worker-24: Building] INFO  o.a.m.s.f.DefaultMavenResourcesFiltering - Copying 0 resource from src\main\resources to target\classes
2024-11-07 17:18:08,175 [Worker-24: Building] INFO  o.a.m.s.f.DefaultMavenResourcesFiltering - Copying 1 resource from src\main\resources to target\classes
2024-11-07 17:18:08,178 [Worker-24: Building] INFO  o.a.m.s.f.DefaultMavenResourcesFiltering - skip non existing resourceDirectory C:\dev_proj_plant\workapace-plant\plant\src\test\resources
2024-11-07 17:18:20,638 [Worker-25: Building] INFO  o.a.m.s.f.DefaultMavenResourcesFiltering - Copying 0 resource from src\main\resources to target\classes
2024-11-07 17:18:20,639 [Worker-25: Building] INFO  o.a.m.s.f.DefaultMavenResourcesFiltering - Copying 1 resource from src\main\resources to target\classes
2024-11-07 17:18:20,641 [Worker-25: Building] INFO  o.a.m.s.f.DefaultMavenResourcesFiltering - skip non existing resourceDirectory C:\dev_proj_plant\workapace-plant\plant\src\test\resources
2024-11-07 17:18:39,680 [Worker-26: Building] INFO  o.a.m.s.f.DefaultMavenResourcesFiltering - Copying 0 resource from src\main\resources to target\classes
2024-11-07 17:18:39,680 [Worker-26: Building] INFO  o.a.m.s.f.DefaultMavenResourcesFiltering - Copying 1 resource from src\main\resources to target\classes
2024-11-07 17:18:39,682 [Worker-26: Building] INFO  o.a.m.s.f.DefaultMavenResourcesFiltering - skip non existing resourceDirectory C:\dev_proj_plant\workapace-plant\plant\src\test\resources
2024-11-07 17:19:12,874 [Worker-28: Building] INFO  o.a.m.s.f.DefaultMavenResourcesFiltering - Copying 0 resource from src\main\resources to target\classes
2024-11-07 17:19:12,875 [Worker-28: Building] INFO  o.a.m.s.f.DefaultMavenResourcesFiltering - Copying 1 resource from src\main\resources to target\classes
2024-11-07 17:19:12,877 [Worker-28: Building] INFO  o.a.m.s.f.DefaultMavenResourcesFiltering - skip non existing resourceDirectory C:\dev_proj_plant\workapace-plant\plant\src\test\resources
2024-11-07 17:19:18,583 [Worker-12: Building] INFO  o.a.m.s.f.DefaultMavenResourcesFiltering - Copying 0 resource from src\main\resources to target\classes
2024-11-07 17:19:18,583 [Worker-12: Building] INFO  o.a.m.s.f.DefaultMavenResourcesFiltering - Copying 1 resource from src\main\resources to target\classes
2024-11-07 17:19:18,585 [Worker-12: Building] INFO  o.a.m.s.f.DefaultMavenResourcesFiltering - skip non existing resourceDirectory C:\dev_proj_plant\workapace-plant\plant\src\test\resources
2024-11-07 17:19:33,686 [Worker-25: Building] INFO  o.a.m.s.f.DefaultMavenResourcesFiltering - Copying 0 resource from src\main\resources to target\classes
2024-11-07 17:19:33,687 [Worker-25: Building] INFO  o.a.m.s.f.DefaultMavenResourcesFiltering - Copying 1 resource from src\main\resources to target\classes
2024-11-07 17:19:33,690 [Worker-25: Building] INFO  o.a.m.s.f.DefaultMavenResourcesFiltering - skip non existing resourceDirectory C:\dev_proj_plant\workapace-plant\plant\src\test\resources
2024-11-07 17:19:46,742 [Worker-24: Building] INFO  o.a.m.s.f.DefaultMavenResourcesFiltering - Copying 0 resource from src\main\resources to target\classes
2024-11-07 17:19:46,742 [Worker-24: Building] INFO  o.a.m.s.f.DefaultMavenResourcesFiltering - Copying 1 resource from src\main\resources to target\classes
2024-11-07 17:19:46,744 [Worker-24: Building] INFO  o.a.m.s.f.DefaultMavenResourcesFiltering - skip non existing resourceDirectory C:\dev_proj_plant\workapace-plant\plant\src\test\resources
2024-11-07 17:21:07,439 [Worker-24: Building] INFO  o.a.m.s.f.DefaultMavenResourcesFiltering - Copying 1 resource from src\main\resources to target\classes
2024-11-07 17:21:07,466 [Worker-24: Building] INFO  o.a.m.s.f.DefaultMavenResourcesFiltering - Copying 0 resource from src\main\resources to target\classes
2024-11-07 17:21:07,469 [Worker-24: Building] INFO  o.a.m.s.f.DefaultMavenResourcesFiltering - skip non existing resourceDirectory C:\dev_proj_plant\workapace-plant\plant\src\test\resources
2024-11-07 17:23:27,934 [Worker-27: Building] INFO  o.a.m.s.f.DefaultMavenResourcesFiltering - Copying 0 resource from src\main\resources to target\classes
2024-11-07 17:23:27,935 [Worker-27: Building] INFO  o.a.m.s.f.DefaultMavenResourcesFiltering - Copying 1 resource from src\main\resources to target\classes
2024-11-07 17:23:27,937 [Worker-27: Building] INFO  o.a.m.s.f.DefaultMavenResourcesFiltering - skip non existing resourceDirectory C:\dev_proj_plant\workapace-plant\plant\src\test\resources
2024-11-07 17:25:24,305 [Worker-31: Launching plant - PlantApplication] INFO  o.a.m.s.f.DefaultMavenResourcesFiltering - Copying 0 resource from src\main\resources to target\classes
2024-11-07 17:25:24,306 [Worker-31: Launching plant - PlantApplication] INFO  o.a.m.s.f.DefaultMavenResourcesFiltering - Copying 1 resource from src\main\resources to target\classes
2024-11-07 17:25:24,311 [Worker-31: Launching plant - PlantApplication] INFO  o.a.m.s.f.DefaultMavenResourcesFiltering - skip non existing resourceDirectory C:\dev_proj_plant\workapace-plant\plant\src\test\resources
2024-11-07 17:25:39,713 [Worker-34: Building] INFO  o.a.m.s.f.DefaultMavenResourcesFiltering - Copying 0 resource from src\main\resources to target\classes
2024-11-07 17:25:39,714 [Worker-34: Building] INFO  o.a.m.s.f.DefaultMavenResourcesFiltering - Copying 1 resource from src\main\resources to target\classes
2024-11-07 17:25:39,716 [Worker-34: Building] INFO  o.a.m.s.f.DefaultMavenResourcesFiltering - skip non existing resourceDirectory C:\dev_proj_plant\workapace-plant\plant\src\test\resources
2024-11-07 17:27:06,318 [Worker-37: Building] INFO  o.a.m.s.f.DefaultMavenResourcesFiltering - Copying 0 resource from src\main\resources to target\classes
2024-11-07 17:27:06,318 [Worker-37: Building] INFO  o.a.m.s.f.DefaultMavenResourcesFiltering - Copying 1 resource from src\main\resources to target\classes
2024-11-07 17:27:06,320 [Worker-37: Building] INFO  o.a.m.s.f.DefaultMavenResourcesFiltering - skip non existing resourceDirectory C:\dev_proj_plant\workapace-plant\plant\src\test\resources
2024-11-07 17:27:50,675 [Worker-30: Building] INFO  o.a.m.s.f.DefaultMavenResourcesFiltering - Copying 1 resource from src\main\resources to target\classes
2024-11-07 17:27:50,680 [Worker-30: Building] INFO  o.a.m.s.f.DefaultMavenResourcesFiltering - Copying 5 resources from src\main\resources to target\classes
2024-11-07 17:27:50,683 [Worker-30: Building] INFO  o.a.m.s.f.DefaultMavenResourcesFiltering - skip non existing resourceDirectory C:\dev_proj_plant\workapace-plant\plant\src\test\resources
2024-11-07 17:28:32,374 [Worker-35: Building] INFO  o.a.m.s.f.DefaultMavenResourcesFiltering - Copying 0 resource from src\main\resources to target\classes
2024-11-07 17:28:32,375 [Worker-35: Building] INFO  o.a.m.s.f.DefaultMavenResourcesFiltering - Copying 1 resource from src\main\resources to target\classes
2024-11-07 17:28:32,378 [Worker-35: Building] INFO  o.a.m.s.f.DefaultMavenResourcesFiltering - skip non existing resourceDirectory C:\dev_proj_plant\workapace-plant\plant\src\test\resources
2024-11-07 17:28:45,360 [Worker-35: Building] INFO  o.a.m.s.f.DefaultMavenResourcesFiltering - Copying 1 resource from src\main\resources to target\classes
2024-11-07 17:28:45,367 [Worker-35: Building] INFO  o.a.m.s.f.DefaultMavenResourcesFiltering - Copying 5 resources from src\main\resources to target\classes
2024-11-07 17:28:45,369 [Worker-35: Building] INFO  o.a.m.s.f.DefaultMavenResourcesFiltering - skip non existing resourceDirectory C:\dev_proj_plant\workapace-plant\plant\src\test\resources
2024-11-07 17:29:39,672 [Worker-35: Building] INFO  o.a.m.s.f.DefaultMavenResourcesFiltering - Copying 1 resource from src\main\resources to target\classes
2024-11-07 17:29:39,675 [Worker-35: Building] INFO  o.a.m.s.f.DefaultMavenResourcesFiltering - Copying 5 resources from src\main\resources to target\classes
2024-11-07 17:29:39,677 [Worker-35: Building] INFO  o.a.m.s.f.DefaultMavenResourcesFiltering - skip non existing resourceDirectory C:\dev_proj_plant\workapace-plant\plant\src\test\resources
2024-11-07 17:30:04,781 [Worker-37: Building] INFO  o.a.m.s.f.DefaultMavenResourcesFiltering - Copying 0 resource from src\main\resources to target\classes
2024-11-07 17:30:04,782 [Worker-37: Building] INFO  o.a.m.s.f.DefaultMavenResourcesFiltering - Copying 1 resource from src\main\resources to target\classes
2024-11-07 17:30:04,784 [Worker-37: Building] INFO  o.a.m.s.f.DefaultMavenResourcesFiltering - skip non existing resourceDirectory C:\dev_proj_plant\workapace-plant\plant\src\test\resources
2024-11-07 17:30:25,568 [Worker-37: Building] INFO  o.a.m.s.f.DefaultMavenResourcesFiltering - Copying 1 resource from src\main\resources to target\classes
2024-11-07 17:30:25,571 [Worker-37: Building] INFO  o.a.m.s.f.DefaultMavenResourcesFiltering - Copying 5 resources from src\main\resources to target\classes
2024-11-07 17:30:25,573 [Worker-37: Building] INFO  o.a.m.s.f.DefaultMavenResourcesFiltering - skip non existing resourceDirectory C:\dev_proj_plant\workapace-plant\plant\src\test\resources
2024-11-07 17:32:52,909 [Worker-41: Building] INFO  o.a.m.s.f.DefaultMavenResourcesFiltering - Copying 0 resource from src\main\resources to target\classes
2024-11-07 17:32:52,910 [Worker-41: Building] INFO  o.a.m.s.f.DefaultMavenResourcesFiltering - Copying 1 resource from src\main\resources to target\classes
2024-11-07 17:32:52,912 [Worker-41: Building] INFO  o.a.m.s.f.DefaultMavenResourcesFiltering - skip non existing resourceDirectory C:\dev_proj_plant\workapace-plant\plant\src\test\resources
2024-11-07 17:32:56,595 [Worker-38: Launching plant - PlantApplication] INFO  o.a.m.s.f.DefaultMavenResourcesFiltering - Copying 0 resource from src\main\resources to target\classes
2024-11-07 17:32:56,597 [Worker-38: Launching plant - PlantApplication] INFO  o.a.m.s.f.DefaultMavenResourcesFiltering - Copying 1 resource from src\main\resources to target\classes
2024-11-07 17:32:56,600 [Worker-38: Launching plant - PlantApplication] INFO  o.a.m.s.f.DefaultMavenResourcesFiltering - skip non existing resourceDirectory C:\dev_proj_plant\workapace-plant\plant\src\test\resources
2024-11-07 17:33:22,516 [Worker-42: Building] INFO  o.a.m.s.f.DefaultMavenResourcesFiltering - Copying 0 resource from src\main\resources to target\classes
2024-11-07 17:33:22,518 [Worker-42: Building] INFO  o.a.m.s.f.DefaultMavenResourcesFiltering - Copying 1 resource from src\main\resources to target\classes
2024-11-07 17:33:22,520 [Worker-42: Building] INFO  o.a.m.s.f.DefaultMavenResourcesFiltering - skip non existing resourceDirectory C:\dev_proj_plant\workapace-plant\plant\src\test\resources
2024-11-11 09:14:03,227 [Worker-2: Loading available Gradle versions] INFO  o.e.b.c.i.u.g.PublishedGradleVersions - Gradle version information cache is out-of-date. Trying to update.
2024-11-11 09:32:06,615 [Worker-16: Import Getting Started Content] INFO  o.e.m.c.i.l.LifecycleMappingFactory - Using org.eclipse.m2e.jdt.JarLifecycleMapping lifecycle mapping for MavenProject: com.example:plant:0.0.1-SNAPSHOT @ C:\dev_proj_plant\workapace-plant\plant\pom.xml.
2024-11-11 09:32:08,085 [Worker-16: Import Getting Started Content] INFO  o.e.m.j.i.AbstractJavaProjectConfigurator - Adding source folder /plant/src/main/java
2024-11-11 09:32:08,086 [Worker-16: Import Getting Started Content] INFO  o.e.m.j.i.AbstractJavaProjectConfigurator - Adding resource folder /plant/src/main/resources
2024-11-11 09:32:08,091 [Worker-16: Import Getting Started Content] INFO  o.e.m.j.i.AbstractJavaProjectConfigurator - Adding resource folder /plant/src/main/resources
2024-11-11 09:32:08,096 [Worker-16: Import Getting Started Content] INFO  o.e.m.j.i.AbstractJavaProjectConfigurator - Adding source folder /plant/src/test/java
2024-11-11 09:32:08,097 [Worker-16: Import Getting Started Content] INFO  o.e.m.j.i.AbstractJavaProjectConfigurator - Adding resource folder /plant/src/test/resources
2024-11-11 09:32:08,888 [Worker-16: Import Getting Started Content] INFO  o.e.m.c.i.p.ProjectConfigurationManager - Imported and configured 1 project(s) in 3 sec
2024-11-11 09:32:08,890 [Worker-16: Import Getting Started Content] INFO  o.e.m.c.i.p.ProjectConfigurationManager - Update started
2024-11-11 09:32:09,073 [Worker-16: Import Getting Started Content] INFO  o.e.m.c.i.l.LifecycleMappingFactory - Using org.eclipse.m2e.jdt.JarLifecycleMapping lifecycle mapping for MavenProject: com.example:plant:0.0.1-SNAPSHOT @ C:\dev_proj_plant\workapace-plant\plant\pom.xml.
2024-11-11 09:32:09,330 [Worker-16: Import Getting Started Content] INFO  o.e.m.j.i.AbstractJavaProjectConfigurator - Adding source folder /plant/src/main/java
2024-11-11 09:32:09,330 [Worker-16: Import Getting Started Content] INFO  o.e.m.j.i.AbstractJavaProjectConfigurator - Adding resource folder /plant/src/main/resources
2024-11-11 09:32:09,330 [Worker-16: Import Getting Started Content] INFO  o.e.m.j.i.AbstractJavaProjectConfigurator - Adding resource folder /plant/src/main/resources
2024-11-11 09:32:09,331 [Worker-16: Import Getting Started Content] INFO  o.e.m.j.i.AbstractJavaProjectConfigurator - Adding source folder /plant/src/test/java
2024-11-11 09:32:09,331 [Worker-16: Import Getting Started Content] INFO  o.e.m.j.i.AbstractJavaProjectConfigurator - Adding resource folder /plant/src/test/resources
2024-11-11 09:32:09,727 [Worker-16: Import Getting Started Content] INFO  o.e.m.c.i.p.ProjectConfigurationManager - Update completed for 1 poms: local refresh takes 0.00 sec, refresh facades takes 0.00 sec, update config takes 0.00 sec 
2024-11-11 09:32:10,155 [Worker-5: Building] INFO  o.a.m.s.f.DefaultMavenResourcesFiltering - Copying 1 resource from src\main\resources to target\classes
2024-11-11 09:32:10,168 [Worker-5: Building] INFO  o.a.m.s.f.DefaultMavenResourcesFiltering - Copying 0 resource from src\main\resources to target\classes
2024-11-11 09:32:10,171 [Worker-5: Building] INFO  o.a.m.s.f.DefaultMavenResourcesFiltering - skip non existing resourceDirectory C:\dev_proj_plant\workapace-plant\plant\src\test\resources
2024-11-11 09:51:34,254 [Worker-27: Building] INFO  o.a.m.s.f.DefaultMavenResourcesFiltering - Copying 1 resource from src\main\resources to target\classes
2024-11-11 09:51:34,263 [Worker-27: Building] INFO  o.a.m.s.f.DefaultMavenResourcesFiltering - Copying 0 resource from src\main\resources to target\classes
2024-11-11 09:51:34,265 [Worker-27: Building] INFO  o.a.m.s.f.DefaultMavenResourcesFiltering - skip non existing resourceDirectory C:\dev_proj_plant\workapace-plant\plant\src\test\resources
2024-11-11 09:51:38,670 [Worker-30: Building] INFO  o.a.m.s.f.DefaultMavenResourcesFiltering - Copying 1 resource from src\main\resources to target\classes
2024-11-11 09:51:38,676 [Worker-30: Building] INFO  o.a.m.s.f.DefaultMavenResourcesFiltering - Copying 0 resource from src\main\resources to target\classes
2024-11-11 09:51:38,678 [Worker-30: Building] INFO  o.a.m.s.f.DefaultMavenResourcesFiltering - skip non existing resourceDirectory C:\dev_proj_plant\workapace-plant\plant\src\test\resources
2024-11-11 09:53:11,403 [Worker-28: Building] INFO  o.a.m.s.f.DefaultMavenResourcesFiltering - Copying 0 resource from src\main\resources to target\classes
2024-11-11 09:53:11,403 [Worker-28: Building] INFO  o.a.m.s.f.DefaultMavenResourcesFiltering - Copying 1 resource from src\main\resources to target\classes
2024-11-11 09:53:11,406 [Worker-28: Building] INFO  o.a.m.s.f.DefaultMavenResourcesFiltering - skip non existing resourceDirectory C:\dev_proj_plant\workapace-plant\plant\src\test\resources
2024-11-11 09:53:40,943 [Worker-32: Building] INFO  o.a.m.s.f.DefaultMavenResourcesFiltering - Copying 0 resource from src\main\resources to target\classes
2024-11-11 09:53:40,944 [Worker-32: Building] INFO  o.a.m.s.f.DefaultMavenResourcesFiltering - Copying 1 resource from src\main\resources to target\classes
2024-11-11 09:53:40,948 [Worker-32: Building] INFO  o.a.m.s.f.DefaultMavenResourcesFiltering - skip non existing resourceDirectory C:\dev_proj_plant\workapace-plant\plant\src\test\resources
2024-11-11 09:53:45,119 [Worker-17: Building] INFO  o.a.m.s.f.DefaultMavenResourcesFiltering - Copying 0 resource from src\main\resources to target\classes
2024-11-11 09:53:45,120 [Worker-17: Building] INFO  o.a.m.s.f.DefaultMavenResourcesFiltering - Copying 0 resource from src\main\resources to target\classes
2024-11-11 09:53:45,122 [Worker-17: Building] INFO  o.a.m.s.f.DefaultMavenResourcesFiltering - skip non existing resourceDirectory C:\dev_proj_plant\workapace-plant\plant\src\test\resources
2024-11-11 10:02:34,785 [Worker-35: Import Getting Started Content] INFO  o.e.m.c.i.l.LifecycleMappingFactory - Using org.eclipse.m2e.jdt.JarLifecycleMapping lifecycle mapping for MavenProject: com.future:plant:0.0.1-SNAPSHOT @ C:\dev_proj_plant\workapace-plant\plant\pom.xml.
2024-11-11 10:02:35,097 [Worker-35: Import Getting Started Content] INFO  o.e.m.j.i.AbstractJavaProjectConfigurator - Adding source folder /plant/src/main/java
2024-11-11 10:02:35,098 [Worker-35: Import Getting Started Content] INFO  o.e.m.j.i.AbstractJavaProjectConfigurator - Adding resource folder /plant/src/main/resources
2024-11-11 10:02:35,103 [Worker-35: Import Getting Started Content] INFO  o.e.m.j.i.AbstractJavaProjectConfigurator - Adding resource folder /plant/src/main/resources
2024-11-11 10:02:35,108 [Worker-35: Import Getting Started Content] INFO  o.e.m.j.i.AbstractJavaProjectConfigurator - Adding source folder /plant/src/test/java
2024-11-11 10:02:35,108 [Worker-35: Import Getting Started Content] INFO  o.e.m.j.i.AbstractJavaProjectConfigurator - Adding resource folder /plant/src/test/resources
2024-11-11 10:02:35,243 [Worker-35: Import Getting Started Content] INFO  o.e.m.c.i.p.ProjectConfigurationManager - Imported and configured 1 project(s) in 0 sec
2024-11-11 10:02:35,244 [Worker-35: Import Getting Started Content] INFO  o.e.m.c.i.p.ProjectConfigurationManager - Update started
2024-11-11 10:02:35,394 [Worker-35: Import Getting Started Content] INFO  o.e.m.c.i.l.LifecycleMappingFactory - Using org.eclipse.m2e.jdt.JarLifecycleMapping lifecycle mapping for MavenProject: com.future:plant:0.0.1-SNAPSHOT @ C:\dev_proj_plant\workapace-plant\plant\pom.xml.
2024-11-11 10:02:35,590 [Worker-35: Import Getting Started Content] INFO  o.e.m.j.i.AbstractJavaProjectConfigurator - Adding source folder /plant/src/main/java
2024-11-11 10:02:35,590 [Worker-35: Import Getting Started Content] INFO  o.e.m.j.i.AbstractJavaProjectConfigurator - Adding resource folder /plant/src/main/resources
2024-11-11 10:02:35,591 [Worker-35: Import Getting Started Content] INFO  o.e.m.j.i.AbstractJavaProjectConfigurator - Adding resource folder /plant/src/main/resources
2024-11-11 10:02:35,591 [Worker-35: Import Getting Started Content] INFO  o.e.m.j.i.AbstractJavaProjectConfigurator - Adding source folder /plant/src/test/java
2024-11-11 10:02:35,591 [Worker-35: Import Getting Started Content] INFO  o.e.m.j.i.AbstractJavaProjectConfigurator - Adding resource folder /plant/src/test/resources
2024-11-11 10:02:35,779 [Worker-35: Import Getting Started Content] INFO  o.e.m.c.i.p.ProjectConfigurationManager - Update completed for 1 poms: local refresh takes 0.00 sec, refresh facades takes 0.00 sec, update config takes 0.00 sec 
2024-11-11 10:02:36,004 [Worker-37: Building] INFO  o.a.m.s.f.DefaultMavenResourcesFiltering - Copying 1 resource from src\main\resources to target\classes
2024-11-11 10:02:36,011 [Worker-37: Building] INFO  o.a.m.s.f.DefaultMavenResourcesFiltering - Copying 0 resource from src\main\resources to target\classes
2024-11-11 10:02:36,013 [Worker-37: Building] INFO  o.a.m.s.f.DefaultMavenResourcesFiltering - skip non existing resourceDirectory C:\dev_proj_plant\workapace-plant\plant\src\test\resources
2024-11-11 10:03:00,887 [Worker-38: Building] INFO  o.a.m.s.f.DefaultMavenResourcesFiltering - Copying 1 resource from src\main\resources to target\classes
2024-11-11 10:03:00,892 [Worker-38: Building] INFO  o.a.m.s.f.DefaultMavenResourcesFiltering - Copying 0 resource from src\main\resources to target\classes
2024-11-11 10:03:00,893 [Worker-38: Building] INFO  o.a.m.s.f.DefaultMavenResourcesFiltering - skip non existing resourceDirectory C:\dev_proj_plant\workapace-plant\plant\src\test\resources
2024-11-11 10:11:16,773 [Worker-40: Building] INFO  o.a.m.s.f.DefaultMavenResourcesFiltering - Copying 0 resource from src\main\resources to target\classes
2024-11-11 10:11:16,776 [Worker-40: Building] INFO  o.a.m.s.f.DefaultMavenResourcesFiltering - Copying 46 resources from src\main\resources to target\classes
2024-11-11 10:11:16,802 [Worker-40: Building] INFO  o.a.m.s.f.DefaultMavenResourcesFiltering - skip non existing resourceDirectory C:\dev_proj_plant\workapace-plant\plant\src\test\resources
2024-11-11 10:11:54,595 [Worker-41: Building] INFO  o.a.m.s.f.DefaultMavenResourcesFiltering - Copying 0 resource from src\main\resources to target\classes
2024-11-11 10:11:54,598 [Worker-41: Building] INFO  o.a.m.s.f.DefaultMavenResourcesFiltering - Copying 1 resource from src\main\resources to target\classes
2024-11-11 10:11:54,609 [Worker-41: Building] INFO  o.a.m.s.f.DefaultMavenResourcesFiltering - skip non existing resourceDirectory C:\dev_proj_plant\workapace-plant\plant\src\test\resources
2024-11-11 10:14:54,587 [Worker-35: Building] INFO  o.a.m.s.f.DefaultMavenResourcesFiltering - Copying 0 resource from src\main\resources to target\classes
2024-11-11 10:14:54,590 [Worker-35: Building] INFO  o.a.m.s.f.DefaultMavenResourcesFiltering - Copying 1 resource from src\main\resources to target\classes
2024-11-11 10:14:54,592 [Worker-35: Building] INFO  o.a.m.s.f.DefaultMavenResourcesFiltering - skip non existing resourceDirectory C:\dev_proj_plant\workapace-plant\plant\src\test\resources
2024-11-11 10:15:21,197 [Worker-28: Building] INFO  o.a.m.s.f.DefaultMavenResourcesFiltering - Copying 1 resource from src\main\resources to target\classes
2024-11-11 10:15:21,209 [Worker-28: Building] INFO  o.a.m.s.f.DefaultMavenResourcesFiltering - Copying 47 resources from src\main\resources to target\classes
2024-11-11 10:15:21,223 [Worker-28: Building] INFO  o.a.m.s.f.DefaultMavenResourcesFiltering - skip non existing resourceDirectory C:\dev_proj_plant\workapace-plant\plant\src\test\resources
2024-11-11 10:16:05,931 [Worker-35: Building] INFO  o.a.m.s.f.DefaultMavenResourcesFiltering - Copying 1 resource from src\main\resources to target\classes
2024-11-11 10:16:05,938 [Worker-35: Building] INFO  o.a.m.s.f.DefaultMavenResourcesFiltering - Copying 47 resources from src\main\resources to target\classes
2024-11-11 10:16:05,944 [Worker-35: Building] INFO  o.a.m.s.f.DefaultMavenResourcesFiltering - skip non existing resourceDirectory C:\dev_proj_plant\workapace-plant\plant\src\test\resources
2024-11-11 10:16:32,317 [Worker-40: Building] INFO  o.a.m.s.f.DefaultMavenResourcesFiltering - Copying 1 resource from src\main\resources to target\classes
2024-11-11 10:16:32,322 [Worker-40: Building] INFO  o.a.m.s.f.DefaultMavenResourcesFiltering - Copying 47 resources from src\main\resources to target\classes
2024-11-11 10:16:32,331 [Worker-40: Building] INFO  o.a.m.s.f.DefaultMavenResourcesFiltering - skip non existing resourceDirectory C:\dev_proj_plant\workapace-plant\plant\src\test\resources
2024-11-11 10:22:56,630 [Worker-47: Building] INFO  o.a.m.s.f.DefaultMavenResourcesFiltering - Copying 0 resource from src\main\resources to target\classes
2024-11-11 10:22:56,633 [Worker-47: Building] INFO  o.a.m.s.f.DefaultMavenResourcesFiltering - Copying 1 resource from src\main\resources to target\classes
2024-11-11 10:22:56,635 [Worker-47: Building] INFO  o.a.m.s.f.DefaultMavenResourcesFiltering - skip non existing resourceDirectory C:\dev_proj_plant\workapace-plant\plant\src\test\resources
2024-11-11 10:26:36,809 [Worker-51: Building] INFO  o.a.m.s.f.DefaultMavenResourcesFiltering - Copying 0 resource from src\main\resources to target\classes
2024-11-11 10:26:36,812 [Worker-51: Building] INFO  o.a.m.s.f.DefaultMavenResourcesFiltering - Copying 1 resource from src\main\resources to target\classes
2024-11-11 10:26:36,814 [Worker-51: Building] INFO  o.a.m.s.f.DefaultMavenResourcesFiltering - skip non existing resourceDirectory C:\dev_proj_plant\workapace-plant\plant\src\test\resources
2024-11-11 10:36:07,110 [Worker-51: Building] INFO  o.a.m.s.f.DefaultMavenResourcesFiltering - Copying 1 resource from src\main\resources to target\classes
2024-11-11 10:36:07,130 [Worker-51: Building] INFO  o.a.m.s.f.DefaultMavenResourcesFiltering - Copying 0 resource from src\main\resources to target\classes
2024-11-11 10:36:07,132 [Worker-51: Building] INFO  o.a.m.s.f.DefaultMavenResourcesFiltering - skip non existing resourceDirectory C:\dev_proj_plant\workapace-plant\plant\src\test\resources
2024-11-11 10:36:14,309 [Worker-57: Building] INFO  o.a.m.s.f.DefaultMavenResourcesFiltering - Copying 0 resource from src\main\resources to target\classes
2024-11-11 10:36:14,311 [Worker-57: Building] INFO  o.a.m.s.f.DefaultMavenResourcesFiltering - Copying 1 resource from src\main\resources to target\classes
2024-11-11 10:36:14,313 [Worker-57: Building] INFO  o.a.m.s.f.DefaultMavenResourcesFiltering - skip non existing resourceDirectory C:\dev_proj_plant\workapace-plant\plant\src\test\resources
2024-11-11 10:36:16,256 [Worker-59: Building] INFO  o.a.m.s.f.DefaultMavenResourcesFiltering - Copying 0 resource from src\main\resources to target\classes
2024-11-11 10:36:16,259 [Worker-59: Building] INFO  o.a.m.s.f.DefaultMavenResourcesFiltering - Copying 1 resource from src\main\resources to target\classes
2024-11-11 10:36:16,261 [Worker-59: Building] INFO  o.a.m.s.f.DefaultMavenResourcesFiltering - skip non existing resourceDirectory C:\dev_proj_plant\workapace-plant\plant\src\test\resources
2024-11-11 10:37:42,502 [Worker-61: Building] INFO  o.a.m.s.f.DefaultMavenResourcesFiltering - Copying 0 resource from src\main\resources to target\classes
2024-11-11 10:37:42,507 [Worker-61: Building] INFO  o.a.m.s.f.DefaultMavenResourcesFiltering - Copying 1 resource from src\main\resources to target\classes
2024-11-11 10:37:42,510 [Worker-61: Building] INFO  o.a.m.s.f.DefaultMavenResourcesFiltering - skip non existing resourceDirectory C:\dev_proj_plant\workapace-plant\plant\src\test\resources
2024-11-11 10:37:44,233 [Worker-61: Building] INFO  o.a.m.s.f.DefaultMavenResourcesFiltering - Copying 0 resource from src\main\resources to target\classes
2024-11-11 10:37:44,236 [Worker-61: Building] INFO  o.a.m.s.f.DefaultMavenResourcesFiltering - Copying 1 resource from src\main\resources to target\classes
2024-11-11 10:37:44,238 [Worker-61: Building] INFO  o.a.m.s.f.DefaultMavenResourcesFiltering - skip non existing resourceDirectory C:\dev_proj_plant\workapace-plant\plant\src\test\resources
2024-11-11 10:48:57,281 [Worker-67: Building] INFO  o.e.m.c.i.l.LifecycleMappingFactory - Using org.eclipse.m2e.jdt.JarLifecycleMapping lifecycle mapping for MavenProject: com.future:plant:0.0.1-SNAPSHOT @ C:\dev_proj_plant\workapace-plant\plant\pom.xml.
2024-11-11 10:48:57,544 [Worker-67: Building] INFO  o.a.m.s.f.DefaultMavenResourcesFiltering - Copying 0 resource from src\main\resources to target\classes
2024-11-11 10:48:57,547 [Worker-67: Building] INFO  o.a.m.s.f.DefaultMavenResourcesFiltering - Copying 0 resource from src\main\resources to target\classes
2024-11-11 10:48:57,549 [Worker-67: Building] INFO  o.a.m.s.f.DefaultMavenResourcesFiltering - skip non existing resourceDirectory C:\dev_proj_plant\workapace-plant\plant\src\test\resources
2024-11-11 10:48:58,661 [Worker-70: Building] INFO  o.a.m.s.f.DefaultMavenResourcesFiltering - Copying 1 resource from src\main\resources to target\classes
2024-11-11 10:48:58,669 [Worker-70: Building] INFO  o.a.m.s.f.DefaultMavenResourcesFiltering - Copying 47 resources from src\main\resources to target\classes
2024-11-11 10:48:58,706 [Worker-70: Building] INFO  o.a.m.s.f.DefaultMavenResourcesFiltering - skip non existing resourceDirectory C:\dev_proj_plant\workapace-plant\plant\src\test\resources
2024-11-11 10:49:44,985 [Worker-66: Building] INFO  o.a.m.s.f.DefaultMavenResourcesFiltering - Copying 0 resource from src\main\resources to target\classes
2024-11-11 10:49:44,988 [Worker-66: Building] INFO  o.a.m.s.f.DefaultMavenResourcesFiltering - Copying 1 resource from src\main\resources to target\classes
2024-11-11 10:49:44,990 [Worker-66: Building] INFO  o.a.m.s.f.DefaultMavenResourcesFiltering - skip non existing resourceDirectory C:\dev_proj_plant\workapace-plant\plant\src\test\resources
2024-11-11 10:51:30,282 [Worker-72: Building] INFO  o.a.m.s.f.DefaultMavenResourcesFiltering - Copying 0 resource from src\main\resources to target\classes
2024-11-11 10:51:30,284 [Worker-72: Building] INFO  o.a.m.s.f.DefaultMavenResourcesFiltering - Copying 1 resource from src\main\resources to target\classes
2024-11-11 10:51:30,286 [Worker-72: Building] INFO  o.a.m.s.f.DefaultMavenResourcesFiltering - skip non existing resourceDirectory C:\dev_proj_plant\workapace-plant\plant\src\test\resources
2024-11-11 10:53:15,015 [Worker-67: Building] INFO  o.a.m.s.f.DefaultMavenResourcesFiltering - Copying 0 resource from src\main\resources to target\classes
2024-11-11 10:53:15,018 [Worker-67: Building] INFO  o.a.m.s.f.DefaultMavenResourcesFiltering - Copying 1 resource from src\main\resources to target\classes
2024-11-11 10:53:15,020 [Worker-67: Building] INFO  o.a.m.s.f.DefaultMavenResourcesFiltering - skip non existing resourceDirectory C:\dev_proj_plant\workapace-plant\plant\src\test\resources
2024-11-11 10:53:31,665 [Worker-71: Building] INFO  o.a.m.s.f.DefaultMavenResourcesFiltering - Copying 0 resource from src\main\resources to target\classes
2024-11-11 10:53:31,669 [Worker-71: Building] INFO  o.a.m.s.f.DefaultMavenResourcesFiltering - Copying 1 resource from src\main\resources to target\classes
2024-11-11 10:53:31,672 [Worker-71: Building] INFO  o.a.m.s.f.DefaultMavenResourcesFiltering - skip non existing resourceDirectory C:\dev_proj_plant\workapace-plant\plant\src\test\resources
2024-11-11 10:55:43,125 [Worker-68: Building] INFO  o.a.m.s.f.DefaultMavenResourcesFiltering - Copying 0 resource from src\main\resources to target\classes
2024-11-11 10:55:43,129 [Worker-68: Building] INFO  o.a.m.s.f.DefaultMavenResourcesFiltering - Copying 1 resource from src\main\resources to target\classes
2024-11-11 10:55:43,130 [Worker-68: Building] INFO  o.a.m.s.f.DefaultMavenResourcesFiltering - skip non existing resourceDirectory C:\dev_proj_plant\workapace-plant\plant\src\test\resources
2024-11-11 10:56:42,560 [Worker-74: Building] INFO  o.a.m.s.f.DefaultMavenResourcesFiltering - Copying 0 resource from src\main\resources to target\classes
2024-11-11 10:56:42,563 [Worker-74: Building] INFO  o.a.m.s.f.DefaultMavenResourcesFiltering - Copying 1 resource from src\main\resources to target\classes
2024-11-11 10:56:42,565 [Worker-74: Building] INFO  o.a.m.s.f.DefaultMavenResourcesFiltering - skip non existing resourceDirectory C:\dev_proj_plant\workapace-plant\plant\src\test\resources
2024-11-11 10:57:03,987 [Worker-66: Building] INFO  o.a.m.s.f.DefaultMavenResourcesFiltering - Copying 0 resource from src\main\resources to target\classes
2024-11-11 10:57:03,991 [Worker-66: Building] INFO  o.a.m.s.f.DefaultMavenResourcesFiltering - Copying 1 resource from src\main\resources to target\classes
2024-11-11 10:57:03,993 [Worker-66: Building] INFO  o.a.m.s.f.DefaultMavenResourcesFiltering - skip non existing resourceDirectory C:\dev_proj_plant\workapace-plant\plant\src\test\resources
2024-11-11 10:57:30,794 [Worker-74: Building] INFO  o.a.m.s.f.DefaultMavenResourcesFiltering - Copying 0 resource from src\main\resources to target\classes
2024-11-11 10:57:30,797 [Worker-74: Building] INFO  o.a.m.s.f.DefaultMavenResourcesFiltering - Copying 1 resource from src\main\resources to target\classes
2024-11-11 10:57:30,799 [Worker-74: Building] INFO  o.a.m.s.f.DefaultMavenResourcesFiltering - skip non existing resourceDirectory C:\dev_proj_plant\workapace-plant\plant\src\test\resources
2024-11-11 10:58:36,027 [Worker-66: Building] INFO  o.a.m.s.f.DefaultMavenResourcesFiltering - Copying 0 resource from src\main\resources to target\classes
2024-11-11 10:58:36,031 [Worker-66: Building] INFO  o.a.m.s.f.DefaultMavenResourcesFiltering - Copying 1 resource from src\main\resources to target\classes
2024-11-11 10:58:36,033 [Worker-66: Building] INFO  o.a.m.s.f.DefaultMavenResourcesFiltering - skip non existing resourceDirectory C:\dev_proj_plant\workapace-plant\plant\src\test\resources
2024-11-11 11:00:05,507 [Worker-66: Building] INFO  o.a.m.s.f.DefaultMavenResourcesFiltering - Copying 0 resource from src\main\resources to target\classes
2024-11-11 11:00:05,510 [Worker-66: Building] INFO  o.a.m.s.f.DefaultMavenResourcesFiltering - Copying 1 resource from src\main\resources to target\classes
2024-11-11 11:00:05,513 [Worker-66: Building] INFO  o.a.m.s.f.DefaultMavenResourcesFiltering - skip non existing resourceDirectory C:\dev_proj_plant\workapace-plant\plant\src\test\resources
2024-11-11 11:00:07,900 [Worker-74: Building] INFO  o.a.m.s.f.DefaultMavenResourcesFiltering - Copying 0 resource from src\main\resources to target\classes
2024-11-11 11:00:07,903 [Worker-74: Building] INFO  o.a.m.s.f.DefaultMavenResourcesFiltering - Copying 1 resource from src\main\resources to target\classes
2024-11-11 11:00:07,905 [Worker-74: Building] INFO  o.a.m.s.f.DefaultMavenResourcesFiltering - skip non existing resourceDirectory C:\dev_proj_plant\workapace-plant\plant\src\test\resources
2024-11-11 11:00:15,166 [Worker-66: Building] INFO  o.a.m.s.f.DefaultMavenResourcesFiltering - Copying 0 resource from src\main\resources to target\classes
2024-11-11 11:00:15,170 [Worker-66: Building] INFO  o.a.m.s.f.DefaultMavenResourcesFiltering - Copying 1 resource from src\main\resources to target\classes
2024-11-11 11:00:15,172 [Worker-66: Building] INFO  o.a.m.s.f.DefaultMavenResourcesFiltering - skip non existing resourceDirectory C:\dev_proj_plant\workapace-plant\plant\src\test\resources
2024-11-11 11:00:58,870 [Worker-74: Building] INFO  o.a.m.s.f.DefaultMavenResourcesFiltering - Copying 0 resource from src\main\resources to target\classes
2024-11-11 11:00:58,873 [Worker-74: Building] INFO  o.a.m.s.f.DefaultMavenResourcesFiltering - Copying 1 resource from src\main\resources to target\classes
2024-11-11 11:00:58,875 [Worker-74: Building] INFO  o.a.m.s.f.DefaultMavenResourcesFiltering - skip non existing resourceDirectory C:\dev_proj_plant\workapace-plant\plant\src\test\resources
2024-11-11 11:02:17,010 [Worker-76: Building] INFO  o.a.m.s.f.DefaultMavenResourcesFiltering - Copying 0 resource from src\main\resources to target\classes
2024-11-11 11:02:17,015 [Worker-76: Building] INFO  o.a.m.s.f.DefaultMavenResourcesFiltering - Copying 1 resource from src\main\resources to target\classes
2024-11-11 11:02:17,017 [Worker-76: Building] INFO  o.a.m.s.f.DefaultMavenResourcesFiltering - skip non existing resourceDirectory C:\dev_proj_plant\workapace-plant\plant\src\test\resources
2024-11-11 11:03:28,127 [Worker-76: Building] INFO  o.a.m.s.f.DefaultMavenResourcesFiltering - Copying 0 resource from src\main\resources to target\classes
2024-11-11 11:03:28,131 [Worker-76: Building] INFO  o.a.m.s.f.DefaultMavenResourcesFiltering - Copying 1 resource from src\main\resources to target\classes
2024-11-11 11:03:28,133 [Worker-76: Building] INFO  o.a.m.s.f.DefaultMavenResourcesFiltering - skip non existing resourceDirectory C:\dev_proj_plant\workapace-plant\plant\src\test\resources
2024-11-11 11:03:30,127 [Worker-68: Building] INFO  o.a.m.s.f.DefaultMavenResourcesFiltering - Copying 0 resource from src\main\resources to target\classes
2024-11-11 11:03:30,131 [Worker-68: Building] INFO  o.a.m.s.f.DefaultMavenResourcesFiltering - Copying 1 resource from src\main\resources to target\classes
2024-11-11 11:03:30,133 [Worker-68: Building] INFO  o.a.m.s.f.DefaultMavenResourcesFiltering - skip non existing resourceDirectory C:\dev_proj_plant\workapace-plant\plant\src\test\resources
2024-11-11 11:04:03,829 [Worker-68: Building] INFO  o.a.m.s.f.DefaultMavenResourcesFiltering - Copying 0 resource from src\main\resources to target\classes
2024-11-11 11:04:03,832 [Worker-68: Building] INFO  o.a.m.s.f.DefaultMavenResourcesFiltering - Copying 1 resource from src\main\resources to target\classes
2024-11-11 11:04:03,834 [Worker-68: Building] INFO  o.a.m.s.f.DefaultMavenResourcesFiltering - skip non existing resourceDirectory C:\dev_proj_plant\workapace-plant\plant\src\test\resources
2024-11-11 11:04:54,217 [Worker-80: Building] INFO  o.a.m.s.f.DefaultMavenResourcesFiltering - Copying 0 resource from src\main\resources to target\classes
2024-11-11 11:04:54,220 [Worker-80: Building] INFO  o.a.m.s.f.DefaultMavenResourcesFiltering - Copying 1 resource from src\main\resources to target\classes
2024-11-11 11:04:54,222 [Worker-80: Building] INFO  o.a.m.s.f.DefaultMavenResourcesFiltering - skip non existing resourceDirectory C:\dev_proj_plant\workapace-plant\plant\src\test\resources
2024-11-11 11:05:54,464 [Worker-79: Building] INFO  o.a.m.s.f.DefaultMavenResourcesFiltering - Copying 0 resource from src\main\resources to target\classes
2024-11-11 11:05:54,469 [Worker-79: Building] INFO  o.a.m.s.f.DefaultMavenResourcesFiltering - Copying 1 resource from src\main\resources to target\classes
2024-11-11 11:05:54,471 [Worker-79: Building] INFO  o.a.m.s.f.DefaultMavenResourcesFiltering - skip non existing resourceDirectory C:\dev_proj_plant\workapace-plant\plant\src\test\resources
2024-11-11 11:07:41,172 [Worker-82: Building] INFO  o.a.m.s.f.DefaultMavenResourcesFiltering - Copying 0 resource from src\main\resources to target\classes
2024-11-11 11:07:41,176 [Worker-82: Building] INFO  o.a.m.s.f.DefaultMavenResourcesFiltering - Copying 1 resource from src\main\resources to target\classes
2024-11-11 11:07:41,177 [Worker-82: Building] INFO  o.a.m.s.f.DefaultMavenResourcesFiltering - skip non existing resourceDirectory C:\dev_proj_plant\workapace-plant\plant\src\test\resources
2024-11-11 11:07:44,658 [Worker-80: Building] INFO  o.a.m.s.f.DefaultMavenResourcesFiltering - Copying 0 resource from src\main\resources to target\classes
2024-11-11 11:07:44,661 [Worker-80: Building] INFO  o.a.m.s.f.DefaultMavenResourcesFiltering - Copying 1 resource from src\main\resources to target\classes
2024-11-11 11:07:44,663 [Worker-80: Building] INFO  o.a.m.s.f.DefaultMavenResourcesFiltering - skip non existing resourceDirectory C:\dev_proj_plant\workapace-plant\plant\src\test\resources
2024-11-11 11:08:00,311 [Worker-76: Building] INFO  o.a.m.s.f.DefaultMavenResourcesFiltering - Copying 0 resource from src\main\resources to target\classes
2024-11-11 11:08:00,316 [Worker-76: Building] INFO  o.a.m.s.f.DefaultMavenResourcesFiltering - Copying 1 resource from src\main\resources to target\classes
2024-11-11 11:08:00,318 [Worker-76: Building] INFO  o.a.m.s.f.DefaultMavenResourcesFiltering - skip non existing resourceDirectory C:\dev_proj_plant\workapace-plant\plant\src\test\resources
2024-11-11 11:08:01,839 [Worker-80: Building] INFO  o.a.m.s.f.DefaultMavenResourcesFiltering - Copying 0 resource from src\main\resources to target\classes
2024-11-11 11:08:01,842 [Worker-80: Building] INFO  o.a.m.s.f.DefaultMavenResourcesFiltering - Copying 1 resource from src\main\resources to target\classes
2024-11-11 11:08:01,843 [Worker-80: Building] INFO  o.a.m.s.f.DefaultMavenResourcesFiltering - skip non existing resourceDirectory C:\dev_proj_plant\workapace-plant\plant\src\test\resources
2024-11-11 11:13:19,391 [Worker-84: Building] INFO  o.a.m.s.f.DefaultMavenResourcesFiltering - Copying 0 resource from src\main\resources to target\classes
2024-11-11 11:13:19,394 [Worker-84: Building] INFO  o.a.m.s.f.DefaultMavenResourcesFiltering - Copying 1 resource from src\main\resources to target\classes
2024-11-11 11:13:19,396 [Worker-84: Building] INFO  o.a.m.s.f.DefaultMavenResourcesFiltering - skip non existing resourceDirectory C:\dev_proj_plant\workapace-plant\plant\src\test\resources
2024-11-11 11:13:22,484 [Worker-82: Building] INFO  o.a.m.s.f.DefaultMavenResourcesFiltering - Copying 0 resource from src\main\resources to target\classes
2024-11-11 11:13:22,487 [Worker-82: Building] INFO  o.a.m.s.f.DefaultMavenResourcesFiltering - Copying 1 resource from src\main\resources to target\classes
2024-11-11 11:13:22,489 [Worker-82: Building] INFO  o.a.m.s.f.DefaultMavenResourcesFiltering - skip non existing resourceDirectory C:\dev_proj_plant\workapace-plant\plant\src\test\resources
2024-11-11 11:14:32,822 [Worker-88: Building] INFO  o.a.m.s.f.DefaultMavenResourcesFiltering - Copying 0 resource from src\main\resources to target\classes
2024-11-11 11:14:32,826 [Worker-88: Building] INFO  o.a.m.s.f.DefaultMavenResourcesFiltering - Copying 1 resource from src\main\resources to target\classes
2024-11-11 11:14:32,827 [Worker-88: Building] INFO  o.a.m.s.f.DefaultMavenResourcesFiltering - skip non existing resourceDirectory C:\dev_proj_plant\workapace-plant\plant\src\test\resources
2024-11-11 11:15:14,464 [Worker-84: Building] INFO  o.a.m.s.f.DefaultMavenResourcesFiltering - Copying 0 resource from src\main\resources to target\classes
2024-11-11 11:15:14,467 [Worker-84: Building] INFO  o.a.m.s.f.DefaultMavenResourcesFiltering - Copying 1 resource from src\main\resources to target\classes
2024-11-11 11:15:14,469 [Worker-84: Building] INFO  o.a.m.s.f.DefaultMavenResourcesFiltering - skip non existing resourceDirectory C:\dev_proj_plant\workapace-plant\plant\src\test\resources
2024-11-11 11:15:47,243 [Worker-84: Building] INFO  o.a.m.s.f.DefaultMavenResourcesFiltering - Copying 0 resource from src\main\resources to target\classes
2024-11-11 11:15:47,247 [Worker-84: Building] INFO  o.a.m.s.f.DefaultMavenResourcesFiltering - Copying 1 resource from src\main\resources to target\classes
2024-11-11 11:15:47,249 [Worker-84: Building] INFO  o.a.m.s.f.DefaultMavenResourcesFiltering - skip non existing resourceDirectory C:\dev_proj_plant\workapace-plant\plant\src\test\resources
2024-11-11 11:15:54,900 [Worker-84: Building] INFO  o.a.m.s.f.DefaultMavenResourcesFiltering - Copying 0 resource from src\main\resources to target\classes
2024-11-11 11:15:54,904 [Worker-84: Building] INFO  o.a.m.s.f.DefaultMavenResourcesFiltering - Copying 1 resource from src\main\resources to target\classes
2024-11-11 11:15:54,906 [Worker-84: Building] INFO  o.a.m.s.f.DefaultMavenResourcesFiltering - skip non existing resourceDirectory C:\dev_proj_plant\workapace-plant\plant\src\test\resources
2024-11-11 11:16:00,511 [Worker-84: Building] INFO  o.a.m.s.f.DefaultMavenResourcesFiltering - Copying 0 resource from src\main\resources to target\classes
2024-11-11 11:16:00,515 [Worker-84: Building] INFO  o.a.m.s.f.DefaultMavenResourcesFiltering - Copying 1 resource from src\main\resources to target\classes
2024-11-11 11:16:00,518 [Worker-84: Building] INFO  o.a.m.s.f.DefaultMavenResourcesFiltering - skip non existing resourceDirectory C:\dev_proj_plant\workapace-plant\plant\src\test\resources
2024-11-11 11:16:19,192 [Worker-83: Building] INFO  o.a.m.s.f.DefaultMavenResourcesFiltering - Copying 0 resource from src\main\resources to target\classes
2024-11-11 11:16:19,196 [Worker-83: Building] INFO  o.a.m.s.f.DefaultMavenResourcesFiltering - Copying 1 resource from src\main\resources to target\classes
2024-11-11 11:16:19,198 [Worker-83: Building] INFO  o.a.m.s.f.DefaultMavenResourcesFiltering - skip non existing resourceDirectory C:\dev_proj_plant\workapace-plant\plant\src\test\resources
2024-11-11 11:16:37,559 [Worker-88: Building] INFO  o.a.m.s.f.DefaultMavenResourcesFiltering - Copying 0 resource from src\main\resources to target\classes
2024-11-11 11:16:37,564 [Worker-88: Building] INFO  o.a.m.s.f.DefaultMavenResourcesFiltering - Copying 1 resource from src\main\resources to target\classes
2024-11-11 11:16:37,566 [Worker-88: Building] INFO  o.a.m.s.f.DefaultMavenResourcesFiltering - skip non existing resourceDirectory C:\dev_proj_plant\workapace-plant\plant\src\test\resources
2024-11-11 11:17:20,502 [Worker-82: Building] INFO  o.a.m.s.f.DefaultMavenResourcesFiltering - Copying 0 resource from src\main\resources to target\classes
2024-11-11 11:17:20,505 [Worker-82: Building] INFO  o.a.m.s.f.DefaultMavenResourcesFiltering - Copying 1 resource from src\main\resources to target\classes
2024-11-11 11:17:20,506 [Worker-82: Building] INFO  o.a.m.s.f.DefaultMavenResourcesFiltering - skip non existing resourceDirectory C:\dev_proj_plant\workapace-plant\plant\src\test\resources
2024-11-11 11:18:24,178 [Worker-88: Building] INFO  o.a.m.s.f.DefaultMavenResourcesFiltering - Copying 0 resource from src\main\resources to target\classes
2024-11-11 11:18:24,181 [Worker-88: Building] INFO  o.a.m.s.f.DefaultMavenResourcesFiltering - Copying 1 resource from src\main\resources to target\classes
2024-11-11 11:18:24,183 [Worker-88: Building] INFO  o.a.m.s.f.DefaultMavenResourcesFiltering - skip non existing resourceDirectory C:\dev_proj_plant\workapace-plant\plant\src\test\resources
2024-11-11 11:19:30,052 [Worker-82: Building] INFO  o.a.m.s.f.DefaultMavenResourcesFiltering - Copying 0 resource from src\main\resources to target\classes
2024-11-11 11:19:30,055 [Worker-82: Building] INFO  o.a.m.s.f.DefaultMavenResourcesFiltering - Copying 1 resource from src\main\resources to target\classes
2024-11-11 11:19:30,058 [Worker-82: Building] INFO  o.a.m.s.f.DefaultMavenResourcesFiltering - skip non existing resourceDirectory C:\dev_proj_plant\workapace-plant\plant\src\test\resources
2024-11-11 11:23:44,799 [Worker-91: Building] INFO  o.a.m.s.f.DefaultMavenResourcesFiltering - Copying 0 resource from src\main\resources to target\classes
2024-11-11 11:23:44,803 [Worker-91: Building] INFO  o.a.m.s.f.DefaultMavenResourcesFiltering - Copying 1 resource from src\main\resources to target\classes
2024-11-11 11:23:44,805 [Worker-91: Building] INFO  o.a.m.s.f.DefaultMavenResourcesFiltering - skip non existing resourceDirectory C:\dev_proj_plant\workapace-plant\plant\src\test\resources
2024-11-11 11:26:02,208 [Worker-91: Building] INFO  o.a.m.s.f.DefaultMavenResourcesFiltering - Copying 0 resource from src\main\resources to target\classes
2024-11-11 11:26:02,211 [Worker-91: Building] INFO  o.a.m.s.f.DefaultMavenResourcesFiltering - Copying 1 resource from src\main\resources to target\classes
2024-11-11 11:26:02,214 [Worker-91: Building] INFO  o.a.m.s.f.DefaultMavenResourcesFiltering - skip non existing resourceDirectory C:\dev_proj_plant\workapace-plant\plant\src\test\resources
2024-11-11 11:28:50,826 [Worker-95: Building] INFO  o.a.m.s.f.DefaultMavenResourcesFiltering - Copying 0 resource from src\main\resources to target\classes
2024-11-11 11:28:50,829 [Worker-95: Building] INFO  o.a.m.s.f.DefaultMavenResourcesFiltering - Copying 1 resource from src\main\resources to target\classes
2024-11-11 11:28:50,832 [Worker-95: Building] INFO  o.a.m.s.f.DefaultMavenResourcesFiltering - skip non existing resourceDirectory C:\dev_proj_plant\workapace-plant\plant\src\test\resources
2024-11-11 11:29:02,841 [Worker-97: Building] INFO  o.a.m.s.f.DefaultMavenResourcesFiltering - Copying 0 resource from src\main\resources to target\classes
2024-11-11 11:29:02,844 [Worker-97: Building] INFO  o.a.m.s.f.DefaultMavenResourcesFiltering - Copying 1 resource from src\main\resources to target\classes
2024-11-11 11:29:02,846 [Worker-97: Building] INFO  o.a.m.s.f.DefaultMavenResourcesFiltering - skip non existing resourceDirectory C:\dev_proj_plant\workapace-plant\plant\src\test\resources
2024-11-11 11:29:52,069 [Worker-99: Building] INFO  o.a.m.s.f.DefaultMavenResourcesFiltering - Copying 0 resource from src\main\resources to target\classes
2024-11-11 11:29:52,072 [Worker-99: Building] INFO  o.a.m.s.f.DefaultMavenResourcesFiltering - Copying 1 resource from src\main\resources to target\classes
2024-11-11 11:29:52,074 [Worker-99: Building] INFO  o.a.m.s.f.DefaultMavenResourcesFiltering - skip non existing resourceDirectory C:\dev_proj_plant\workapace-plant\plant\src\test\resources
2024-11-11 11:29:53,371 [Worker-98: Building] INFO  o.a.m.s.f.DefaultMavenResourcesFiltering - Copying 0 resource from src\main\resources to target\classes
2024-11-11 11:29:53,374 [Worker-98: Building] INFO  o.a.m.s.f.DefaultMavenResourcesFiltering - Copying 1 resource from src\main\resources to target\classes
2024-11-11 11:29:53,376 [Worker-98: Building] INFO  o.a.m.s.f.DefaultMavenResourcesFiltering - skip non existing resourceDirectory C:\dev_proj_plant\workapace-plant\plant\src\test\resources
2024-11-11 11:30:20,164 [Worker-97: Building] INFO  o.a.m.s.f.DefaultMavenResourcesFiltering - Copying 0 resource from src\main\resources to target\classes
2024-11-11 11:30:20,167 [Worker-97: Building] INFO  o.a.m.s.f.DefaultMavenResourcesFiltering - Copying 1 resource from src\main\resources to target\classes
2024-11-11 11:30:20,169 [Worker-97: Building] INFO  o.a.m.s.f.DefaultMavenResourcesFiltering - skip non existing resourceDirectory C:\dev_proj_plant\workapace-plant\plant\src\test\resources
2024-11-11 11:30:43,678 [Worker-99: Building] INFO  o.a.m.s.f.DefaultMavenResourcesFiltering - Copying 0 resource from src\main\resources to target\classes
2024-11-11 11:30:43,681 [Worker-99: Building] INFO  o.a.m.s.f.DefaultMavenResourcesFiltering - Copying 1 resource from src\main\resources to target\classes
2024-11-11 11:30:43,683 [Worker-99: Building] INFO  o.a.m.s.f.DefaultMavenResourcesFiltering - skip non existing resourceDirectory C:\dev_proj_plant\workapace-plant\plant\src\test\resources
2024-11-11 11:30:49,701 [Worker-99: Building] INFO  o.a.m.s.f.DefaultMavenResourcesFiltering - Copying 0 resource from src\main\resources to target\classes
2024-11-11 11:30:49,705 [Worker-99: Building] INFO  o.a.m.s.f.DefaultMavenResourcesFiltering - Copying 1 resource from src\main\resources to target\classes
2024-11-11 11:30:49,708 [Worker-99: Building] INFO  o.a.m.s.f.DefaultMavenResourcesFiltering - skip non existing resourceDirectory C:\dev_proj_plant\workapace-plant\plant\src\test\resources
2024-11-11 11:31:00,903 [Worker-97: Building] INFO  o.a.m.s.f.DefaultMavenResourcesFiltering - Copying 0 resource from src\main\resources to target\classes
2024-11-11 11:31:00,907 [Worker-97: Building] INFO  o.a.m.s.f.DefaultMavenResourcesFiltering - Copying 1 resource from src\main\resources to target\classes
2024-11-11 11:31:00,909 [Worker-97: Building] INFO  o.a.m.s.f.DefaultMavenResourcesFiltering - skip non existing resourceDirectory C:\dev_proj_plant\workapace-plant\plant\src\test\resources
2024-11-11 11:31:24,518 [Worker-99: Building] INFO  o.a.m.s.f.DefaultMavenResourcesFiltering - Copying 0 resource from src\main\resources to target\classes
2024-11-11 11:31:24,521 [Worker-99: Building] INFO  o.a.m.s.f.DefaultMavenResourcesFiltering - Copying 1 resource from src\main\resources to target\classes
2024-11-11 11:31:24,522 [Worker-99: Building] INFO  o.a.m.s.f.DefaultMavenResourcesFiltering - skip non existing resourceDirectory C:\dev_proj_plant\workapace-plant\plant\src\test\resources
2024-11-11 11:31:40,427 [Worker-97: Building] INFO  o.a.m.s.f.DefaultMavenResourcesFiltering - Copying 0 resource from src\main\resources to target\classes
2024-11-11 11:31:40,430 [Worker-97: Building] INFO  o.a.m.s.f.DefaultMavenResourcesFiltering - Copying 1 resource from src\main\resources to target\classes
2024-11-11 11:31:40,432 [Worker-97: Building] INFO  o.a.m.s.f.DefaultMavenResourcesFiltering - skip non existing resourceDirectory C:\dev_proj_plant\workapace-plant\plant\src\test\resources
2024-11-11 11:31:57,617 [Worker-91: Building] INFO  o.a.m.s.f.DefaultMavenResourcesFiltering - Copying 0 resource from src\main\resources to target\classes
2024-11-11 11:31:57,620 [Worker-91: Building] INFO  o.a.m.s.f.DefaultMavenResourcesFiltering - Copying 1 resource from src\main\resources to target\classes
2024-11-11 11:31:57,622 [Worker-91: Building] INFO  o.a.m.s.f.DefaultMavenResourcesFiltering - skip non existing resourceDirectory C:\dev_proj_plant\workapace-plant\plant\src\test\resources
2024-11-11 11:32:15,546 [Worker-95: Building] INFO  o.a.m.s.f.DefaultMavenResourcesFiltering - Copying 0 resource from src\main\resources to target\classes
2024-11-11 11:32:15,549 [Worker-95: Building] INFO  o.a.m.s.f.DefaultMavenResourcesFiltering - Copying 1 resource from src\main\resources to target\classes
2024-11-11 11:32:15,552 [Worker-95: Building] INFO  o.a.m.s.f.DefaultMavenResourcesFiltering - skip non existing resourceDirectory C:\dev_proj_plant\workapace-plant\plant\src\test\resources
2024-11-11 11:32:26,112 [Worker-98: Building] INFO  o.a.m.s.f.DefaultMavenResourcesFiltering - Copying 0 resource from src\main\resources to target\classes
2024-11-11 11:32:26,115 [Worker-98: Building] INFO  o.a.m.s.f.DefaultMavenResourcesFiltering - Copying 1 resource from src\main\resources to target\classes
2024-11-11 11:32:26,117 [Worker-98: Building] INFO  o.a.m.s.f.DefaultMavenResourcesFiltering - skip non existing resourceDirectory C:\dev_proj_plant\workapace-plant\plant\src\test\resources
2024-11-11 11:34:11,780 [Worker-95: Building] INFO  o.a.m.s.f.DefaultMavenResourcesFiltering - Copying 0 resource from src\main\resources to target\classes
2024-11-11 11:34:11,785 [Worker-95: Building] INFO  o.a.m.s.f.DefaultMavenResourcesFiltering - Copying 1 resource from src\main\resources to target\classes
2024-11-11 11:34:11,787 [Worker-95: Building] INFO  o.a.m.s.f.DefaultMavenResourcesFiltering - skip non existing resourceDirectory C:\dev_proj_plant\workapace-plant\plant\src\test\resources
2024-11-11 11:45:39,368 [Worker-102: Building] INFO  o.a.m.s.f.DefaultMavenResourcesFiltering - Copying 0 resource from src\main\resources to target\classes
2024-11-11 11:45:39,372 [Worker-102: Building] INFO  o.a.m.s.f.DefaultMavenResourcesFiltering - Copying 1 resource from src\main\resources to target\classes
2024-11-11 11:45:39,373 [Worker-102: Building] INFO  o.a.m.s.f.DefaultMavenResourcesFiltering - skip non existing resourceDirectory C:\dev_proj_plant\workapace-plant\plant\src\test\resources
2024-11-11 11:45:45,896 [Worker-104: Building] INFO  o.a.m.s.f.DefaultMavenResourcesFiltering - Copying 0 resource from src\main\resources to target\classes
2024-11-11 11:45:45,899 [Worker-104: Building] INFO  o.a.m.s.f.DefaultMavenResourcesFiltering - Copying 1 resource from src\main\resources to target\classes
2024-11-11 11:45:45,901 [Worker-104: Building] INFO  o.a.m.s.f.DefaultMavenResourcesFiltering - skip non existing resourceDirectory C:\dev_proj_plant\workapace-plant\plant\src\test\resources
2024-11-11 11:45:56,871 [Worker-102: Building] INFO  o.a.m.s.f.DefaultMavenResourcesFiltering - Copying 0 resource from src\main\resources to target\classes
2024-11-11 11:45:56,874 [Worker-102: Building] INFO  o.a.m.s.f.DefaultMavenResourcesFiltering - Copying 1 resource from src\main\resources to target\classes
2024-11-11 11:45:56,876 [Worker-102: Building] INFO  o.a.m.s.f.DefaultMavenResourcesFiltering - skip non existing resourceDirectory C:\dev_proj_plant\workapace-plant\plant\src\test\resources
2024-11-11 11:46:15,850 [Worker-104: Building] INFO  o.a.m.s.f.DefaultMavenResourcesFiltering - Copying 0 resource from src\main\resources to target\classes
2024-11-11 11:46:15,853 [Worker-104: Building] INFO  o.a.m.s.f.DefaultMavenResourcesFiltering - Copying 1 resource from src\main\resources to target\classes
2024-11-11 11:46:15,855 [Worker-104: Building] INFO  o.a.m.s.f.DefaultMavenResourcesFiltering - skip non existing resourceDirectory C:\dev_proj_plant\workapace-plant\plant\src\test\resources
2024-11-11 11:46:30,512 [Worker-102: Building] INFO  o.a.m.s.f.DefaultMavenResourcesFiltering - Copying 0 resource from src\main\resources to target\classes
2024-11-11 11:46:30,515 [Worker-102: Building] INFO  o.a.m.s.f.DefaultMavenResourcesFiltering - Copying 1 resource from src\main\resources to target\classes
2024-11-11 11:46:30,518 [Worker-102: Building] INFO  o.a.m.s.f.DefaultMavenResourcesFiltering - skip non existing resourceDirectory C:\dev_proj_plant\workapace-plant\plant\src\test\resources
2024-11-11 11:46:36,156 [Worker-102: Building] INFO  o.a.m.s.f.DefaultMavenResourcesFiltering - Copying 0 resource from src\main\resources to target\classes
2024-11-11 11:46:36,159 [Worker-102: Building] INFO  o.a.m.s.f.DefaultMavenResourcesFiltering - Copying 1 resource from src\main\resources to target\classes
2024-11-11 11:46:36,161 [Worker-102: Building] INFO  o.a.m.s.f.DefaultMavenResourcesFiltering - skip non existing resourceDirectory C:\dev_proj_plant\workapace-plant\plant\src\test\resources
2024-11-11 11:46:55,981 [Worker-102: Building] INFO  o.a.m.s.f.DefaultMavenResourcesFiltering - Copying 0 resource from src\main\resources to target\classes
2024-11-11 11:46:55,984 [Worker-102: Building] INFO  o.a.m.s.f.DefaultMavenResourcesFiltering - Copying 1 resource from src\main\resources to target\classes
2024-11-11 11:46:55,985 [Worker-102: Building] INFO  o.a.m.s.f.DefaultMavenResourcesFiltering - skip non existing resourceDirectory C:\dev_proj_plant\workapace-plant\plant\src\test\resources
2024-11-11 11:47:03,017 [Worker-104: Building] INFO  o.a.m.s.f.DefaultMavenResourcesFiltering - Copying 0 resource from src\main\resources to target\classes
2024-11-11 11:47:03,021 [Worker-104: Building] INFO  o.a.m.s.f.DefaultMavenResourcesFiltering - Copying 1 resource from src\main\resources to target\classes
2024-11-11 11:47:03,023 [Worker-104: Building] INFO  o.a.m.s.f.DefaultMavenResourcesFiltering - skip non existing resourceDirectory C:\dev_proj_plant\workapace-plant\plant\src\test\resources
2024-11-11 11:47:47,239 [Worker-100: Building] INFO  o.a.m.s.f.DefaultMavenResourcesFiltering - Copying 1 resource from src\main\resources to target\classes
2024-11-11 11:47:47,250 [Worker-100: Building] INFO  o.a.m.s.f.DefaultMavenResourcesFiltering - Copying 56 resources from src\main\resources to target\classes
2024-11-11 11:47:47,261 [Worker-100: Building] INFO  o.a.m.s.f.DefaultMavenResourcesFiltering - skip non existing resourceDirectory C:\dev_proj_plant\workapace-plant\plant\src\test\resources
2024-11-11 11:49:02,421 [Worker-102: Building] INFO  o.a.m.s.f.DefaultMavenResourcesFiltering - Copying 1 resource from src\main\resources to target\classes
2024-11-11 11:49:02,426 [Worker-102: Building] INFO  o.a.m.s.f.DefaultMavenResourcesFiltering - Copying 56 resources from src\main\resources to target\classes
2024-11-11 11:49:02,432 [Worker-102: Building] INFO  o.a.m.s.f.DefaultMavenResourcesFiltering - skip non existing resourceDirectory C:\dev_proj_plant\workapace-plant\plant\src\test\resources
2024-11-11 11:56:04,744 [Worker-113: Building] INFO  o.a.m.s.f.DefaultMavenResourcesFiltering - Copying 0 resource from src\main\resources to target\classes
2024-11-11 11:56:04,747 [Worker-113: Building] INFO  o.a.m.s.f.DefaultMavenResourcesFiltering - Copying 1 resource from src\main\resources to target\classes
2024-11-11 11:56:04,750 [Worker-113: Building] INFO  o.a.m.s.f.DefaultMavenResourcesFiltering - skip non existing resourceDirectory C:\dev_proj_plant\workapace-plant\plant\src\test\resources
2024-11-11 11:56:08,732 [Worker-108: Building] INFO  o.a.m.s.f.DefaultMavenResourcesFiltering - Copying 0 resource from src\main\resources to target\classes
2024-11-11 11:56:08,736 [Worker-108: Building] INFO  o.a.m.s.f.DefaultMavenResourcesFiltering - Copying 1 resource from src\main\resources to target\classes
2024-11-11 11:56:08,738 [Worker-108: Building] INFO  o.a.m.s.f.DefaultMavenResourcesFiltering - skip non existing resourceDirectory C:\dev_proj_plant\workapace-plant\plant\src\test\resources
2024-11-11 11:57:49,910 [Worker-109: Building] INFO  o.a.m.s.f.DefaultMavenResourcesFiltering - Copying 0 resource from src\main\resources to target\classes
2024-11-11 11:57:49,915 [Worker-109: Building] INFO  o.a.m.s.f.DefaultMavenResourcesFiltering - Copying 1 resource from src\main\resources to target\classes
2024-11-11 11:57:49,922 [Worker-109: Building] INFO  o.a.m.s.f.DefaultMavenResourcesFiltering - skip non existing resourceDirectory C:\dev_proj_plant\workapace-plant\plant\src\test\resources
2024-11-11 12:01:17,984 [Worker-117: Building] INFO  o.a.m.s.f.DefaultMavenResourcesFiltering - Copying 0 resource from src\main\resources to target\classes
2024-11-11 12:01:17,989 [Worker-117: Building] INFO  o.a.m.s.f.DefaultMavenResourcesFiltering - Copying 1 resource from src\main\resources to target\classes
2024-11-11 12:01:17,991 [Worker-117: Building] INFO  o.a.m.s.f.DefaultMavenResourcesFiltering - skip non existing resourceDirectory C:\dev_proj_plant\workapace-plant\plant\src\test\resources
2024-11-11 12:03:30,828 [Worker-122: Building] INFO  o.a.m.s.f.DefaultMavenResourcesFiltering - Copying 1 resource from src\main\resources to target\classes
2024-11-11 12:03:30,835 [Worker-122: Building] INFO  o.a.m.s.f.DefaultMavenResourcesFiltering - Copying 56 resources from src\main\resources to target\classes
2024-11-11 12:03:30,844 [Worker-122: Building] INFO  o.a.m.s.f.DefaultMavenResourcesFiltering - skip non existing resourceDirectory C:\dev_proj_plant\workapace-plant\plant\src\test\resources
2024-11-11 12:04:37,477 [Worker-121: Building] INFO  o.a.m.s.f.DefaultMavenResourcesFiltering - Copying 0 resource from src\main\resources to target\classes
2024-11-11 12:04:37,481 [Worker-121: Building] INFO  o.a.m.s.f.DefaultMavenResourcesFiltering - Copying 1 resource from src\main\resources to target\classes
2024-11-11 12:04:37,483 [Worker-121: Building] INFO  o.a.m.s.f.DefaultMavenResourcesFiltering - skip non existing resourceDirectory C:\dev_proj_plant\workapace-plant\plant\src\test\resources
2024-11-11 12:05:53,982 [Worker-122: Building] INFO  o.a.m.s.f.DefaultMavenResourcesFiltering - Copying 0 resource from src\main\resources to target\classes
2024-11-11 12:05:53,986 [Worker-122: Building] INFO  o.a.m.s.f.DefaultMavenResourcesFiltering - Copying 1 resource from src\main\resources to target\classes
2024-11-11 12:05:53,988 [Worker-122: Building] INFO  o.a.m.s.f.DefaultMavenResourcesFiltering - skip non existing resourceDirectory C:\dev_proj_plant\workapace-plant\plant\src\test\resources
2024-11-11 12:08:21,214 [Worker-124: Building] INFO  o.a.m.s.f.DefaultMavenResourcesFiltering - Copying 0 resource from src\main\resources to target\classes
2024-11-11 12:08:21,219 [Worker-124: Building] INFO  o.a.m.s.f.DefaultMavenResourcesFiltering - Copying 1 resource from src\main\resources to target\classes
2024-11-11 12:08:21,221 [Worker-124: Building] INFO  o.a.m.s.f.DefaultMavenResourcesFiltering - skip non existing resourceDirectory C:\dev_proj_plant\workapace-plant\plant\src\test\resources
2024-11-11 12:10:00,580 [Worker-106: Building] INFO  o.a.m.s.f.DefaultMavenResourcesFiltering - Copying 0 resource from src\main\resources to target\classes
2024-11-11 12:10:00,585 [Worker-106: Building] INFO  o.a.m.s.f.DefaultMavenResourcesFiltering - Copying 1 resource from src\main\resources to target\classes
2024-11-11 12:10:00,587 [Worker-106: Building] INFO  o.a.m.s.f.DefaultMavenResourcesFiltering - skip non existing resourceDirectory C:\dev_proj_plant\workapace-plant\plant\src\test\resources
2024-11-11 12:10:03,462 [Worker-129: Building] INFO  o.a.m.s.f.DefaultMavenResourcesFiltering - Copying 0 resource from src\main\resources to target\classes
2024-11-11 12:10:03,466 [Worker-129: Building] INFO  o.a.m.s.f.DefaultMavenResourcesFiltering - Copying 1 resource from src\main\resources to target\classes
2024-11-11 12:10:03,468 [Worker-129: Building] INFO  o.a.m.s.f.DefaultMavenResourcesFiltering - skip non existing resourceDirectory C:\dev_proj_plant\workapace-plant\plant\src\test\resources
2024-11-11 12:11:09,994 [Worker-129: Building] INFO  o.a.m.s.f.DefaultMavenResourcesFiltering - Copying 0 resource from src\main\resources to target\classes
2024-11-11 12:11:09,999 [Worker-129: Building] INFO  o.a.m.s.f.DefaultMavenResourcesFiltering - Copying 1 resource from src\main\resources to target\classes
2024-11-11 12:11:10,001 [Worker-129: Building] INFO  o.a.m.s.f.DefaultMavenResourcesFiltering - skip non existing resourceDirectory C:\dev_proj_plant\workapace-plant\plant\src\test\resources
2024-11-11 12:12:17,565 [Worker-127: Building] INFO  o.a.m.s.f.DefaultMavenResourcesFiltering - Copying 0 resource from src\main\resources to target\classes
2024-11-11 12:12:17,570 [Worker-127: Building] INFO  o.a.m.s.f.DefaultMavenResourcesFiltering - Copying 1 resource from src\main\resources to target\classes
2024-11-11 12:12:17,572 [Worker-127: Building] INFO  o.a.m.s.f.DefaultMavenResourcesFiltering - skip non existing resourceDirectory C:\dev_proj_plant\workapace-plant\plant\src\test\resources
2024-11-11 12:12:59,188 [Worker-130: Building] INFO  o.a.m.s.f.DefaultMavenResourcesFiltering - Copying 0 resource from src\main\resources to target\classes
2024-11-11 12:12:59,192 [Worker-130: Building] INFO  o.a.m.s.f.DefaultMavenResourcesFiltering - Copying 1 resource from src\main\resources to target\classes
2024-11-11 12:12:59,194 [Worker-130: Building] INFO  o.a.m.s.f.DefaultMavenResourcesFiltering - skip non existing resourceDirectory C:\dev_proj_plant\workapace-plant\plant\src\test\resources
2024-11-11 12:14:04,136 [Worker-130: Building] INFO  o.a.m.s.f.DefaultMavenResourcesFiltering - Copying 0 resource from src\main\resources to target\classes
2024-11-11 12:14:04,141 [Worker-130: Building] INFO  o.a.m.s.f.DefaultMavenResourcesFiltering - Copying 1 resource from src\main\resources to target\classes
2024-11-11 12:14:04,143 [Worker-130: Building] INFO  o.a.m.s.f.DefaultMavenResourcesFiltering - skip non existing resourceDirectory C:\dev_proj_plant\workapace-plant\plant\src\test\resources
2024-11-11 12:17:01,989 [Worker-127: Building] INFO  o.a.m.s.f.DefaultMavenResourcesFiltering - Copying 0 resource from src\main\resources to target\classes
2024-11-11 12:17:01,994 [Worker-127: Building] INFO  o.a.m.s.f.DefaultMavenResourcesFiltering - Copying 1 resource from src\main\resources to target\classes
2024-11-11 12:17:01,996 [Worker-127: Building] INFO  o.a.m.s.f.DefaultMavenResourcesFiltering - skip non existing resourceDirectory C:\dev_proj_plant\workapace-plant\plant\src\test\resources
2024-11-11 12:23:58,214 [Worker-138: Building] INFO  o.a.m.s.f.DefaultMavenResourcesFiltering - Copying 0 resource from src\main\resources to target\classes
2024-11-11 12:23:58,218 [Worker-138: Building] INFO  o.a.m.s.f.DefaultMavenResourcesFiltering - Copying 0 resource from src\main\resources to target\classes
2024-11-11 12:23:58,221 [Worker-138: Building] INFO  o.a.m.s.f.DefaultMavenResourcesFiltering - skip non existing resourceDirectory C:\dev_proj_plant\workapace-plant\plant\src\test\resources
2024-11-11 12:24:01,486 [Worker-139: Building] INFO  o.a.m.s.f.DefaultMavenResourcesFiltering - Copying 0 resource from src\main\resources to target\classes
2024-11-11 12:24:01,490 [Worker-139: Building] INFO  o.a.m.s.f.DefaultMavenResourcesFiltering - Copying 0 resource from src\main\resources to target\classes
2024-11-11 12:24:01,491 [Worker-139: Building] INFO  o.a.m.s.f.DefaultMavenResourcesFiltering - skip non existing resourceDirectory C:\dev_proj_plant\workapace-plant\plant\src\test\resources
2024-11-11 12:24:15,910 [Worker-140: Building] INFO  o.a.m.s.f.DefaultMavenResourcesFiltering - Copying 0 resource from src\main\resources to target\classes
2024-11-11 12:24:15,914 [Worker-140: Building] INFO  o.a.m.s.f.DefaultMavenResourcesFiltering - Copying 0 resource from src\main\resources to target\classes
2024-11-11 12:24:15,916 [Worker-140: Building] INFO  o.a.m.s.f.DefaultMavenResourcesFiltering - skip non existing resourceDirectory C:\dev_proj_plant\workapace-plant\plant\src\test\resources
2024-11-11 12:24:19,240 [Worker-141: Building] INFO  o.a.m.s.f.DefaultMavenResourcesFiltering - Copying 0 resource from src\main\resources to target\classes
2024-11-11 12:24:19,240 [Worker-141: Building] INFO  o.a.m.s.f.DefaultMavenResourcesFiltering - Copying 0 resource from src\main\resources to target\classes
2024-11-11 12:24:19,251 [Worker-141: Building] INFO  o.a.m.s.f.DefaultMavenResourcesFiltering - skip non existing resourceDirectory C:\dev_proj_plant\workapace-plant\plant\src\test\resources
2024-11-11 12:24:23,872 [Worker-137: Building] INFO  o.a.m.s.f.DefaultMavenResourcesFiltering - Copying 1 resource from src\main\resources to target\classes
2024-11-11 12:24:23,878 [Worker-137: Building] INFO  o.a.m.s.f.DefaultMavenResourcesFiltering - Copying 0 resource from src\main\resources to target\classes
2024-11-11 12:24:23,879 [Worker-137: Building] INFO  o.a.m.s.f.DefaultMavenResourcesFiltering - skip non existing resourceDirectory C:\dev_proj_plant\workapace-plant\plant\src\test\resources
2024-11-11 12:37:49,619 [Worker-4: Loading available Gradle versions] INFO  o.e.b.c.i.u.g.PublishedGradleVersions - Gradle version information cache is up-to-date. Trying to read.
2024-11-11 12:37:55,715 [Worker-10: Building] INFO  o.a.m.s.f.DefaultMavenResourcesFiltering - Copying 1 resource from src\main\resources to target\classes
2024-11-11 12:37:55,729 [Worker-10: Building] INFO  o.a.m.s.f.DefaultMavenResourcesFiltering - Copying 0 resource from src\main\resources to target\classes
2024-11-11 12:37:55,732 [Worker-10: Building] INFO  o.a.m.s.f.DefaultMavenResourcesFiltering - skip non existing resourceDirectory C:\dev_proj_plant\workapace-plant\plant\src\test\resources
2024-11-11 12:50:52,772 [Worker-0: Building] INFO  o.a.m.s.f.DefaultMavenResourcesFiltering - Copying 0 resource from src\main\resources to target\classes
2024-11-11 12:50:52,775 [Worker-0: Building] INFO  o.a.m.s.f.DefaultMavenResourcesFiltering - Copying 1 resource from src\main\resources to target\classes
2024-11-11 12:50:52,778 [Worker-0: Building] INFO  o.a.m.s.f.DefaultMavenResourcesFiltering - skip non existing resourceDirectory C:\dev_proj_plant\workapace-plant\plant\src\test\resources
2024-11-11 12:51:35,358 [Worker-13: Building] INFO  o.a.m.s.f.DefaultMavenResourcesFiltering - Copying 0 resource from src\main\resources to target\classes
2024-11-11 12:51:35,358 [Worker-13: Building] INFO  o.a.m.s.f.DefaultMavenResourcesFiltering - Copying 1 resource from src\main\resources to target\classes
2024-11-11 12:51:35,360 [Worker-13: Building] INFO  o.a.m.s.f.DefaultMavenResourcesFiltering - skip non existing resourceDirectory C:\dev_proj_plant\workapace-plant\plant\src\test\resources
2024-11-11 12:52:09,548 [Worker-0: Building] INFO  o.a.m.s.f.DefaultMavenResourcesFiltering - Copying 0 resource from src\main\resources to target\classes
2024-11-11 12:52:09,550 [Worker-0: Building] INFO  o.a.m.s.f.DefaultMavenResourcesFiltering - Copying 9 resources from src\main\resources to target\classes
2024-11-11 12:52:09,560 [Worker-0: Building] INFO  o.a.m.s.f.DefaultMavenResourcesFiltering - skip non existing resourceDirectory C:\dev_proj_plant\workapace-plant\plant\src\test\resources
2024-11-11 12:52:43,136 [Worker-0: Building] INFO  o.a.m.s.f.DefaultMavenResourcesFiltering - Copying 0 resource from src\main\resources to target\classes
2024-11-11 12:52:43,138 [Worker-0: Building] INFO  o.a.m.s.f.DefaultMavenResourcesFiltering - Copying 1 resource from src\main\resources to target\classes
2024-11-11 12:52:43,141 [Worker-0: Building] INFO  o.a.m.s.f.DefaultMavenResourcesFiltering - skip non existing resourceDirectory C:\dev_proj_plant\workapace-plant\plant\src\test\resources
2024-11-11 12:53:48,165 [Worker-15: Building] INFO  o.a.m.s.f.DefaultMavenResourcesFiltering - Copying 0 resource from src\main\resources to target\classes
2024-11-11 12:53:48,166 [Worker-15: Building] INFO  o.a.m.s.f.DefaultMavenResourcesFiltering - Copying 1 resource from src\main\resources to target\classes
2024-11-11 12:53:48,170 [Worker-15: Building] INFO  o.a.m.s.f.DefaultMavenResourcesFiltering - skip non existing resourceDirectory C:\dev_proj_plant\workapace-plant\plant\src\test\resources
2024-11-11 12:53:58,533 [Worker-13: Building] INFO  o.a.m.s.f.DefaultMavenResourcesFiltering - Copying 0 resource from src\main\resources to target\classes
2024-11-11 12:53:58,534 [Worker-13: Building] INFO  o.a.m.s.f.DefaultMavenResourcesFiltering - Copying 1 resource from src\main\resources to target\classes
2024-11-11 12:53:58,537 [Worker-13: Building] INFO  o.a.m.s.f.DefaultMavenResourcesFiltering - skip non existing resourceDirectory C:\dev_proj_plant\workapace-plant\plant\src\test\resources
2024-11-11 12:54:58,485 [Worker-13: Building] INFO  o.a.m.s.f.DefaultMavenResourcesFiltering - Copying 0 resource from src\main\resources to target\classes
2024-11-11 12:54:58,486 [Worker-13: Building] INFO  o.a.m.s.f.DefaultMavenResourcesFiltering - Copying 1 resource from src\main\resources to target\classes
2024-11-11 12:54:58,489 [Worker-13: Building] INFO  o.a.m.s.f.DefaultMavenResourcesFiltering - skip non existing resourceDirectory C:\dev_proj_plant\workapace-plant\plant\src\test\resources
2024-11-11 12:55:21,185 [Worker-0: Building] INFO  o.a.m.s.f.DefaultMavenResourcesFiltering - Copying 0 resource from src\main\resources to target\classes
2024-11-11 12:55:21,186 [Worker-0: Building] INFO  o.a.m.s.f.DefaultMavenResourcesFiltering - Copying 1 resource from src\main\resources to target\classes
2024-11-11 12:55:21,188 [Worker-0: Building] INFO  o.a.m.s.f.DefaultMavenResourcesFiltering - skip non existing resourceDirectory C:\dev_proj_plant\workapace-plant\plant\src\test\resources
2024-11-11 12:55:32,322 [Worker-12: Building] INFO  o.a.m.s.f.DefaultMavenResourcesFiltering - Copying 0 resource from src\main\resources to target\classes
2024-11-11 12:55:32,323 [Worker-12: Building] INFO  o.a.m.s.f.DefaultMavenResourcesFiltering - Copying 1 resource from src\main\resources to target\classes
2024-11-11 12:55:32,325 [Worker-12: Building] INFO  o.a.m.s.f.DefaultMavenResourcesFiltering - skip non existing resourceDirectory C:\dev_proj_plant\workapace-plant\plant\src\test\resources
2024-11-11 12:55:45,841 [Worker-12: Building] INFO  o.a.m.s.f.DefaultMavenResourcesFiltering - Copying 0 resource from src\main\resources to target\classes
2024-11-11 12:55:45,842 [Worker-12: Building] INFO  o.a.m.s.f.DefaultMavenResourcesFiltering - Copying 1 resource from src\main\resources to target\classes
2024-11-11 12:55:45,844 [Worker-12: Building] INFO  o.a.m.s.f.DefaultMavenResourcesFiltering - skip non existing resourceDirectory C:\dev_proj_plant\workapace-plant\plant\src\test\resources
2024-11-11 12:55:50,422 [Worker-14: Building] INFO  o.a.m.s.f.DefaultMavenResourcesFiltering - Copying 0 resource from src\main\resources to target\classes
2024-11-11 12:55:50,423 [Worker-14: Building] INFO  o.a.m.s.f.DefaultMavenResourcesFiltering - Copying 1 resource from src\main\resources to target\classes
2024-11-11 12:55:50,435 [Worker-14: Building] INFO  o.a.m.s.f.DefaultMavenResourcesFiltering - skip non existing resourceDirectory C:\dev_proj_plant\workapace-plant\plant\src\test\resources
2024-11-11 12:57:09,277 [Worker-16: Building] INFO  o.a.m.s.f.DefaultMavenResourcesFiltering - Copying 0 resource from src\main\resources to target\classes
2024-11-11 12:57:09,279 [Worker-16: Building] INFO  o.a.m.s.f.DefaultMavenResourcesFiltering - Copying 1 resource from src\main\resources to target\classes
2024-11-11 12:57:09,280 [Worker-16: Building] INFO  o.a.m.s.f.DefaultMavenResourcesFiltering - skip non existing resourceDirectory C:\dev_proj_plant\workapace-plant\plant\src\test\resources
2024-11-11 12:57:12,002 [Worker-12: Building] INFO  o.a.m.s.f.DefaultMavenResourcesFiltering - Copying 0 resource from src\main\resources to target\classes
2024-11-11 12:57:12,003 [Worker-12: Building] INFO  o.a.m.s.f.DefaultMavenResourcesFiltering - Copying 1 resource from src\main\resources to target\classes
2024-11-11 12:57:12,004 [Worker-12: Building] INFO  o.a.m.s.f.DefaultMavenResourcesFiltering - skip non existing resourceDirectory C:\dev_proj_plant\workapace-plant\plant\src\test\resources
2024-11-11 12:57:24,482 [Worker-17: Building] INFO  o.a.m.s.f.DefaultMavenResourcesFiltering - Copying 0 resource from src\main\resources to target\classes
2024-11-11 12:57:24,483 [Worker-17: Building] INFO  o.a.m.s.f.DefaultMavenResourcesFiltering - Copying 1 resource from src\main\resources to target\classes
2024-11-11 12:57:24,485 [Worker-17: Building] INFO  o.a.m.s.f.DefaultMavenResourcesFiltering - skip non existing resourceDirectory C:\dev_proj_plant\workapace-plant\plant\src\test\resources
2024-11-11 12:57:45,544 [Worker-12: Building] INFO  o.a.m.s.f.DefaultMavenResourcesFiltering - Copying 0 resource from src\main\resources to target\classes
2024-11-11 12:57:45,545 [Worker-12: Building] INFO  o.a.m.s.f.DefaultMavenResourcesFiltering - Copying 1 resource from src\main\resources to target\classes
2024-11-11 12:57:45,547 [Worker-12: Building] INFO  o.a.m.s.f.DefaultMavenResourcesFiltering - skip non existing resourceDirectory C:\dev_proj_plant\workapace-plant\plant\src\test\resources
2024-11-11 12:57:53,871 [Worker-12: Building] INFO  o.a.m.s.f.DefaultMavenResourcesFiltering - Copying 0 resource from src\main\resources to target\classes
2024-11-11 12:57:53,873 [Worker-12: Building] INFO  o.a.m.s.f.DefaultMavenResourcesFiltering - Copying 1 resource from src\main\resources to target\classes
2024-11-11 12:57:53,875 [Worker-12: Building] INFO  o.a.m.s.f.DefaultMavenResourcesFiltering - skip non existing resourceDirectory C:\dev_proj_plant\workapace-plant\plant\src\test\resources
2024-11-11 12:58:41,549 [Worker-0: Building] INFO  o.a.m.s.f.DefaultMavenResourcesFiltering - Copying 0 resource from src\main\resources to target\classes
2024-11-11 12:58:41,550 [Worker-0: Building] INFO  o.a.m.s.f.DefaultMavenResourcesFiltering - Copying 1 resource from src\main\resources to target\classes
2024-11-11 12:58:41,553 [Worker-0: Building] INFO  o.a.m.s.f.DefaultMavenResourcesFiltering - skip non existing resourceDirectory C:\dev_proj_plant\workapace-plant\plant\src\test\resources
2024-11-11 12:59:08,759 [Worker-0: Building] INFO  o.a.m.s.f.DefaultMavenResourcesFiltering - Copying 0 resource from src\main\resources to target\classes
2024-11-11 12:59:08,761 [Worker-0: Building] INFO  o.a.m.s.f.DefaultMavenResourcesFiltering - Copying 1 resource from src\main\resources to target\classes
2024-11-11 12:59:08,763 [Worker-0: Building] INFO  o.a.m.s.f.DefaultMavenResourcesFiltering - skip non existing resourceDirectory C:\dev_proj_plant\workapace-plant\plant\src\test\resources
2024-11-11 12:59:32,030 [Worker-16: Building] INFO  o.a.m.s.f.DefaultMavenResourcesFiltering - Copying 0 resource from src\main\resources to target\classes
2024-11-11 12:59:32,031 [Worker-16: Building] INFO  o.a.m.s.f.DefaultMavenResourcesFiltering - Copying 1 resource from src\main\resources to target\classes
2024-11-11 12:59:32,033 [Worker-16: Building] INFO  o.a.m.s.f.DefaultMavenResourcesFiltering - skip non existing resourceDirectory C:\dev_proj_plant\workapace-plant\plant\src\test\resources
2024-11-11 12:59:40,841 [Worker-12: Building] INFO  o.a.m.s.f.DefaultMavenResourcesFiltering - Copying 0 resource from src\main\resources to target\classes
2024-11-11 12:59:40,844 [Worker-12: Building] INFO  o.a.m.s.f.DefaultMavenResourcesFiltering - Copying 1 resource from src\main\resources to target\classes
2024-11-11 12:59:40,846 [Worker-12: Building] INFO  o.a.m.s.f.DefaultMavenResourcesFiltering - skip non existing resourceDirectory C:\dev_proj_plant\workapace-plant\plant\src\test\resources
2024-11-11 12:59:44,682 [Worker-0: Building] INFO  o.a.m.s.f.DefaultMavenResourcesFiltering - Copying 0 resource from src\main\resources to target\classes
2024-11-11 12:59:44,683 [Worker-0: Building] INFO  o.a.m.s.f.DefaultMavenResourcesFiltering - Copying 1 resource from src\main\resources to target\classes
2024-11-11 12:59:44,686 [Worker-0: Building] INFO  o.a.m.s.f.DefaultMavenResourcesFiltering - skip non existing resourceDirectory C:\dev_proj_plant\workapace-plant\plant\src\test\resources
2024-11-11 13:00:10,605 [Worker-0: Building] INFO  o.a.m.s.f.DefaultMavenResourcesFiltering - Copying 0 resource from src\main\resources to target\classes
2024-11-11 13:00:10,607 [Worker-0: Building] INFO  o.a.m.s.f.DefaultMavenResourcesFiltering - Copying 1 resource from src\main\resources to target\classes
2024-11-11 13:00:10,609 [Worker-0: Building] INFO  o.a.m.s.f.DefaultMavenResourcesFiltering - skip non existing resourceDirectory C:\dev_proj_plant\workapace-plant\plant\src\test\resources
2024-11-11 13:00:31,281 [Worker-13: Building] INFO  o.a.m.s.f.DefaultMavenResourcesFiltering - Copying 0 resource from src\main\resources to target\classes
2024-11-11 13:00:31,282 [Worker-13: Building] INFO  o.a.m.s.f.DefaultMavenResourcesFiltering - Copying 1 resource from src\main\resources to target\classes
2024-11-11 13:00:31,284 [Worker-13: Building] INFO  o.a.m.s.f.DefaultMavenResourcesFiltering - skip non existing resourceDirectory C:\dev_proj_plant\workapace-plant\plant\src\test\resources
2024-11-11 13:00:47,511 [Worker-17: Building] INFO  o.a.m.s.f.DefaultMavenResourcesFiltering - Copying 0 resource from src\main\resources to target\classes
2024-11-11 13:00:47,513 [Worker-17: Building] INFO  o.a.m.s.f.DefaultMavenResourcesFiltering - Copying 1 resource from src\main\resources to target\classes
2024-11-11 13:00:47,515 [Worker-17: Building] INFO  o.a.m.s.f.DefaultMavenResourcesFiltering - skip non existing resourceDirectory C:\dev_proj_plant\workapace-plant\plant\src\test\resources
2024-11-11 13:01:59,914 [Worker-0: Building] INFO  o.a.m.s.f.DefaultMavenResourcesFiltering - Copying 0 resource from src\main\resources to target\classes
2024-11-11 13:01:59,915 [Worker-0: Building] INFO  o.a.m.s.f.DefaultMavenResourcesFiltering - Copying 1 resource from src\main\resources to target\classes
2024-11-11 13:01:59,917 [Worker-0: Building] INFO  o.a.m.s.f.DefaultMavenResourcesFiltering - skip non existing resourceDirectory C:\dev_proj_plant\workapace-plant\plant\src\test\resources
2024-11-11 13:02:37,907 [Worker-12: Building] INFO  o.a.m.s.f.DefaultMavenResourcesFiltering - Copying 0 resource from src\main\resources to target\classes
2024-11-11 13:02:37,908 [Worker-12: Building] INFO  o.a.m.s.f.DefaultMavenResourcesFiltering - Copying 1 resource from src\main\resources to target\classes
2024-11-11 13:02:37,910 [Worker-12: Building] INFO  o.a.m.s.f.DefaultMavenResourcesFiltering - skip non existing resourceDirectory C:\dev_proj_plant\workapace-plant\plant\src\test\resources
2024-11-11 13:03:09,865 [Worker-18: Building] INFO  o.a.m.s.f.DefaultMavenResourcesFiltering - Copying 0 resource from src\main\resources to target\classes
2024-11-11 13:03:09,866 [Worker-18: Building] INFO  o.a.m.s.f.DefaultMavenResourcesFiltering - Copying 1 resource from src\main\resources to target\classes
2024-11-11 13:03:09,868 [Worker-18: Building] INFO  o.a.m.s.f.DefaultMavenResourcesFiltering - skip non existing resourceDirectory C:\dev_proj_plant\workapace-plant\plant\src\test\resources
2024-11-11 13:04:19,618 [Worker-0: Building] INFO  o.a.m.s.f.DefaultMavenResourcesFiltering - Copying 0 resource from src\main\resources to target\classes
2024-11-11 13:04:19,619 [Worker-0: Building] INFO  o.a.m.s.f.DefaultMavenResourcesFiltering - Copying 1 resource from src\main\resources to target\classes
2024-11-11 13:04:19,620 [Worker-0: Building] INFO  o.a.m.s.f.DefaultMavenResourcesFiltering - skip non existing resourceDirectory C:\dev_proj_plant\workapace-plant\plant\src\test\resources
2024-11-11 13:04:46,423 [Worker-12: Building] INFO  o.a.m.s.f.DefaultMavenResourcesFiltering - Copying 0 resource from src\main\resources to target\classes
2024-11-11 13:04:46,424 [Worker-12: Building] INFO  o.a.m.s.f.DefaultMavenResourcesFiltering - Copying 1 resource from src\main\resources to target\classes
2024-11-11 13:04:46,426 [Worker-12: Building] INFO  o.a.m.s.f.DefaultMavenResourcesFiltering - skip non existing resourceDirectory C:\dev_proj_plant\workapace-plant\plant\src\test\resources
2024-11-11 13:04:58,229 [Worker-18: Building] INFO  o.a.m.s.f.DefaultMavenResourcesFiltering - Copying 0 resource from src\main\resources to target\classes
2024-11-11 13:04:58,230 [Worker-18: Building] INFO  o.a.m.s.f.DefaultMavenResourcesFiltering - Copying 1 resource from src\main\resources to target\classes
2024-11-11 13:04:58,232 [Worker-18: Building] INFO  o.a.m.s.f.DefaultMavenResourcesFiltering - skip non existing resourceDirectory C:\dev_proj_plant\workapace-plant\plant\src\test\resources
2024-11-11 13:05:41,846 [Worker-17: Building] INFO  o.a.m.s.f.DefaultMavenResourcesFiltering - Copying 0 resource from src\main\resources to target\classes
2024-11-11 13:05:41,848 [Worker-17: Building] INFO  o.a.m.s.f.DefaultMavenResourcesFiltering - Copying 1 resource from src\main\resources to target\classes
2024-11-11 13:05:41,850 [Worker-17: Building] INFO  o.a.m.s.f.DefaultMavenResourcesFiltering - skip non existing resourceDirectory C:\dev_proj_plant\workapace-plant\plant\src\test\resources
2024-11-11 13:06:09,595 [Worker-17: Building] INFO  o.a.m.s.f.DefaultMavenResourcesFiltering - Copying 0 resource from src\main\resources to target\classes
2024-11-11 13:06:09,596 [Worker-17: Building] INFO  o.a.m.s.f.DefaultMavenResourcesFiltering - Copying 1 resource from src\main\resources to target\classes
2024-11-11 13:06:09,597 [Worker-17: Building] INFO  o.a.m.s.f.DefaultMavenResourcesFiltering - skip non existing resourceDirectory C:\dev_proj_plant\workapace-plant\plant\src\test\resources
2024-11-11 13:06:12,243 [Worker-0: Building] INFO  o.a.m.s.f.DefaultMavenResourcesFiltering - Copying 0 resource from src\main\resources to target\classes
2024-11-11 13:06:12,244 [Worker-0: Building] INFO  o.a.m.s.f.DefaultMavenResourcesFiltering - Copying 1 resource from src\main\resources to target\classes
2024-11-11 13:06:12,246 [Worker-0: Building] INFO  o.a.m.s.f.DefaultMavenResourcesFiltering - skip non existing resourceDirectory C:\dev_proj_plant\workapace-plant\plant\src\test\resources
2024-11-11 13:06:41,466 [Worker-12: Building] INFO  o.a.m.s.f.DefaultMavenResourcesFiltering - Copying 0 resource from src\main\resources to target\classes
2024-11-11 13:06:41,467 [Worker-12: Building] INFO  o.a.m.s.f.DefaultMavenResourcesFiltering - Copying 1 resource from src\main\resources to target\classes
2024-11-11 13:06:41,469 [Worker-12: Building] INFO  o.a.m.s.f.DefaultMavenResourcesFiltering - skip non existing resourceDirectory C:\dev_proj_plant\workapace-plant\plant\src\test\resources
2024-11-11 13:06:42,807 [Worker-18: Building] INFO  o.a.m.s.f.DefaultMavenResourcesFiltering - Copying 0 resource from src\main\resources to target\classes
2024-11-11 13:06:42,808 [Worker-18: Building] INFO  o.a.m.s.f.DefaultMavenResourcesFiltering - Copying 1 resource from src\main\resources to target\classes
2024-11-11 13:06:42,811 [Worker-18: Building] INFO  o.a.m.s.f.DefaultMavenResourcesFiltering - skip non existing resourceDirectory C:\dev_proj_plant\workapace-plant\plant\src\test\resources
2024-11-11 13:39:44,750 [Worker-18: Building] INFO  o.a.m.s.f.DefaultMavenResourcesFiltering - Copying 0 resource from src\main\resources to target\classes
2024-11-11 13:39:44,751 [Worker-18: Building] INFO  o.a.m.s.f.DefaultMavenResourcesFiltering - Copying 1 resource from src\main\resources to target\classes
2024-11-11 13:39:44,753 [Worker-18: Building] INFO  o.a.m.s.f.DefaultMavenResourcesFiltering - skip non existing resourceDirectory C:\dev_proj_plant\workapace-plant\plant\src\test\resources
2024-11-11 13:40:46,747 [Worker-25: Building] INFO  o.a.m.s.f.DefaultMavenResourcesFiltering - Copying 0 resource from src\main\resources to target\classes
2024-11-11 13:40:46,748 [Worker-25: Building] INFO  o.a.m.s.f.DefaultMavenResourcesFiltering - Copying 1 resource from src\main\resources to target\classes
2024-11-11 13:40:46,750 [Worker-25: Building] INFO  o.a.m.s.f.DefaultMavenResourcesFiltering - skip non existing resourceDirectory C:\dev_proj_plant\workapace-plant\plant\src\test\resources
2024-11-11 13:41:43,913 [Worker-25: Building] INFO  o.a.m.s.f.DefaultMavenResourcesFiltering - Copying 0 resource from src\main\resources to target\classes
2024-11-11 13:41:43,915 [Worker-25: Building] INFO  o.a.m.s.f.DefaultMavenResourcesFiltering - Copying 1 resource from src\main\resources to target\classes
2024-11-11 13:41:43,917 [Worker-25: Building] INFO  o.a.m.s.f.DefaultMavenResourcesFiltering - skip non existing resourceDirectory C:\dev_proj_plant\workapace-plant\plant\src\test\resources
2024-11-11 13:42:34,504 [Worker-23: Building] INFO  o.a.m.s.f.DefaultMavenResourcesFiltering - Copying 0 resource from src\main\resources to target\classes
2024-11-11 13:42:34,506 [Worker-23: Building] INFO  o.a.m.s.f.DefaultMavenResourcesFiltering - Copying 1 resource from src\main\resources to target\classes
2024-11-11 13:42:34,509 [Worker-23: Building] INFO  o.a.m.s.f.DefaultMavenResourcesFiltering - skip non existing resourceDirectory C:\dev_proj_plant\workapace-plant\plant\src\test\resources
2024-11-11 13:43:38,324 [Worker-21: Building] INFO  o.a.m.s.f.DefaultMavenResourcesFiltering - Copying 0 resource from src\main\resources to target\classes
2024-11-11 13:43:38,325 [Worker-21: Building] INFO  o.a.m.s.f.DefaultMavenResourcesFiltering - Copying 1 resource from src\main\resources to target\classes
2024-11-11 13:43:38,327 [Worker-21: Building] INFO  o.a.m.s.f.DefaultMavenResourcesFiltering - skip non existing resourceDirectory C:\dev_proj_plant\workapace-plant\plant\src\test\resources
2024-11-11 13:44:00,796 [Worker-11: Building] INFO  o.a.m.s.f.DefaultMavenResourcesFiltering - Copying 0 resource from src\main\resources to target\classes
2024-11-11 13:44:00,797 [Worker-11: Building] INFO  o.a.m.s.f.DefaultMavenResourcesFiltering - Copying 1 resource from src\main\resources to target\classes
2024-11-11 13:44:00,799 [Worker-11: Building] INFO  o.a.m.s.f.DefaultMavenResourcesFiltering - skip non existing resourceDirectory C:\dev_proj_plant\workapace-plant\plant\src\test\resources
2024-11-11 13:44:02,655 [Worker-24: Building] INFO  o.a.m.s.f.DefaultMavenResourcesFiltering - Copying 0 resource from src\main\resources to target\classes
2024-11-11 13:44:02,656 [Worker-24: Building] INFO  o.a.m.s.f.DefaultMavenResourcesFiltering - Copying 1 resource from src\main\resources to target\classes
2024-11-11 13:44:02,658 [Worker-24: Building] INFO  o.a.m.s.f.DefaultMavenResourcesFiltering - skip non existing resourceDirectory C:\dev_proj_plant\workapace-plant\plant\src\test\resources
2024-11-11 13:49:29,811 [Worker-25: Building] INFO  o.a.m.s.f.DefaultMavenResourcesFiltering - Copying 0 resource from src\main\resources to target\classes
2024-11-11 13:49:29,813 [Worker-25: Building] INFO  o.a.m.s.f.DefaultMavenResourcesFiltering - Copying 1 resource from src\main\resources to target\classes
2024-11-11 13:49:29,815 [Worker-25: Building] INFO  o.a.m.s.f.DefaultMavenResourcesFiltering - skip non existing resourceDirectory C:\dev_proj_plant\workapace-plant\plant\src\test\resources
2024-11-11 13:49:33,834 [Worker-28: Building] INFO  o.a.m.s.f.DefaultMavenResourcesFiltering - Copying 0 resource from src\main\resources to target\classes
2024-11-11 13:49:33,835 [Worker-28: Building] INFO  o.a.m.s.f.DefaultMavenResourcesFiltering - Copying 1 resource from src\main\resources to target\classes
2024-11-11 13:49:33,836 [Worker-28: Building] INFO  o.a.m.s.f.DefaultMavenResourcesFiltering - skip non existing resourceDirectory C:\dev_proj_plant\workapace-plant\plant\src\test\resources
2024-11-11 13:50:51,731 [Worker-34: Building] INFO  o.a.m.s.f.DefaultMavenResourcesFiltering - Copying 0 resource from src\main\resources to target\classes
2024-11-11 13:50:51,733 [Worker-34: Building] INFO  o.a.m.s.f.DefaultMavenResourcesFiltering - Copying 1 resource from src\main\resources to target\classes
2024-11-11 13:50:51,735 [Worker-34: Building] INFO  o.a.m.s.f.DefaultMavenResourcesFiltering - skip non existing resourceDirectory C:\dev_proj_plant\workapace-plant\plant\src\test\resources
2024-11-11 13:52:20,613 [Worker-31: Building] INFO  o.a.m.s.f.DefaultMavenResourcesFiltering - Copying 0 resource from src\main\resources to target\classes
2024-11-11 13:52:20,614 [Worker-31: Building] INFO  o.a.m.s.f.DefaultMavenResourcesFiltering - Copying 1 resource from src\main\resources to target\classes
2024-11-11 13:52:20,616 [Worker-31: Building] INFO  o.a.m.s.f.DefaultMavenResourcesFiltering - skip non existing resourceDirectory C:\dev_proj_plant\workapace-plant\plant\src\test\resources
2024-11-11 13:57:54,436 [Worker-40: Building] INFO  o.a.m.s.f.DefaultMavenResourcesFiltering - Copying 0 resource from src\main\resources to target\classes
2024-11-11 13:57:54,437 [Worker-40: Building] INFO  o.a.m.s.f.DefaultMavenResourcesFiltering - Copying 1 resource from src\main\resources to target\classes
2024-11-11 13:57:54,439 [Worker-40: Building] INFO  o.a.m.s.f.DefaultMavenResourcesFiltering - skip non existing resourceDirectory C:\dev_proj_plant\workapace-plant\plant\src\test\resources
2024-11-11 13:58:33,934 [Worker-43: Building] INFO  o.a.m.s.f.DefaultMavenResourcesFiltering - Copying 0 resource from src\main\resources to target\classes
2024-11-11 13:58:33,936 [Worker-43: Building] INFO  o.a.m.s.f.DefaultMavenResourcesFiltering - Copying 1 resource from src\main\resources to target\classes
2024-11-11 13:58:33,938 [Worker-43: Building] INFO  o.a.m.s.f.DefaultMavenResourcesFiltering - skip non existing resourceDirectory C:\dev_proj_plant\workapace-plant\plant\src\test\resources
2024-11-11 13:58:39,229 [Worker-30: Building] INFO  o.a.m.s.f.DefaultMavenResourcesFiltering - Copying 0 resource from src\main\resources to target\classes
2024-11-11 13:58:39,230 [Worker-30: Building] INFO  o.a.m.s.f.DefaultMavenResourcesFiltering - Copying 1 resource from src\main\resources to target\classes
2024-11-11 13:58:39,233 [Worker-30: Building] INFO  o.a.m.s.f.DefaultMavenResourcesFiltering - skip non existing resourceDirectory C:\dev_proj_plant\workapace-plant\plant\src\test\resources
2024-11-11 13:58:40,958 [Worker-39: Building] INFO  o.a.m.s.f.DefaultMavenResourcesFiltering - Copying 0 resource from src\main\resources to target\classes
2024-11-11 13:58:40,959 [Worker-39: Building] INFO  o.a.m.s.f.DefaultMavenResourcesFiltering - Copying 1 resource from src\main\resources to target\classes
2024-11-11 13:58:40,961 [Worker-39: Building] INFO  o.a.m.s.f.DefaultMavenResourcesFiltering - skip non existing resourceDirectory C:\dev_proj_plant\workapace-plant\plant\src\test\resources
2024-11-11 13:59:37,060 [Worker-43: Building] INFO  o.a.m.s.f.DefaultMavenResourcesFiltering - Copying 0 resource from src\main\resources to target\classes
2024-11-11 13:59:37,062 [Worker-43: Building] INFO  o.a.m.s.f.DefaultMavenResourcesFiltering - Copying 1 resource from src\main\resources to target\classes
2024-11-11 13:59:37,064 [Worker-43: Building] INFO  o.a.m.s.f.DefaultMavenResourcesFiltering - skip non existing resourceDirectory C:\dev_proj_plant\workapace-plant\plant\src\test\resources
2024-11-11 13:59:57,759 [Worker-39: Building] INFO  o.a.m.s.f.DefaultMavenResourcesFiltering - Copying 0 resource from src\main\resources to target\classes
2024-11-11 13:59:57,761 [Worker-39: Building] INFO  o.a.m.s.f.DefaultMavenResourcesFiltering - Copying 1 resource from src\main\resources to target\classes
2024-11-11 13:59:57,763 [Worker-39: Building] INFO  o.a.m.s.f.DefaultMavenResourcesFiltering - skip non existing resourceDirectory C:\dev_proj_plant\workapace-plant\plant\src\test\resources
2024-11-11 14:00:25,089 [Worker-42: Building] INFO  o.a.m.s.f.DefaultMavenResourcesFiltering - Copying 0 resource from src\main\resources to target\classes
2024-11-11 14:00:25,090 [Worker-42: Building] INFO  o.a.m.s.f.DefaultMavenResourcesFiltering - Copying 1 resource from src\main\resources to target\classes
2024-11-11 14:00:25,093 [Worker-42: Building] INFO  o.a.m.s.f.DefaultMavenResourcesFiltering - skip non existing resourceDirectory C:\dev_proj_plant\workapace-plant\plant\src\test\resources
2024-11-11 14:01:04,410 [Worker-30: Building] INFO  o.a.m.s.f.DefaultMavenResourcesFiltering - Copying 0 resource from src\main\resources to target\classes
2024-11-11 14:01:04,414 [Worker-30: Building] INFO  o.a.m.s.f.DefaultMavenResourcesFiltering - Copying 1 resource from src\main\resources to target\classes
2024-11-11 14:01:04,417 [Worker-30: Building] INFO  o.a.m.s.f.DefaultMavenResourcesFiltering - skip non existing resourceDirectory C:\dev_proj_plant\workapace-plant\plant\src\test\resources
2024-11-11 14:01:23,456 [Worker-30: Building] INFO  o.a.m.s.f.DefaultMavenResourcesFiltering - Copying 0 resource from src\main\resources to target\classes
2024-11-11 14:01:23,458 [Worker-30: Building] INFO  o.a.m.s.f.DefaultMavenResourcesFiltering - Copying 1 resource from src\main\resources to target\classes
2024-11-11 14:01:23,459 [Worker-30: Building] INFO  o.a.m.s.f.DefaultMavenResourcesFiltering - skip non existing resourceDirectory C:\dev_proj_plant\workapace-plant\plant\src\test\resources
2024-11-11 14:01:36,263 [Worker-41: Building] INFO  o.a.m.s.f.DefaultMavenResourcesFiltering - Copying 0 resource from src\main\resources to target\classes
2024-11-11 14:01:36,265 [Worker-41: Building] INFO  o.a.m.s.f.DefaultMavenResourcesFiltering - Copying 1 resource from src\main\resources to target\classes
2024-11-11 14:01:36,267 [Worker-41: Building] INFO  o.a.m.s.f.DefaultMavenResourcesFiltering - skip non existing resourceDirectory C:\dev_proj_plant\workapace-plant\plant\src\test\resources
2024-11-11 14:02:01,353 [Worker-43: Building] INFO  o.a.m.s.f.DefaultMavenResourcesFiltering - Copying 0 resource from src\main\resources to target\classes
2024-11-11 14:02:01,355 [Worker-43: Building] INFO  o.a.m.s.f.DefaultMavenResourcesFiltering - Copying 1 resource from src\main\resources to target\classes
2024-11-11 14:02:01,357 [Worker-43: Building] INFO  o.a.m.s.f.DefaultMavenResourcesFiltering - skip non existing resourceDirectory C:\dev_proj_plant\workapace-plant\plant\src\test\resources
2024-11-11 14:02:08,603 [Worker-41: Building] INFO  o.a.m.s.f.DefaultMavenResourcesFiltering - Copying 0 resource from src\main\resources to target\classes
2024-11-11 14:02:08,604 [Worker-41: Building] INFO  o.a.m.s.f.DefaultMavenResourcesFiltering - Copying 1 resource from src\main\resources to target\classes
2024-11-11 14:02:08,606 [Worker-41: Building] INFO  o.a.m.s.f.DefaultMavenResourcesFiltering - skip non existing resourceDirectory C:\dev_proj_plant\workapace-plant\plant\src\test\resources
2024-11-11 14:07:32,979 [Worker-44: Building] INFO  o.a.m.s.f.DefaultMavenResourcesFiltering - Copying 0 resource from src\main\resources to target\classes
2024-11-11 14:07:32,981 [Worker-44: Building] INFO  o.a.m.s.f.DefaultMavenResourcesFiltering - Copying 1 resource from src\main\resources to target\classes
2024-11-11 14:07:32,984 [Worker-44: Building] INFO  o.a.m.s.f.DefaultMavenResourcesFiltering - skip non existing resourceDirectory C:\dev_proj_plant\workapace-plant\plant\src\test\resources
2024-11-11 14:08:22,875 [Worker-45: Building] INFO  o.a.m.s.f.DefaultMavenResourcesFiltering - Copying 0 resource from src\main\resources to target\classes
2024-11-11 14:08:22,876 [Worker-45: Building] INFO  o.a.m.s.f.DefaultMavenResourcesFiltering - Copying 1 resource from src\main\resources to target\classes
2024-11-11 14:08:22,878 [Worker-45: Building] INFO  o.a.m.s.f.DefaultMavenResourcesFiltering - skip non existing resourceDirectory C:\dev_proj_plant\workapace-plant\plant\src\test\resources
2024-11-11 14:08:37,370 [Worker-46: Building] INFO  o.a.m.s.f.DefaultMavenResourcesFiltering - Copying 0 resource from src\main\resources to target\classes
2024-11-11 14:08:37,372 [Worker-46: Building] INFO  o.a.m.s.f.DefaultMavenResourcesFiltering - Copying 1 resource from src\main\resources to target\classes
2024-11-11 14:08:37,376 [Worker-46: Building] INFO  o.a.m.s.f.DefaultMavenResourcesFiltering - skip non existing resourceDirectory C:\dev_proj_plant\workapace-plant\plant\src\test\resources
2024-11-11 14:09:06,125 [Worker-41: Building] INFO  o.a.m.s.f.DefaultMavenResourcesFiltering - Copying 0 resource from src\main\resources to target\classes
2024-11-11 14:09:06,126 [Worker-41: Building] INFO  o.a.m.s.f.DefaultMavenResourcesFiltering - Copying 1 resource from src\main\resources to target\classes
2024-11-11 14:09:06,128 [Worker-41: Building] INFO  o.a.m.s.f.DefaultMavenResourcesFiltering - skip non existing resourceDirectory C:\dev_proj_plant\workapace-plant\plant\src\test\resources
2024-11-11 14:11:10,633 [Worker-42: Building] INFO  o.a.m.s.f.DefaultMavenResourcesFiltering - Copying 0 resource from src\main\resources to target\classes
2024-11-11 14:11:10,634 [Worker-42: Building] INFO  o.a.m.s.f.DefaultMavenResourcesFiltering - Copying 1 resource from src\main\resources to target\classes
2024-11-11 14:11:10,637 [Worker-42: Building] INFO  o.a.m.s.f.DefaultMavenResourcesFiltering - skip non existing resourceDirectory C:\dev_proj_plant\workapace-plant\plant\src\test\resources
2024-11-11 14:11:12,527 [Worker-49: Building] INFO  o.a.m.s.f.DefaultMavenResourcesFiltering - Copying 0 resource from src\main\resources to target\classes
2024-11-11 14:11:12,529 [Worker-49: Building] INFO  o.a.m.s.f.DefaultMavenResourcesFiltering - Copying 1 resource from src\main\resources to target\classes
2024-11-11 14:11:12,531 [Worker-49: Building] INFO  o.a.m.s.f.DefaultMavenResourcesFiltering - skip non existing resourceDirectory C:\dev_proj_plant\workapace-plant\plant\src\test\resources
2024-11-11 14:11:33,371 [Worker-42: Building] INFO  o.a.m.s.f.DefaultMavenResourcesFiltering - Copying 0 resource from src\main\resources to target\classes
2024-11-11 14:11:33,373 [Worker-42: Building] INFO  o.a.m.s.f.DefaultMavenResourcesFiltering - Copying 1 resource from src\main\resources to target\classes
2024-11-11 14:11:33,374 [Worker-42: Building] INFO  o.a.m.s.f.DefaultMavenResourcesFiltering - skip non existing resourceDirectory C:\dev_proj_plant\workapace-plant\plant\src\test\resources
2024-11-11 14:12:18,430 [Worker-44: Building] INFO  o.a.m.s.f.DefaultMavenResourcesFiltering - Copying 0 resource from src\main\resources to target\classes
2024-11-11 14:12:18,432 [Worker-44: Building] INFO  o.a.m.s.f.DefaultMavenResourcesFiltering - Copying 1 resource from src\main\resources to target\classes
2024-11-11 14:12:18,434 [Worker-44: Building] INFO  o.a.m.s.f.DefaultMavenResourcesFiltering - skip non existing resourceDirectory C:\dev_proj_plant\workapace-plant\plant\src\test\resources
2024-11-11 14:12:37,224 [Worker-48: Building] INFO  o.a.m.s.f.DefaultMavenResourcesFiltering - Copying 0 resource from src\main\resources to target\classes
2024-11-11 14:12:37,225 [Worker-48: Building] INFO  o.a.m.s.f.DefaultMavenResourcesFiltering - Copying 1 resource from src\main\resources to target\classes
2024-11-11 14:12:37,227 [Worker-48: Building] INFO  o.a.m.s.f.DefaultMavenResourcesFiltering - skip non existing resourceDirectory C:\dev_proj_plant\workapace-plant\plant\src\test\resources
2024-11-11 14:13:37,717 [Worker-49: Building] INFO  o.a.m.s.f.DefaultMavenResourcesFiltering - Copying 0 resource from src\main\resources to target\classes
2024-11-11 14:13:37,718 [Worker-49: Building] INFO  o.a.m.s.f.DefaultMavenResourcesFiltering - Copying 1 resource from src\main\resources to target\classes
2024-11-11 14:13:37,720 [Worker-49: Building] INFO  o.a.m.s.f.DefaultMavenResourcesFiltering - skip non existing resourceDirectory C:\dev_proj_plant\workapace-plant\plant\src\test\resources
2024-11-11 14:13:53,314 [Worker-42: Building] INFO  o.a.m.s.f.DefaultMavenResourcesFiltering - Copying 0 resource from src\main\resources to target\classes
2024-11-11 14:13:53,315 [Worker-42: Building] INFO  o.a.m.s.f.DefaultMavenResourcesFiltering - Copying 1 resource from src\main\resources to target\classes
2024-11-11 14:13:53,317 [Worker-42: Building] INFO  o.a.m.s.f.DefaultMavenResourcesFiltering - skip non existing resourceDirectory C:\dev_proj_plant\workapace-plant\plant\src\test\resources
2024-11-11 14:15:11,448 [Worker-49: Building] INFO  o.a.m.s.f.DefaultMavenResourcesFiltering - Copying 0 resource from src\main\resources to target\classes
2024-11-11 14:15:11,450 [Worker-49: Building] INFO  o.a.m.s.f.DefaultMavenResourcesFiltering - Copying 1 resource from src\main\resources to target\classes
2024-11-11 14:15:11,453 [Worker-49: Building] INFO  o.a.m.s.f.DefaultMavenResourcesFiltering - skip non existing resourceDirectory C:\dev_proj_plant\workapace-plant\plant\src\test\resources
2024-11-11 14:15:55,496 [Worker-51: Building] INFO  o.a.m.s.f.DefaultMavenResourcesFiltering - Copying 0 resource from src\main\resources to target\classes
2024-11-11 14:15:55,498 [Worker-51: Building] INFO  o.a.m.s.f.DefaultMavenResourcesFiltering - Copying 1 resource from src\main\resources to target\classes
2024-11-11 14:15:55,500 [Worker-51: Building] INFO  o.a.m.s.f.DefaultMavenResourcesFiltering - skip non existing resourceDirectory C:\dev_proj_plant\workapace-plant\plant\src\test\resources
2024-11-11 14:16:39,040 [Worker-49: Building] INFO  o.a.m.s.f.DefaultMavenResourcesFiltering - Copying 0 resource from src\main\resources to target\classes
2024-11-11 14:16:39,042 [Worker-49: Building] INFO  o.a.m.s.f.DefaultMavenResourcesFiltering - Copying 1 resource from src\main\resources to target\classes
2024-11-11 14:16:39,044 [Worker-49: Building] INFO  o.a.m.s.f.DefaultMavenResourcesFiltering - skip non existing resourceDirectory C:\dev_proj_plant\workapace-plant\plant\src\test\resources
2024-11-11 14:17:19,628 [Worker-51: Building] INFO  o.a.m.s.f.DefaultMavenResourcesFiltering - Copying 0 resource from src\main\resources to target\classes
2024-11-11 14:17:19,630 [Worker-51: Building] INFO  o.a.m.s.f.DefaultMavenResourcesFiltering - Copying 1 resource from src\main\resources to target\classes
2024-11-11 14:17:19,633 [Worker-51: Building] INFO  o.a.m.s.f.DefaultMavenResourcesFiltering - skip non existing resourceDirectory C:\dev_proj_plant\workapace-plant\plant\src\test\resources
2024-11-11 14:18:05,964 [Worker-50: Building] INFO  o.a.m.s.f.DefaultMavenResourcesFiltering - Copying 0 resource from src\main\resources to target\classes
2024-11-11 14:18:05,966 [Worker-50: Building] INFO  o.a.m.s.f.DefaultMavenResourcesFiltering - Copying 1 resource from src\main\resources to target\classes
2024-11-11 14:18:05,969 [Worker-50: Building] INFO  o.a.m.s.f.DefaultMavenResourcesFiltering - skip non existing resourceDirectory C:\dev_proj_plant\workapace-plant\plant\src\test\resources
2024-11-11 14:18:59,997 [Worker-51: Building] INFO  o.a.m.s.f.DefaultMavenResourcesFiltering - Copying 0 resource from src\main\resources to target\classes
2024-11-11 14:18:59,999 [Worker-51: Building] INFO  o.a.m.s.f.DefaultMavenResourcesFiltering - Copying 1 resource from src\main\resources to target\classes
2024-11-11 14:19:00,001 [Worker-51: Building] INFO  o.a.m.s.f.DefaultMavenResourcesFiltering - skip non existing resourceDirectory C:\dev_proj_plant\workapace-plant\plant\src\test\resources
2024-11-11 14:19:06,051 [Worker-49: Building] INFO  o.a.m.s.f.DefaultMavenResourcesFiltering - Copying 0 resource from src\main\resources to target\classes
2024-11-11 14:19:06,054 [Worker-49: Building] INFO  o.a.m.s.f.DefaultMavenResourcesFiltering - Copying 1 resource from src\main\resources to target\classes
2024-11-11 14:19:06,056 [Worker-49: Building] INFO  o.a.m.s.f.DefaultMavenResourcesFiltering - skip non existing resourceDirectory C:\dev_proj_plant\workapace-plant\plant\src\test\resources
2024-11-11 14:21:03,186 [Worker-55: Building] INFO  o.a.m.s.f.DefaultMavenResourcesFiltering - Copying 0 resource from src\main\resources to target\classes
2024-11-11 14:21:03,188 [Worker-55: Building] INFO  o.a.m.s.f.DefaultMavenResourcesFiltering - Copying 1 resource from src\main\resources to target\classes
2024-11-11 14:21:03,190 [Worker-55: Building] INFO  o.a.m.s.f.DefaultMavenResourcesFiltering - skip non existing resourceDirectory C:\dev_proj_plant\workapace-plant\plant\src\test\resources
2024-11-11 14:23:09,500 [Worker-57: Building] INFO  o.a.m.s.f.DefaultMavenResourcesFiltering - Copying 0 resource from src\main\resources to target\classes
2024-11-11 14:23:09,502 [Worker-57: Building] INFO  o.a.m.s.f.DefaultMavenResourcesFiltering - Copying 1 resource from src\main\resources to target\classes
2024-11-11 14:23:09,505 [Worker-57: Building] INFO  o.a.m.s.f.DefaultMavenResourcesFiltering - skip non existing resourceDirectory C:\dev_proj_plant\workapace-plant\plant\src\test\resources
2024-11-11 14:24:16,330 [Worker-59: Building] INFO  o.a.m.s.f.DefaultMavenResourcesFiltering - Copying 0 resource from src\main\resources to target\classes
2024-11-11 14:24:16,331 [Worker-59: Building] INFO  o.a.m.s.f.DefaultMavenResourcesFiltering - Copying 1 resource from src\main\resources to target\classes
2024-11-11 14:24:16,334 [Worker-59: Building] INFO  o.a.m.s.f.DefaultMavenResourcesFiltering - skip non existing resourceDirectory C:\dev_proj_plant\workapace-plant\plant\src\test\resources
2024-11-11 14:24:37,091 [Worker-60: Building] INFO  o.a.m.s.f.DefaultMavenResourcesFiltering - Copying 0 resource from src\main\resources to target\classes
2024-11-11 14:24:37,093 [Worker-60: Building] INFO  o.a.m.s.f.DefaultMavenResourcesFiltering - Copying 1 resource from src\main\resources to target\classes
2024-11-11 14:24:37,095 [Worker-60: Building] INFO  o.a.m.s.f.DefaultMavenResourcesFiltering - skip non existing resourceDirectory C:\dev_proj_plant\workapace-plant\plant\src\test\resources
2024-11-11 14:27:39,725 [Worker-58: Building] INFO  o.a.m.s.f.DefaultMavenResourcesFiltering - Copying 0 resource from src\main\resources to target\classes
2024-11-11 14:27:39,727 [Worker-58: Building] INFO  o.a.m.s.f.DefaultMavenResourcesFiltering - Copying 1 resource from src\main\resources to target\classes
2024-11-11 14:27:39,729 [Worker-58: Building] INFO  o.a.m.s.f.DefaultMavenResourcesFiltering - skip non existing resourceDirectory C:\dev_proj_plant\workapace-plant\plant\src\test\resources
2024-11-11 14:33:23,113 [Worker-58: Building] INFO  o.a.m.s.f.DefaultMavenResourcesFiltering - Copying 0 resource from src\main\resources to target\classes
2024-11-11 14:33:23,115 [Worker-58: Building] INFO  o.a.m.s.f.DefaultMavenResourcesFiltering - Copying 1 resource from src\main\resources to target\classes
2024-11-11 14:33:23,118 [Worker-58: Building] INFO  o.a.m.s.f.DefaultMavenResourcesFiltering - skip non existing resourceDirectory C:\dev_proj_plant\workapace-plant\plant\src\test\resources
2024-11-11 14:35:26,179 [Worker-64: Building] INFO  o.a.m.s.f.DefaultMavenResourcesFiltering - Copying 0 resource from src\main\resources to target\classes
2024-11-11 14:35:26,181 [Worker-64: Building] INFO  o.a.m.s.f.DefaultMavenResourcesFiltering - Copying 1 resource from src\main\resources to target\classes
2024-11-11 14:35:26,184 [Worker-64: Building] INFO  o.a.m.s.f.DefaultMavenResourcesFiltering - skip non existing resourceDirectory C:\dev_proj_plant\workapace-plant\plant\src\test\resources
2024-11-11 14:35:33,899 [Worker-64: Building] INFO  o.a.m.s.f.DefaultMavenResourcesFiltering - Copying 0 resource from src\main\resources to target\classes
2024-11-11 14:35:33,901 [Worker-64: Building] INFO  o.a.m.s.f.DefaultMavenResourcesFiltering - Copying 1 resource from src\main\resources to target\classes
2024-11-11 14:35:33,904 [Worker-64: Building] INFO  o.a.m.s.f.DefaultMavenResourcesFiltering - skip non existing resourceDirectory C:\dev_proj_plant\workapace-plant\plant\src\test\resources
2024-11-11 14:38:43,412 [Worker-68: Building] INFO  o.a.m.s.f.DefaultMavenResourcesFiltering - Copying 0 resource from src\main\resources to target\classes
2024-11-11 14:38:43,413 [Worker-68: Building] INFO  o.a.m.s.f.DefaultMavenResourcesFiltering - Copying 1 resource from src\main\resources to target\classes
2024-11-11 14:38:43,416 [Worker-68: Building] INFO  o.a.m.s.f.DefaultMavenResourcesFiltering - skip non existing resourceDirectory C:\dev_proj_plant\workapace-plant\plant\src\test\resources
2024-11-11 14:38:52,245 [Worker-70: Building] INFO  o.a.m.s.f.DefaultMavenResourcesFiltering - Copying 0 resource from src\main\resources to target\classes
2024-11-11 14:38:52,247 [Worker-70: Building] INFO  o.a.m.s.f.DefaultMavenResourcesFiltering - Copying 1 resource from src\main\resources to target\classes
2024-11-11 14:38:52,248 [Worker-70: Building] INFO  o.a.m.s.f.DefaultMavenResourcesFiltering - skip non existing resourceDirectory C:\dev_proj_plant\workapace-plant\plant\src\test\resources
2024-11-11 14:43:15,803 [Worker-73: Building] INFO  o.a.m.s.f.DefaultMavenResourcesFiltering - Copying 0 resource from src\main\resources to target\classes
2024-11-11 14:43:15,805 [Worker-73: Building] INFO  o.a.m.s.f.DefaultMavenResourcesFiltering - Copying 1 resource from src\main\resources to target\classes
2024-11-11 14:43:15,807 [Worker-73: Building] INFO  o.a.m.s.f.DefaultMavenResourcesFiltering - skip non existing resourceDirectory C:\dev_proj_plant\workapace-plant\plant\src\test\resources
2024-11-11 14:43:33,406 [Worker-65: Building] INFO  o.a.m.s.f.DefaultMavenResourcesFiltering - Copying 0 resource from src\main\resources to target\classes
2024-11-11 14:43:33,408 [Worker-65: Building] INFO  o.a.m.s.f.DefaultMavenResourcesFiltering - Copying 1 resource from src\main\resources to target\classes
2024-11-11 14:43:33,411 [Worker-65: Building] INFO  o.a.m.s.f.DefaultMavenResourcesFiltering - skip non existing resourceDirectory C:\dev_proj_plant\workapace-plant\plant\src\test\resources
2024-11-11 14:43:42,680 [Worker-74: Building] INFO  o.a.m.s.f.DefaultMavenResourcesFiltering - Copying 0 resource from src\main\resources to target\classes
2024-11-11 14:43:42,682 [Worker-74: Building] INFO  o.a.m.s.f.DefaultMavenResourcesFiltering - Copying 1 resource from src\main\resources to target\classes
2024-11-11 14:43:42,684 [Worker-74: Building] INFO  o.a.m.s.f.DefaultMavenResourcesFiltering - skip non existing resourceDirectory C:\dev_proj_plant\workapace-plant\plant\src\test\resources
2024-11-11 14:43:49,259 [Worker-73: Building] INFO  o.a.m.s.f.DefaultMavenResourcesFiltering - Copying 0 resource from src\main\resources to target\classes
2024-11-11 14:43:49,261 [Worker-73: Building] INFO  o.a.m.s.f.DefaultMavenResourcesFiltering - Copying 1 resource from src\main\resources to target\classes
2024-11-11 14:43:49,263 [Worker-73: Building] INFO  o.a.m.s.f.DefaultMavenResourcesFiltering - skip non existing resourceDirectory C:\dev_proj_plant\workapace-plant\plant\src\test\resources
2024-11-11 14:43:56,636 [Worker-72: Building] INFO  o.a.m.s.f.DefaultMavenResourcesFiltering - Copying 0 resource from src\main\resources to target\classes
2024-11-11 14:43:56,638 [Worker-72: Building] INFO  o.a.m.s.f.DefaultMavenResourcesFiltering - Copying 1 resource from src\main\resources to target\classes
2024-11-11 14:43:56,640 [Worker-72: Building] INFO  o.a.m.s.f.DefaultMavenResourcesFiltering - skip non existing resourceDirectory C:\dev_proj_plant\workapace-plant\plant\src\test\resources
2024-11-11 14:44:06,061 [Worker-72: Building] INFO  o.a.m.s.f.DefaultMavenResourcesFiltering - Copying 0 resource from src\main\resources to target\classes
2024-11-11 14:44:06,063 [Worker-72: Building] INFO  o.a.m.s.f.DefaultMavenResourcesFiltering - Copying 1 resource from src\main\resources to target\classes
2024-11-11 14:44:06,066 [Worker-72: Building] INFO  o.a.m.s.f.DefaultMavenResourcesFiltering - skip non existing resourceDirectory C:\dev_proj_plant\workapace-plant\plant\src\test\resources
2024-11-11 14:44:15,747 [Worker-72: Building] INFO  o.a.m.s.f.DefaultMavenResourcesFiltering - Copying 0 resource from src\main\resources to target\classes
2024-11-11 14:44:15,749 [Worker-72: Building] INFO  o.a.m.s.f.DefaultMavenResourcesFiltering - Copying 1 resource from src\main\resources to target\classes
2024-11-11 14:44:15,751 [Worker-72: Building] INFO  o.a.m.s.f.DefaultMavenResourcesFiltering - skip non existing resourceDirectory C:\dev_proj_plant\workapace-plant\plant\src\test\resources
2024-11-11 14:47:30,969 [Worker-40: Building] INFO  o.a.m.s.f.DefaultMavenResourcesFiltering - Copying 0 resource from src\main\resources to target\classes
2024-11-11 14:47:30,971 [Worker-40: Building] INFO  o.a.m.s.f.DefaultMavenResourcesFiltering - Copying 1 resource from src\main\resources to target\classes
2024-11-11 14:47:30,972 [Worker-40: Building] INFO  o.a.m.s.f.DefaultMavenResourcesFiltering - skip non existing resourceDirectory C:\dev_proj_plant\workapace-plant\plant\src\test\resources
2024-11-11 14:52:24,785 [Worker-80: Building] INFO  o.a.m.s.f.DefaultMavenResourcesFiltering - Copying 0 resource from src\main\resources to target\classes
2024-11-11 14:52:24,787 [Worker-80: Building] INFO  o.a.m.s.f.DefaultMavenResourcesFiltering - Copying 1 resource from src\main\resources to target\classes
2024-11-11 14:52:24,789 [Worker-80: Building] INFO  o.a.m.s.f.DefaultMavenResourcesFiltering - skip non existing resourceDirectory C:\dev_proj_plant\workapace-plant\plant\src\test\resources
2024-11-11 14:52:44,873 [Worker-82: Building] INFO  o.a.m.s.f.DefaultMavenResourcesFiltering - Copying 0 resource from src\main\resources to target\classes
2024-11-11 14:52:44,874 [Worker-82: Building] INFO  o.a.m.s.f.DefaultMavenResourcesFiltering - Copying 1 resource from src\main\resources to target\classes
2024-11-11 14:52:44,877 [Worker-82: Building] INFO  o.a.m.s.f.DefaultMavenResourcesFiltering - skip non existing resourceDirectory C:\dev_proj_plant\workapace-plant\plant\src\test\resources
2024-11-11 14:55:33,911 [Worker-80: Building] INFO  o.a.m.s.f.DefaultMavenResourcesFiltering - Copying 0 resource from src\main\resources to target\classes
2024-11-11 14:55:33,914 [Worker-80: Building] INFO  o.a.m.s.f.DefaultMavenResourcesFiltering - Copying 1 resource from src\main\resources to target\classes
2024-11-11 14:55:33,916 [Worker-80: Building] INFO  o.a.m.s.f.DefaultMavenResourcesFiltering - skip non existing resourceDirectory C:\dev_proj_plant\workapace-plant\plant\src\test\resources
2024-11-11 14:55:42,712 [Worker-85: Building] INFO  o.a.m.s.f.DefaultMavenResourcesFiltering - Copying 0 resource from src\main\resources to target\classes
2024-11-11 14:55:42,714 [Worker-85: Building] INFO  o.a.m.s.f.DefaultMavenResourcesFiltering - Copying 1 resource from src\main\resources to target\classes
2024-11-11 14:55:42,715 [Worker-85: Building] INFO  o.a.m.s.f.DefaultMavenResourcesFiltering - skip non existing resourceDirectory C:\dev_proj_plant\workapace-plant\plant\src\test\resources
2024-11-11 14:57:33,769 [Worker-89: Building] INFO  o.a.m.s.f.DefaultMavenResourcesFiltering - Copying 0 resource from src\main\resources to target\classes
2024-11-11 14:57:33,771 [Worker-89: Building] INFO  o.a.m.s.f.DefaultMavenResourcesFiltering - Copying 1 resource from src\main\resources to target\classes
2024-11-11 14:57:33,775 [Worker-89: Building] INFO  o.a.m.s.f.DefaultMavenResourcesFiltering - skip non existing resourceDirectory C:\dev_proj_plant\workapace-plant\plant\src\test\resources
2024-11-11 14:57:41,714 [Worker-85: Building] INFO  o.a.m.s.f.DefaultMavenResourcesFiltering - Copying 0 resource from src\main\resources to target\classes
2024-11-11 14:57:41,715 [Worker-85: Building] INFO  o.a.m.s.f.DefaultMavenResourcesFiltering - Copying 1 resource from src\main\resources to target\classes
2024-11-11 14:57:41,718 [Worker-85: Building] INFO  o.a.m.s.f.DefaultMavenResourcesFiltering - skip non existing resourceDirectory C:\dev_proj_plant\workapace-plant\plant\src\test\resources
2024-11-11 14:59:33,536 [Worker-90: Building] INFO  o.a.m.s.f.DefaultMavenResourcesFiltering - Copying 0 resource from src\main\resources to target\classes
2024-11-11 14:59:33,537 [Worker-90: Building] INFO  o.a.m.s.f.DefaultMavenResourcesFiltering - Copying 1 resource from src\main\resources to target\classes
2024-11-11 14:59:33,539 [Worker-90: Building] INFO  o.a.m.s.f.DefaultMavenResourcesFiltering - skip non existing resourceDirectory C:\dev_proj_plant\workapace-plant\plant\src\test\resources
2024-11-11 15:00:08,296 [Worker-94: Building] INFO  o.a.m.s.f.DefaultMavenResourcesFiltering - Copying 0 resource from src\main\resources to target\classes
2024-11-11 15:00:08,297 [Worker-94: Building] INFO  o.a.m.s.f.DefaultMavenResourcesFiltering - Copying 0 resource from src\main\resources to target\classes
2024-11-11 15:00:08,299 [Worker-94: Building] INFO  o.a.m.s.f.DefaultMavenResourcesFiltering - skip non existing resourceDirectory C:\dev_proj_plant\workapace-plant\plant\src\test\resources
2024-11-11 15:01:52,859 [Worker-93: Building] INFO  o.a.m.s.f.DefaultMavenResourcesFiltering - Copying 0 resource from src\main\resources to target\classes
2024-11-11 15:01:52,861 [Worker-93: Building] INFO  o.a.m.s.f.DefaultMavenResourcesFiltering - Copying 1 resource from src\main\resources to target\classes
2024-11-11 15:01:52,862 [Worker-93: Building] INFO  o.a.m.s.f.DefaultMavenResourcesFiltering - skip non existing resourceDirectory C:\dev_proj_plant\workapace-plant\plant\src\test\resources
2024-11-11 15:02:14,497 [Worker-96: Building] INFO  o.a.m.s.f.DefaultMavenResourcesFiltering - Copying 0 resource from src\main\resources to target\classes
2024-11-11 15:02:14,498 [Worker-96: Building] INFO  o.a.m.s.f.DefaultMavenResourcesFiltering - Copying 1 resource from src\main\resources to target\classes
2024-11-11 15:02:14,501 [Worker-96: Building] INFO  o.a.m.s.f.DefaultMavenResourcesFiltering - skip non existing resourceDirectory C:\dev_proj_plant\workapace-plant\plant\src\test\resources
2024-11-11 15:05:01,448 [Worker-99: Building] INFO  o.a.m.s.f.DefaultMavenResourcesFiltering - Copying 0 resource from src\main\resources to target\classes
2024-11-11 15:05:01,450 [Worker-99: Building] INFO  o.a.m.s.f.DefaultMavenResourcesFiltering - Copying 1 resource from src\main\resources to target\classes
2024-11-11 15:05:01,452 [Worker-99: Building] INFO  o.a.m.s.f.DefaultMavenResourcesFiltering - skip non existing resourceDirectory C:\dev_proj_plant\workapace-plant\plant\src\test\resources
2024-11-11 15:05:57,806 [Worker-102: Building] INFO  o.a.m.s.f.DefaultMavenResourcesFiltering - Copying 1 resource from src\main\resources to target\classes
2024-11-11 15:05:57,816 [Worker-102: Building] INFO  o.a.m.s.f.DefaultMavenResourcesFiltering - Copying 16 resources from src\main\resources to target\classes
2024-11-11 15:05:57,821 [Worker-102: Building] INFO  o.a.m.s.f.DefaultMavenResourcesFiltering - skip non existing resourceDirectory C:\dev_proj_plant\workapace-plant\plant\src\test\resources
2024-11-11 15:06:11,191 [Worker-98: Building] INFO  o.a.m.s.f.DefaultMavenResourcesFiltering - Copying 1 resource from src\main\resources to target\classes
2024-11-11 15:06:11,196 [Worker-98: Building] INFO  o.a.m.s.f.DefaultMavenResourcesFiltering - Copying 16 resources from src\main\resources to target\classes
2024-11-11 15:06:11,199 [Worker-98: Building] INFO  o.a.m.s.f.DefaultMavenResourcesFiltering - skip non existing resourceDirectory C:\dev_proj_plant\workapace-plant\plant\src\test\resources
2024-11-11 15:07:11,694 [Worker-98: Building] INFO  o.a.m.s.f.DefaultMavenResourcesFiltering - Copying 1 resource from src\main\resources to target\classes
2024-11-11 15:07:11,698 [Worker-98: Building] INFO  o.a.m.s.f.DefaultMavenResourcesFiltering - Copying 16 resources from src\main\resources to target\classes
2024-11-11 15:07:11,700 [Worker-98: Building] INFO  o.a.m.s.f.DefaultMavenResourcesFiltering - skip non existing resourceDirectory C:\dev_proj_plant\workapace-plant\plant\src\test\resources
2024-11-11 15:07:19,870 [Worker-99: Building] INFO  o.a.m.s.f.DefaultMavenResourcesFiltering - Copying 0 resource from src\main\resources to target\classes
2024-11-11 15:07:19,872 [Worker-99: Building] INFO  o.a.m.s.f.DefaultMavenResourcesFiltering - Copying 1 resource from src\main\resources to target\classes
2024-11-11 15:07:19,885 [Worker-99: Building] INFO  o.a.m.s.f.DefaultMavenResourcesFiltering - skip non existing resourceDirectory C:\dev_proj_plant\workapace-plant\plant\src\test\resources
2024-11-11 15:07:24,301 [Worker-98: Building] INFO  o.a.m.s.f.DefaultMavenResourcesFiltering - Copying 0 resource from src\main\resources to target\classes
2024-11-11 15:07:24,303 [Worker-98: Building] INFO  o.a.m.s.f.DefaultMavenResourcesFiltering - Copying 1 resource from src\main\resources to target\classes
2024-11-11 15:07:24,305 [Worker-98: Building] INFO  o.a.m.s.f.DefaultMavenResourcesFiltering - skip non existing resourceDirectory C:\dev_proj_plant\workapace-plant\plant\src\test\resources
2024-11-11 15:09:16,680 [Worker-98: Building] INFO  o.a.m.s.f.DefaultMavenResourcesFiltering - Copying 0 resource from src\main\resources to target\classes
2024-11-11 15:09:16,681 [Worker-98: Building] INFO  o.a.m.s.f.DefaultMavenResourcesFiltering - Copying 1 resource from src\main\resources to target\classes
2024-11-11 15:09:16,683 [Worker-98: Building] INFO  o.a.m.s.f.DefaultMavenResourcesFiltering - skip non existing resourceDirectory C:\dev_proj_plant\workapace-plant\plant\src\test\resources
2024-11-11 15:12:51,446 [Worker-105: Building] INFO  o.a.m.s.f.DefaultMavenResourcesFiltering - Copying 1 resource from src\main\resources to target\classes
2024-11-11 15:12:51,450 [Worker-105: Building] INFO  o.a.m.s.f.DefaultMavenResourcesFiltering - Copying 17 resources from src\main\resources to target\classes
2024-11-11 15:12:51,453 [Worker-105: Building] INFO  o.a.m.s.f.DefaultMavenResourcesFiltering - skip non existing resourceDirectory C:\dev_proj_plant\workapace-plant\plant\src\test\resources
2024-11-11 15:15:03,901 [Worker-108: Building] INFO  o.a.m.s.f.DefaultMavenResourcesFiltering - Copying 1 resource from src\main\resources to target\classes
2024-11-11 15:15:03,905 [Worker-108: Building] INFO  o.a.m.s.f.DefaultMavenResourcesFiltering - Copying 17 resources from src\main\resources to target\classes
2024-11-11 15:15:03,908 [Worker-108: Building] INFO  o.a.m.s.f.DefaultMavenResourcesFiltering - skip non existing resourceDirectory C:\dev_proj_plant\workapace-plant\plant\src\test\resources
2024-11-11 15:17:52,686 [Worker-110: Building] INFO  o.a.m.s.f.DefaultMavenResourcesFiltering - Copying 0 resource from src\main\resources to target\classes
2024-11-11 15:17:52,688 [Worker-110: Building] INFO  o.a.m.s.f.DefaultMavenResourcesFiltering - Copying 1 resource from src\main\resources to target\classes
2024-11-11 15:17:52,689 [Worker-110: Building] INFO  o.a.m.s.f.DefaultMavenResourcesFiltering - skip non existing resourceDirectory C:\dev_proj_plant\workapace-plant\plant\src\test\resources
2024-11-11 15:18:00,413 [Worker-110: Building] INFO  o.a.m.s.f.DefaultMavenResourcesFiltering - Copying 0 resource from src\main\resources to target\classes
2024-11-11 15:18:00,414 [Worker-110: Building] INFO  o.a.m.s.f.DefaultMavenResourcesFiltering - Copying 1 resource from src\main\resources to target\classes
2024-11-11 15:18:00,416 [Worker-110: Building] INFO  o.a.m.s.f.DefaultMavenResourcesFiltering - skip non existing resourceDirectory C:\dev_proj_plant\workapace-plant\plant\src\test\resources
2024-11-11 15:18:03,574 [Worker-111: Building] INFO  o.a.m.s.f.DefaultMavenResourcesFiltering - Copying 0 resource from src\main\resources to target\classes
2024-11-11 15:18:03,575 [Worker-111: Building] INFO  o.a.m.s.f.DefaultMavenResourcesFiltering - Copying 1 resource from src\main\resources to target\classes
2024-11-11 15:18:03,577 [Worker-111: Building] INFO  o.a.m.s.f.DefaultMavenResourcesFiltering - skip non existing resourceDirectory C:\dev_proj_plant\workapace-plant\plant\src\test\resources
2024-11-11 15:18:37,723 [Worker-110: Building] INFO  o.a.m.s.f.DefaultMavenResourcesFiltering - Copying 0 resource from src\main\resources to target\classes
2024-11-11 15:18:37,725 [Worker-110: Building] INFO  o.a.m.s.f.DefaultMavenResourcesFiltering - Copying 1 resource from src\main\resources to target\classes
2024-11-11 15:18:37,726 [Worker-110: Building] INFO  o.a.m.s.f.DefaultMavenResourcesFiltering - skip non existing resourceDirectory C:\dev_proj_plant\workapace-plant\plant\src\test\resources
2024-11-11 15:20:42,852 [Worker-115: Building] INFO  o.a.m.s.f.DefaultMavenResourcesFiltering - Copying 0 resource from src\main\resources to target\classes
2024-11-11 15:20:42,854 [Worker-115: Building] INFO  o.a.m.s.f.DefaultMavenResourcesFiltering - Copying 1 resource from src\main\resources to target\classes
2024-11-11 15:20:42,856 [Worker-115: Building] INFO  o.a.m.s.f.DefaultMavenResourcesFiltering - skip non existing resourceDirectory C:\dev_proj_plant\workapace-plant\plant\src\test\resources
2024-11-11 15:21:20,123 [Worker-113: Building] INFO  o.a.m.s.f.DefaultMavenResourcesFiltering - Copying 0 resource from src\main\resources to target\classes
2024-11-11 15:21:20,124 [Worker-113: Building] INFO  o.a.m.s.f.DefaultMavenResourcesFiltering - Copying 1 resource from src\main\resources to target\classes
2024-11-11 15:21:20,127 [Worker-113: Building] INFO  o.a.m.s.f.DefaultMavenResourcesFiltering - skip non existing resourceDirectory C:\dev_proj_plant\workapace-plant\plant\src\test\resources
2024-11-11 15:21:28,797 [Worker-113: Building] INFO  o.a.m.s.f.DefaultMavenResourcesFiltering - Copying 0 resource from src\main\resources to target\classes
2024-11-11 15:21:28,799 [Worker-113: Building] INFO  o.a.m.s.f.DefaultMavenResourcesFiltering - Copying 1 resource from src\main\resources to target\classes
2024-11-11 15:21:28,801 [Worker-113: Building] INFO  o.a.m.s.f.DefaultMavenResourcesFiltering - skip non existing resourceDirectory C:\dev_proj_plant\workapace-plant\plant\src\test\resources
2024-11-11 15:22:31,264 [Worker-117: Building] INFO  o.a.m.s.f.DefaultMavenResourcesFiltering - Copying 0 resource from src\main\resources to target\classes
2024-11-11 15:22:31,266 [Worker-117: Building] INFO  o.a.m.s.f.DefaultMavenResourcesFiltering - Copying 1 resource from src\main\resources to target\classes
2024-11-11 15:22:31,269 [Worker-117: Building] INFO  o.a.m.s.f.DefaultMavenResourcesFiltering - skip non existing resourceDirectory C:\dev_proj_plant\workapace-plant\plant\src\test\resources
2024-11-11 15:22:35,875 [Worker-115: Building] INFO  o.a.m.s.f.DefaultMavenResourcesFiltering - Copying 0 resource from src\main\resources to target\classes
2024-11-11 15:22:35,877 [Worker-115: Building] INFO  o.a.m.s.f.DefaultMavenResourcesFiltering - Copying 1 resource from src\main\resources to target\classes
2024-11-11 15:22:35,880 [Worker-115: Building] INFO  o.a.m.s.f.DefaultMavenResourcesFiltering - skip non existing resourceDirectory C:\dev_proj_plant\workapace-plant\plant\src\test\resources
2024-11-11 15:23:03,102 [Worker-116: Building] INFO  o.a.m.s.f.DefaultMavenResourcesFiltering - Copying 0 resource from src\main\resources to target\classes
2024-11-11 15:23:03,104 [Worker-116: Building] INFO  o.a.m.s.f.DefaultMavenResourcesFiltering - Copying 1 resource from src\main\resources to target\classes
2024-11-11 15:23:03,106 [Worker-116: Building] INFO  o.a.m.s.f.DefaultMavenResourcesFiltering - skip non existing resourceDirectory C:\dev_proj_plant\workapace-plant\plant\src\test\resources
2024-11-11 15:28:38,809 [Worker-117: Building] INFO  o.a.m.s.f.DefaultMavenResourcesFiltering - Copying 0 resource from src\main\resources to target\classes
2024-11-11 15:28:38,810 [Worker-117: Building] INFO  o.a.m.s.f.DefaultMavenResourcesFiltering - Copying 1 resource from src\main\resources to target\classes
2024-11-11 15:28:38,812 [Worker-117: Building] INFO  o.a.m.s.f.DefaultMavenResourcesFiltering - skip non existing resourceDirectory C:\dev_proj_plant\workapace-plant\plant\src\test\resources
2024-11-11 15:29:22,460 [Worker-121: Building] INFO  o.a.m.s.f.DefaultMavenResourcesFiltering - Copying 0 resource from src\main\resources to target\classes
2024-11-11 15:29:22,462 [Worker-121: Building] INFO  o.a.m.s.f.DefaultMavenResourcesFiltering - Copying 1 resource from src\main\resources to target\classes
2024-11-11 15:29:22,464 [Worker-121: Building] INFO  o.a.m.s.f.DefaultMavenResourcesFiltering - skip non existing resourceDirectory C:\dev_proj_plant\workapace-plant\plant\src\test\resources
2024-11-11 15:30:34,861 [Worker-121: Building] INFO  o.a.m.s.f.DefaultMavenResourcesFiltering - Copying 0 resource from src\main\resources to target\classes
2024-11-11 15:30:34,862 [Worker-121: Building] INFO  o.a.m.s.f.DefaultMavenResourcesFiltering - Copying 1 resource from src\main\resources to target\classes
2024-11-11 15:30:34,864 [Worker-121: Building] INFO  o.a.m.s.f.DefaultMavenResourcesFiltering - skip non existing resourceDirectory C:\dev_proj_plant\workapace-plant\plant\src\test\resources
2024-11-11 15:33:01,201 [Worker-124: Building] INFO  o.a.m.s.f.DefaultMavenResourcesFiltering - Copying 0 resource from src\main\resources to target\classes
2024-11-11 15:33:01,202 [Worker-124: Building] INFO  o.a.m.s.f.DefaultMavenResourcesFiltering - Copying 1 resource from src\main\resources to target\classes
2024-11-11 15:33:01,206 [Worker-124: Building] INFO  o.a.m.s.f.DefaultMavenResourcesFiltering - skip non existing resourceDirectory C:\dev_proj_plant\workapace-plant\plant\src\test\resources
2024-11-11 15:33:46,304 [Worker-121: Building] INFO  o.a.m.s.f.DefaultMavenResourcesFiltering - Copying 0 resource from src\main\resources to target\classes
2024-11-11 15:33:46,306 [Worker-121: Building] INFO  o.a.m.s.f.DefaultMavenResourcesFiltering - Copying 1 resource from src\main\resources to target\classes
2024-11-11 15:33:46,309 [Worker-121: Building] INFO  o.a.m.s.f.DefaultMavenResourcesFiltering - skip non existing resourceDirectory C:\dev_proj_plant\workapace-plant\plant\src\test\resources
2024-11-11 15:34:32,483 [Worker-126: Building] INFO  o.a.m.s.f.DefaultMavenResourcesFiltering - Copying 0 resource from src\main\resources to target\classes
2024-11-11 15:34:32,484 [Worker-126: Building] INFO  o.a.m.s.f.DefaultMavenResourcesFiltering - Copying 1 resource from src\main\resources to target\classes
2024-11-11 15:34:32,487 [Worker-126: Building] INFO  o.a.m.s.f.DefaultMavenResourcesFiltering - skip non existing resourceDirectory C:\dev_proj_plant\workapace-plant\plant\src\test\resources
2024-11-11 15:35:16,702 [Worker-125: Building] INFO  o.a.m.s.f.DefaultMavenResourcesFiltering - Copying 0 resource from src\main\resources to target\classes
2024-11-11 15:35:16,704 [Worker-125: Building] INFO  o.a.m.s.f.DefaultMavenResourcesFiltering - Copying 1 resource from src\main\resources to target\classes
2024-11-11 15:35:16,706 [Worker-125: Building] INFO  o.a.m.s.f.DefaultMavenResourcesFiltering - skip non existing resourceDirectory C:\dev_proj_plant\workapace-plant\plant\src\test\resources
2024-11-11 15:35:34,522 [Worker-125: Building] INFO  o.a.m.s.f.DefaultMavenResourcesFiltering - Copying 0 resource from src\main\resources to target\classes
2024-11-11 15:35:34,524 [Worker-125: Building] INFO  o.a.m.s.f.DefaultMavenResourcesFiltering - Copying 1 resource from src\main\resources to target\classes
2024-11-11 15:35:34,526 [Worker-125: Building] INFO  o.a.m.s.f.DefaultMavenResourcesFiltering - skip non existing resourceDirectory C:\dev_proj_plant\workapace-plant\plant\src\test\resources
2024-11-11 15:35:38,528 [Worker-127: Building] INFO  o.a.m.s.f.DefaultMavenResourcesFiltering - Copying 0 resource from src\main\resources to target\classes
2024-11-11 15:35:38,530 [Worker-127: Building] INFO  o.a.m.s.f.DefaultMavenResourcesFiltering - Copying 1 resource from src\main\resources to target\classes
2024-11-11 15:35:38,531 [Worker-127: Building] INFO  o.a.m.s.f.DefaultMavenResourcesFiltering - skip non existing resourceDirectory C:\dev_proj_plant\workapace-plant\plant\src\test\resources
2024-11-11 15:35:50,498 [Worker-126: Building] INFO  o.a.m.s.f.DefaultMavenResourcesFiltering - Copying 0 resource from src\main\resources to target\classes
2024-11-11 15:35:50,500 [Worker-126: Building] INFO  o.a.m.s.f.DefaultMavenResourcesFiltering - Copying 1 resource from src\main\resources to target\classes
2024-11-11 15:35:50,503 [Worker-126: Building] INFO  o.a.m.s.f.DefaultMavenResourcesFiltering - skip non existing resourceDirectory C:\dev_proj_plant\workapace-plant\plant\src\test\resources
2024-11-11 15:35:56,564 [Worker-121: Building] INFO  o.a.m.s.f.DefaultMavenResourcesFiltering - Copying 0 resource from src\main\resources to target\classes
2024-11-11 15:35:56,566 [Worker-121: Building] INFO  o.a.m.s.f.DefaultMavenResourcesFiltering - Copying 1 resource from src\main\resources to target\classes
2024-11-11 15:35:56,568 [Worker-121: Building] INFO  o.a.m.s.f.DefaultMavenResourcesFiltering - skip non existing resourceDirectory C:\dev_proj_plant\workapace-plant\plant\src\test\resources
2024-11-11 15:36:19,908 [Worker-121: Building] INFO  o.a.m.s.f.DefaultMavenResourcesFiltering - Copying 0 resource from src\main\resources to target\classes
2024-11-11 15:36:19,910 [Worker-121: Building] INFO  o.a.m.s.f.DefaultMavenResourcesFiltering - Copying 1 resource from src\main\resources to target\classes
2024-11-11 15:36:19,912 [Worker-121: Building] INFO  o.a.m.s.f.DefaultMavenResourcesFiltering - skip non existing resourceDirectory C:\dev_proj_plant\workapace-plant\plant\src\test\resources
2024-11-11 15:36:38,750 [Worker-126: Building] INFO  o.a.m.s.f.DefaultMavenResourcesFiltering - Copying 0 resource from src\main\resources to target\classes
2024-11-11 15:36:38,751 [Worker-126: Building] INFO  o.a.m.s.f.DefaultMavenResourcesFiltering - Copying 1 resource from src\main\resources to target\classes
2024-11-11 15:36:38,753 [Worker-126: Building] INFO  o.a.m.s.f.DefaultMavenResourcesFiltering - skip non existing resourceDirectory C:\dev_proj_plant\workapace-plant\plant\src\test\resources
2024-11-11 15:37:04,268 [Worker-121: Building] INFO  o.a.m.s.f.DefaultMavenResourcesFiltering - Copying 0 resource from src\main\resources to target\classes
2024-11-11 15:37:04,270 [Worker-121: Building] INFO  o.a.m.s.f.DefaultMavenResourcesFiltering - Copying 1 resource from src\main\resources to target\classes
2024-11-11 15:37:04,272 [Worker-121: Building] INFO  o.a.m.s.f.DefaultMavenResourcesFiltering - skip non existing resourceDirectory C:\dev_proj_plant\workapace-plant\plant\src\test\resources
2024-11-11 15:37:28,291 [Worker-121: Building] INFO  o.a.m.s.f.DefaultMavenResourcesFiltering - Copying 0 resource from src\main\resources to target\classes
2024-11-11 15:37:28,293 [Worker-121: Building] INFO  o.a.m.s.f.DefaultMavenResourcesFiltering - Copying 1 resource from src\main\resources to target\classes
2024-11-11 15:37:28,295 [Worker-121: Building] INFO  o.a.m.s.f.DefaultMavenResourcesFiltering - skip non existing resourceDirectory C:\dev_proj_plant\workapace-plant\plant\src\test\resources
2024-11-11 15:37:40,582 [Worker-127: Building] INFO  o.a.m.s.f.DefaultMavenResourcesFiltering - Copying 0 resource from src\main\resources to target\classes
2024-11-11 15:37:40,584 [Worker-127: Building] INFO  o.a.m.s.f.DefaultMavenResourcesFiltering - Copying 1 resource from src\main\resources to target\classes
2024-11-11 15:37:40,586 [Worker-127: Building] INFO  o.a.m.s.f.DefaultMavenResourcesFiltering - skip non existing resourceDirectory C:\dev_proj_plant\workapace-plant\plant\src\test\resources
2024-11-11 15:39:05,231 [Worker-126: Building] INFO  o.a.m.s.f.DefaultMavenResourcesFiltering - Copying 0 resource from src\main\resources to target\classes
2024-11-11 15:39:05,233 [Worker-126: Building] INFO  o.a.m.s.f.DefaultMavenResourcesFiltering - Copying 1 resource from src\main\resources to target\classes
2024-11-11 15:39:05,235 [Worker-126: Building] INFO  o.a.m.s.f.DefaultMavenResourcesFiltering - skip non existing resourceDirectory C:\dev_proj_plant\workapace-plant\plant\src\test\resources
2024-11-11 15:39:12,152 [Worker-125: Building] INFO  o.a.m.s.f.DefaultMavenResourcesFiltering - Copying 0 resource from src\main\resources to target\classes
2024-11-11 15:39:12,154 [Worker-125: Building] INFO  o.a.m.s.f.DefaultMavenResourcesFiltering - Copying 1 resource from src\main\resources to target\classes
2024-11-11 15:39:12,156 [Worker-125: Building] INFO  o.a.m.s.f.DefaultMavenResourcesFiltering - skip non existing resourceDirectory C:\dev_proj_plant\workapace-plant\plant\src\test\resources
2024-11-11 15:39:17,423 [Worker-128: Building] INFO  o.a.m.s.f.DefaultMavenResourcesFiltering - Copying 0 resource from src\main\resources to target\classes
2024-11-11 15:39:17,425 [Worker-128: Building] INFO  o.a.m.s.f.DefaultMavenResourcesFiltering - Copying 1 resource from src\main\resources to target\classes
2024-11-11 15:39:17,426 [Worker-128: Building] INFO  o.a.m.s.f.DefaultMavenResourcesFiltering - skip non existing resourceDirectory C:\dev_proj_plant\workapace-plant\plant\src\test\resources
2024-11-11 15:39:32,693 [Worker-125: Building] INFO  o.a.m.s.f.DefaultMavenResourcesFiltering - Copying 0 resource from src\main\resources to target\classes
2024-11-11 15:39:32,695 [Worker-125: Building] INFO  o.a.m.s.f.DefaultMavenResourcesFiltering - Copying 1 resource from src\main\resources to target\classes
2024-11-11 15:39:32,698 [Worker-125: Building] INFO  o.a.m.s.f.DefaultMavenResourcesFiltering - skip non existing resourceDirectory C:\dev_proj_plant\workapace-plant\plant\src\test\resources
2024-11-11 15:39:58,352 [Worker-128: Building] INFO  o.a.m.s.f.DefaultMavenResourcesFiltering - Copying 0 resource from src\main\resources to target\classes
2024-11-11 15:39:58,353 [Worker-128: Building] INFO  o.a.m.s.f.DefaultMavenResourcesFiltering - Copying 1 resource from src\main\resources to target\classes
2024-11-11 15:39:58,356 [Worker-128: Building] INFO  o.a.m.s.f.DefaultMavenResourcesFiltering - skip non existing resourceDirectory C:\dev_proj_plant\workapace-plant\plant\src\test\resources
2024-11-11 15:40:02,263 [Worker-125: Building] INFO  o.a.m.s.f.DefaultMavenResourcesFiltering - Copying 0 resource from src\main\resources to target\classes
2024-11-11 15:40:02,265 [Worker-125: Building] INFO  o.a.m.s.f.DefaultMavenResourcesFiltering - Copying 1 resource from src\main\resources to target\classes
2024-11-11 15:40:02,267 [Worker-125: Building] INFO  o.a.m.s.f.DefaultMavenResourcesFiltering - skip non existing resourceDirectory C:\dev_proj_plant\workapace-plant\plant\src\test\resources
2024-11-11 15:40:31,440 [Worker-125: Building] INFO  o.a.m.s.f.DefaultMavenResourcesFiltering - Copying 0 resource from src\main\resources to target\classes
2024-11-11 15:40:31,442 [Worker-125: Building] INFO  o.a.m.s.f.DefaultMavenResourcesFiltering - Copying 1 resource from src\main\resources to target\classes
2024-11-11 15:40:31,444 [Worker-125: Building] INFO  o.a.m.s.f.DefaultMavenResourcesFiltering - skip non existing resourceDirectory C:\dev_proj_plant\workapace-plant\plant\src\test\resources
2024-11-11 15:40:33,575 [Worker-129: Building] INFO  o.a.m.s.f.DefaultMavenResourcesFiltering - Copying 0 resource from src\main\resources to target\classes
2024-11-11 15:40:33,577 [Worker-129: Building] INFO  o.a.m.s.f.DefaultMavenResourcesFiltering - Copying 1 resource from src\main\resources to target\classes
2024-11-11 15:40:33,579 [Worker-129: Building] INFO  o.a.m.s.f.DefaultMavenResourcesFiltering - skip non existing resourceDirectory C:\dev_proj_plant\workapace-plant\plant\src\test\resources
2024-11-11 15:40:40,292 [Worker-121: Building] INFO  o.a.m.s.f.DefaultMavenResourcesFiltering - Copying 0 resource from src\main\resources to target\classes
2024-11-11 15:40:40,294 [Worker-121: Building] INFO  o.a.m.s.f.DefaultMavenResourcesFiltering - Copying 1 resource from src\main\resources to target\classes
2024-11-11 15:40:40,296 [Worker-121: Building] INFO  o.a.m.s.f.DefaultMavenResourcesFiltering - skip non existing resourceDirectory C:\dev_proj_plant\workapace-plant\plant\src\test\resources
2024-11-11 15:40:42,284 [Worker-126: Building] INFO  o.a.m.s.f.DefaultMavenResourcesFiltering - Copying 0 resource from src\main\resources to target\classes
2024-11-11 15:40:42,287 [Worker-126: Building] INFO  o.a.m.s.f.DefaultMavenResourcesFiltering - Copying 1 resource from src\main\resources to target\classes
2024-11-11 15:40:42,289 [Worker-126: Building] INFO  o.a.m.s.f.DefaultMavenResourcesFiltering - skip non existing resourceDirectory C:\dev_proj_plant\workapace-plant\plant\src\test\resources
2024-11-11 15:40:46,608 [Worker-125: Building] INFO  o.a.m.s.f.DefaultMavenResourcesFiltering - Copying 0 resource from src\main\resources to target\classes
2024-11-11 15:40:46,610 [Worker-125: Building] INFO  o.a.m.s.f.DefaultMavenResourcesFiltering - Copying 1 resource from src\main\resources to target\classes
2024-11-11 15:40:46,613 [Worker-125: Building] INFO  o.a.m.s.f.DefaultMavenResourcesFiltering - skip non existing resourceDirectory C:\dev_proj_plant\workapace-plant\plant\src\test\resources
2024-11-11 15:41:25,452 [Worker-121: Building] INFO  o.a.m.s.f.DefaultMavenResourcesFiltering - Copying 0 resource from src\main\resources to target\classes
2024-11-11 15:41:25,454 [Worker-121: Building] INFO  o.a.m.s.f.DefaultMavenResourcesFiltering - Copying 1 resource from src\main\resources to target\classes
2024-11-11 15:41:25,456 [Worker-121: Building] INFO  o.a.m.s.f.DefaultMavenResourcesFiltering - skip non existing resourceDirectory C:\dev_proj_plant\workapace-plant\plant\src\test\resources
2024-11-11 15:44:00,439 [Worker-121: Building] INFO  o.a.m.s.f.DefaultMavenResourcesFiltering - Copying 0 resource from src\main\resources to target\classes
2024-11-11 15:44:00,441 [Worker-121: Building] INFO  o.a.m.s.f.DefaultMavenResourcesFiltering - Copying 1 resource from src\main\resources to target\classes
2024-11-11 15:44:00,443 [Worker-121: Building] INFO  o.a.m.s.f.DefaultMavenResourcesFiltering - skip non existing resourceDirectory C:\dev_proj_plant\workapace-plant\plant\src\test\resources
2024-11-11 15:44:48,891 [Worker-110: Building] INFO  o.a.m.s.f.DefaultMavenResourcesFiltering - Copying 0 resource from src\main\resources to target\classes
2024-11-11 15:44:48,892 [Worker-110: Building] INFO  o.a.m.s.f.DefaultMavenResourcesFiltering - Copying 1 resource from src\main\resources to target\classes
2024-11-11 15:44:48,895 [Worker-110: Building] INFO  o.a.m.s.f.DefaultMavenResourcesFiltering - skip non existing resourceDirectory C:\dev_proj_plant\workapace-plant\plant\src\test\resources
2024-11-11 15:46:49,985 [Worker-132: Building] INFO  o.a.m.s.f.DefaultMavenResourcesFiltering - Copying 0 resource from src\main\resources to target\classes
2024-11-11 15:46:49,987 [Worker-132: Building] INFO  o.a.m.s.f.DefaultMavenResourcesFiltering - Copying 1 resource from src\main\resources to target\classes
2024-11-11 15:46:49,990 [Worker-132: Building] INFO  o.a.m.s.f.DefaultMavenResourcesFiltering - skip non existing resourceDirectory C:\dev_proj_plant\workapace-plant\plant\src\test\resources
2024-11-11 15:46:58,514 [Worker-126: Building] INFO  o.a.m.s.f.DefaultMavenResourcesFiltering - Copying 0 resource from src\main\resources to target\classes
2024-11-11 15:46:58,516 [Worker-126: Building] INFO  o.a.m.s.f.DefaultMavenResourcesFiltering - Copying 1 resource from src\main\resources to target\classes
2024-11-11 15:46:58,517 [Worker-126: Building] INFO  o.a.m.s.f.DefaultMavenResourcesFiltering - skip non existing resourceDirectory C:\dev_proj_plant\workapace-plant\plant\src\test\resources
2024-11-11 15:47:02,164 [Worker-135: Building] INFO  o.a.m.s.f.DefaultMavenResourcesFiltering - Copying 0 resource from src\main\resources to target\classes
2024-11-11 15:47:02,166 [Worker-135: Building] INFO  o.a.m.s.f.DefaultMavenResourcesFiltering - Copying 1 resource from src\main\resources to target\classes
2024-11-11 15:47:02,168 [Worker-135: Building] INFO  o.a.m.s.f.DefaultMavenResourcesFiltering - skip non existing resourceDirectory C:\dev_proj_plant\workapace-plant\plant\src\test\resources
2024-11-11 15:47:40,678 [Worker-131: Building] INFO  o.a.m.s.f.DefaultMavenResourcesFiltering - Copying 0 resource from src\main\resources to target\classes
2024-11-11 15:47:40,679 [Worker-131: Building] INFO  o.a.m.s.f.DefaultMavenResourcesFiltering - Copying 1 resource from src\main\resources to target\classes
2024-11-11 15:47:40,682 [Worker-131: Building] INFO  o.a.m.s.f.DefaultMavenResourcesFiltering - skip non existing resourceDirectory C:\dev_proj_plant\workapace-plant\plant\src\test\resources
2024-11-11 15:52:52,424 [Worker-4: Loading available Gradle versions] INFO  o.e.b.c.i.u.g.PublishedGradleVersions - Gradle version information cache is up-to-date. Trying to read.
2024-11-11 15:54:32,396 [Worker-6: Building] INFO  o.a.m.s.f.DefaultMavenResourcesFiltering - Copying 1 resource from src\main\resources to target\classes
2024-11-11 15:54:32,410 [Worker-6: Building] INFO  o.a.m.s.f.DefaultMavenResourcesFiltering - Copying 17 resources from src\main\resources to target\classes
2024-11-11 15:54:32,426 [Worker-6: Building] INFO  o.a.m.s.f.DefaultMavenResourcesFiltering - skip non existing resourceDirectory C:\dev_proj_plant\workapace-plant\plant\src\test\resources
2024-11-11 15:56:04,711 [Worker-6: Building] INFO  o.a.m.s.f.DefaultMavenResourcesFiltering - Copying 1 resource from src\main\resources to target\classes
2024-11-11 15:56:04,718 [Worker-6: Building] INFO  o.a.m.s.f.DefaultMavenResourcesFiltering - Copying 17 resources from src\main\resources to target\classes
2024-11-11 15:56:04,722 [Worker-6: Building] INFO  o.a.m.s.f.DefaultMavenResourcesFiltering - skip non existing resourceDirectory C:\dev_proj_plant\workapace-plant\plant\src\test\resources
2024-11-11 15:56:25,726 [Worker-3: Building] INFO  o.a.m.s.f.DefaultMavenResourcesFiltering - Copying 0 resource from src\main\resources to target\classes
2024-11-11 15:56:25,728 [Worker-3: Building] INFO  o.a.m.s.f.DefaultMavenResourcesFiltering - Copying 1 resource from src\main\resources to target\classes
2024-11-11 15:56:25,731 [Worker-3: Building] INFO  o.a.m.s.f.DefaultMavenResourcesFiltering - skip non existing resourceDirectory C:\dev_proj_plant\workapace-plant\plant\src\test\resources
2024-11-11 15:56:35,213 [Worker-1: Building] INFO  o.a.m.s.f.DefaultMavenResourcesFiltering - Copying 0 resource from src\main\resources to target\classes
2024-11-11 15:56:35,215 [Worker-1: Building] INFO  o.a.m.s.f.DefaultMavenResourcesFiltering - Copying 1 resource from src\main\resources to target\classes
2024-11-11 15:56:35,217 [Worker-1: Building] INFO  o.a.m.s.f.DefaultMavenResourcesFiltering - skip non existing resourceDirectory C:\dev_proj_plant\workapace-plant\plant\src\test\resources
2024-11-11 15:56:57,293 [Worker-12: Building] INFO  o.a.m.s.f.DefaultMavenResourcesFiltering - Copying 0 resource from src\main\resources to target\classes
2024-11-11 15:56:57,294 [Worker-12: Building] INFO  o.a.m.s.f.DefaultMavenResourcesFiltering - Copying 1 resource from src\main\resources to target\classes
2024-11-11 15:56:57,302 [Worker-12: Building] INFO  o.a.m.s.f.DefaultMavenResourcesFiltering - skip non existing resourceDirectory C:\dev_proj_plant\workapace-plant\plant\src\test\resources
2024-11-11 15:59:32,824 [Worker-16: Building] INFO  o.a.m.s.f.DefaultMavenResourcesFiltering - Copying 0 resource from src\main\resources to target\classes
2024-11-11 15:59:32,825 [Worker-16: Building] INFO  o.a.m.s.f.DefaultMavenResourcesFiltering - Copying 1 resource from src\main\resources to target\classes
2024-11-11 15:59:32,827 [Worker-16: Building] INFO  o.a.m.s.f.DefaultMavenResourcesFiltering - skip non existing resourceDirectory C:\dev_proj_plant\workapace-plant\plant\src\test\resources
2024-11-11 16:01:46,641 [Worker-21: Building] INFO  o.a.m.s.f.DefaultMavenResourcesFiltering - Copying 1 resource from src\main\resources to target\classes
2024-11-11 16:01:46,651 [Worker-21: Building] INFO  o.a.m.s.f.DefaultMavenResourcesFiltering - Copying 18 resources from src\main\resources to target\classes
2024-11-11 16:01:46,656 [Worker-21: Building] INFO  o.a.m.s.f.DefaultMavenResourcesFiltering - skip non existing resourceDirectory C:\dev_proj_plant\workapace-plant\plant\src\test\resources
2024-11-11 16:02:13,103 [Worker-23: Building] INFO  o.a.m.s.f.DefaultMavenResourcesFiltering - Copying 0 resource from src\main\resources to target\classes
2024-11-11 16:02:13,105 [Worker-23: Building] INFO  o.a.m.s.f.DefaultMavenResourcesFiltering - Copying 1 resource from src\main\resources to target\classes
2024-11-11 16:02:13,110 [Worker-23: Building] INFO  o.a.m.s.f.DefaultMavenResourcesFiltering - skip non existing resourceDirectory C:\dev_proj_plant\workapace-plant\plant\src\test\resources
2024-11-11 16:03:10,599 [Worker-20: Building] INFO  o.a.m.s.f.DefaultMavenResourcesFiltering - Copying 0 resource from src\main\resources to target\classes
2024-11-11 16:03:10,601 [Worker-20: Building] INFO  o.a.m.s.f.DefaultMavenResourcesFiltering - Copying 1 resource from src\main\resources to target\classes
2024-11-11 16:03:10,604 [Worker-20: Building] INFO  o.a.m.s.f.DefaultMavenResourcesFiltering - skip non existing resourceDirectory C:\dev_proj_plant\workapace-plant\plant\src\test\resources
2024-11-11 16:03:23,859 [Worker-20: Building] INFO  o.a.m.s.f.DefaultMavenResourcesFiltering - Copying 0 resource from src\main\resources to target\classes
2024-11-11 16:03:23,861 [Worker-20: Building] INFO  o.a.m.s.f.DefaultMavenResourcesFiltering - Copying 1 resource from src\main\resources to target\classes
2024-11-11 16:03:23,864 [Worker-20: Building] INFO  o.a.m.s.f.DefaultMavenResourcesFiltering - skip non existing resourceDirectory C:\dev_proj_plant\workapace-plant\plant\src\test\resources
2024-11-11 16:04:06,872 [Worker-24: Building] INFO  o.a.m.s.f.DefaultMavenResourcesFiltering - Copying 0 resource from src\main\resources to target\classes
2024-11-11 16:04:06,874 [Worker-24: Building] INFO  o.a.m.s.f.DefaultMavenResourcesFiltering - Copying 1 resource from src\main\resources to target\classes
2024-11-11 16:04:06,877 [Worker-24: Building] INFO  o.a.m.s.f.DefaultMavenResourcesFiltering - skip non existing resourceDirectory C:\dev_proj_plant\workapace-plant\plant\src\test\resources
2024-11-11 16:04:08,599 [Worker-23: Building] INFO  o.a.m.s.f.DefaultMavenResourcesFiltering - Copying 0 resource from src\main\resources to target\classes
2024-11-11 16:04:08,601 [Worker-23: Building] INFO  o.a.m.s.f.DefaultMavenResourcesFiltering - Copying 1 resource from src\main\resources to target\classes
2024-11-11 16:04:08,605 [Worker-23: Building] INFO  o.a.m.s.f.DefaultMavenResourcesFiltering - skip non existing resourceDirectory C:\dev_proj_plant\workapace-plant\plant\src\test\resources
2024-11-11 16:04:14,351 [Worker-12: Building] INFO  o.a.m.s.f.DefaultMavenResourcesFiltering - Copying 0 resource from src\main\resources to target\classes
2024-11-11 16:04:14,353 [Worker-12: Building] INFO  o.a.m.s.f.DefaultMavenResourcesFiltering - Copying 1 resource from src\main\resources to target\classes
2024-11-11 16:04:14,357 [Worker-12: Building] INFO  o.a.m.s.f.DefaultMavenResourcesFiltering - skip non existing resourceDirectory C:\dev_proj_plant\workapace-plant\plant\src\test\resources
2024-11-11 16:04:25,866 [Worker-22: Building] INFO  o.a.m.s.f.DefaultMavenResourcesFiltering - Copying 0 resource from src\main\resources to target\classes
2024-11-11 16:04:25,868 [Worker-22: Building] INFO  o.a.m.s.f.DefaultMavenResourcesFiltering - Copying 1 resource from src\main\resources to target\classes
2024-11-11 16:04:25,872 [Worker-22: Building] INFO  o.a.m.s.f.DefaultMavenResourcesFiltering - skip non existing resourceDirectory C:\dev_proj_plant\workapace-plant\plant\src\test\resources
2024-11-11 16:04:58,773 [Worker-12: Building] INFO  o.a.m.s.f.DefaultMavenResourcesFiltering - Copying 0 resource from src\main\resources to target\classes
2024-11-11 16:04:58,778 [Worker-12: Building] INFO  o.a.m.s.f.DefaultMavenResourcesFiltering - Copying 1 resource from src\main\resources to target\classes
2024-11-11 16:04:58,782 [Worker-12: Building] INFO  o.a.m.s.f.DefaultMavenResourcesFiltering - skip non existing resourceDirectory C:\dev_proj_plant\workapace-plant\plant\src\test\resources
2024-11-11 16:05:46,349 [Worker-23: Building] INFO  o.a.m.s.f.DefaultMavenResourcesFiltering - Copying 0 resource from src\main\resources to target\classes
2024-11-11 16:05:46,351 [Worker-23: Building] INFO  o.a.m.s.f.DefaultMavenResourcesFiltering - Copying 1 resource from src\main\resources to target\classes
2024-11-11 16:05:46,354 [Worker-23: Building] INFO  o.a.m.s.f.DefaultMavenResourcesFiltering - skip non existing resourceDirectory C:\dev_proj_plant\workapace-plant\plant\src\test\resources
2024-11-11 16:06:33,572 [Worker-23: Building] INFO  o.a.m.s.f.DefaultMavenResourcesFiltering - Copying 0 resource from src\main\resources to target\classes
2024-11-11 16:06:33,574 [Worker-23: Building] INFO  o.a.m.s.f.DefaultMavenResourcesFiltering - Copying 1 resource from src\main\resources to target\classes
2024-11-11 16:06:33,577 [Worker-23: Building] INFO  o.a.m.s.f.DefaultMavenResourcesFiltering - skip non existing resourceDirectory C:\dev_proj_plant\workapace-plant\plant\src\test\resources
2024-11-11 16:07:26,548 [Worker-12: Building] INFO  o.a.m.s.f.DefaultMavenResourcesFiltering - Copying 0 resource from src\main\resources to target\classes
2024-11-11 16:07:26,550 [Worker-12: Building] INFO  o.a.m.s.f.DefaultMavenResourcesFiltering - Copying 1 resource from src\main\resources to target\classes
2024-11-11 16:07:26,552 [Worker-12: Building] INFO  o.a.m.s.f.DefaultMavenResourcesFiltering - skip non existing resourceDirectory C:\dev_proj_plant\workapace-plant\plant\src\test\resources
2024-11-11 16:08:01,172 [Worker-22: Building] INFO  o.a.m.s.f.DefaultMavenResourcesFiltering - Copying 0 resource from src\main\resources to target\classes
2024-11-11 16:08:01,174 [Worker-22: Building] INFO  o.a.m.s.f.DefaultMavenResourcesFiltering - Copying 1 resource from src\main\resources to target\classes
2024-11-11 16:08:01,177 [Worker-22: Building] INFO  o.a.m.s.f.DefaultMavenResourcesFiltering - skip non existing resourceDirectory C:\dev_proj_plant\workapace-plant\plant\src\test\resources
2024-11-11 16:08:14,254 [Worker-20: Building] INFO  o.a.m.s.f.DefaultMavenResourcesFiltering - Copying 0 resource from src\main\resources to target\classes
2024-11-11 16:08:14,256 [Worker-20: Building] INFO  o.a.m.s.f.DefaultMavenResourcesFiltering - Copying 1 resource from src\main\resources to target\classes
2024-11-11 16:08:14,258 [Worker-20: Building] INFO  o.a.m.s.f.DefaultMavenResourcesFiltering - skip non existing resourceDirectory C:\dev_proj_plant\workapace-plant\plant\src\test\resources
2024-11-11 16:08:58,074 [Worker-20: Building] INFO  o.a.m.s.f.DefaultMavenResourcesFiltering - Copying 0 resource from src\main\resources to target\classes
2024-11-11 16:08:58,076 [Worker-20: Building] INFO  o.a.m.s.f.DefaultMavenResourcesFiltering - Copying 1 resource from src\main\resources to target\classes
2024-11-11 16:08:58,080 [Worker-20: Building] INFO  o.a.m.s.f.DefaultMavenResourcesFiltering - skip non existing resourceDirectory C:\dev_proj_plant\workapace-plant\plant\src\test\resources
2024-11-11 16:10:01,433 [Worker-24: Building] INFO  o.a.m.s.f.DefaultMavenResourcesFiltering - Copying 0 resource from src\main\resources to target\classes
2024-11-11 16:10:01,436 [Worker-24: Building] INFO  o.a.m.s.f.DefaultMavenResourcesFiltering - Copying 1 resource from src\main\resources to target\classes
2024-11-11 16:10:01,438 [Worker-24: Building] INFO  o.a.m.s.f.DefaultMavenResourcesFiltering - skip non existing resourceDirectory C:\dev_proj_plant\workapace-plant\plant\src\test\resources
2024-11-11 16:11:28,886 [Worker-23: Building] INFO  o.a.m.s.f.DefaultMavenResourcesFiltering - Copying 0 resource from src\main\resources to target\classes
2024-11-11 16:11:28,888 [Worker-23: Building] INFO  o.a.m.s.f.DefaultMavenResourcesFiltering - Copying 1 resource from src\main\resources to target\classes
2024-11-11 16:11:28,891 [Worker-23: Building] INFO  o.a.m.s.f.DefaultMavenResourcesFiltering - skip non existing resourceDirectory C:\dev_proj_plant\workapace-plant\plant\src\test\resources
2024-11-11 16:11:35,485 [Worker-25: Building] INFO  o.a.m.s.f.DefaultMavenResourcesFiltering - Copying 0 resource from src\main\resources to target\classes
2024-11-11 16:11:35,488 [Worker-25: Building] INFO  o.a.m.s.f.DefaultMavenResourcesFiltering - Copying 1 resource from src\main\resources to target\classes
2024-11-11 16:11:35,491 [Worker-25: Building] INFO  o.a.m.s.f.DefaultMavenResourcesFiltering - skip non existing resourceDirectory C:\dev_proj_plant\workapace-plant\plant\src\test\resources
2024-11-11 16:12:43,895 [Worker-27: Building] INFO  o.a.m.s.f.DefaultMavenResourcesFiltering - Copying 0 resource from src\main\resources to target\classes
2024-11-11 16:12:43,897 [Worker-27: Building] INFO  o.a.m.s.f.DefaultMavenResourcesFiltering - Copying 1 resource from src\main\resources to target\classes
2024-11-11 16:12:43,899 [Worker-27: Building] INFO  o.a.m.s.f.DefaultMavenResourcesFiltering - skip non existing resourceDirectory C:\dev_proj_plant\workapace-plant\plant\src\test\resources
2024-11-11 16:13:17,942 [Worker-23: Building] INFO  o.a.m.s.f.DefaultMavenResourcesFiltering - Copying 0 resource from src\main\resources to target\classes
2024-11-11 16:13:17,943 [Worker-23: Building] INFO  o.a.m.s.f.DefaultMavenResourcesFiltering - Copying 1 resource from src\main\resources to target\classes
2024-11-11 16:13:17,945 [Worker-23: Building] INFO  o.a.m.s.f.DefaultMavenResourcesFiltering - skip non existing resourceDirectory C:\dev_proj_plant\workapace-plant\plant\src\test\resources
2024-11-11 16:13:32,410 [Worker-26: Building] INFO  o.a.m.s.f.DefaultMavenResourcesFiltering - Copying 0 resource from src\main\resources to target\classes
2024-11-11 16:13:32,411 [Worker-26: Building] INFO  o.a.m.s.f.DefaultMavenResourcesFiltering - Copying 1 resource from src\main\resources to target\classes
2024-11-11 16:13:32,413 [Worker-26: Building] INFO  o.a.m.s.f.DefaultMavenResourcesFiltering - skip non existing resourceDirectory C:\dev_proj_plant\workapace-plant\plant\src\test\resources
2024-11-11 16:14:07,365 [Worker-26: Building] INFO  o.a.m.s.f.DefaultMavenResourcesFiltering - Copying 0 resource from src\main\resources to target\classes
2024-11-11 16:14:07,366 [Worker-26: Building] INFO  o.a.m.s.f.DefaultMavenResourcesFiltering - Copying 1 resource from src\main\resources to target\classes
2024-11-11 16:14:07,368 [Worker-26: Building] INFO  o.a.m.s.f.DefaultMavenResourcesFiltering - skip non existing resourceDirectory C:\dev_proj_plant\workapace-plant\plant\src\test\resources
2024-11-11 16:15:06,191 [Worker-28: Building] INFO  o.a.m.s.f.DefaultMavenResourcesFiltering - Copying 0 resource from src\main\resources to target\classes
2024-11-11 16:15:06,193 [Worker-28: Building] INFO  o.a.m.s.f.DefaultMavenResourcesFiltering - Copying 1 resource from src\main\resources to target\classes
2024-11-11 16:15:06,195 [Worker-28: Building] INFO  o.a.m.s.f.DefaultMavenResourcesFiltering - skip non existing resourceDirectory C:\dev_proj_plant\workapace-plant\plant\src\test\resources
2024-11-11 16:15:26,277 [Worker-23: Building] INFO  o.a.m.s.f.DefaultMavenResourcesFiltering - Copying 1 resource from src\main\resources to target\classes
2024-11-11 16:15:26,282 [Worker-23: Building] INFO  o.a.m.s.f.DefaultMavenResourcesFiltering - Copying 18 resources from src\main\resources to target\classes
2024-11-11 16:15:26,285 [Worker-23: Building] INFO  o.a.m.s.f.DefaultMavenResourcesFiltering - skip non existing resourceDirectory C:\dev_proj_plant\workapace-plant\plant\src\test\resources
2024-11-11 16:15:38,276 [Worker-25: Building] INFO  o.a.m.s.f.DefaultMavenResourcesFiltering - Copying 0 resource from src\main\resources to target\classes
2024-11-11 16:15:38,278 [Worker-25: Building] INFO  o.a.m.s.f.DefaultMavenResourcesFiltering - Copying 1 resource from src\main\resources to target\classes
2024-11-11 16:15:38,281 [Worker-25: Building] INFO  o.a.m.s.f.DefaultMavenResourcesFiltering - skip non existing resourceDirectory C:\dev_proj_plant\workapace-plant\plant\src\test\resources
2024-11-11 16:16:05,543 [Worker-26: Building] INFO  o.a.m.s.f.DefaultMavenResourcesFiltering - Copying 1 resource from src\main\resources to target\classes
2024-11-11 16:16:05,547 [Worker-26: Building] INFO  o.a.m.s.f.DefaultMavenResourcesFiltering - Copying 18 resources from src\main\resources to target\classes
2024-11-11 16:16:05,551 [Worker-26: Building] INFO  o.a.m.s.f.DefaultMavenResourcesFiltering - skip non existing resourceDirectory C:\dev_proj_plant\workapace-plant\plant\src\test\resources
2024-11-11 16:20:54,693 [Worker-11: Building] INFO  o.a.m.s.f.DefaultMavenResourcesFiltering - Copying 0 resource from src\main\resources to target\classes
2024-11-11 16:20:54,694 [Worker-11: Building] INFO  o.a.m.s.f.DefaultMavenResourcesFiltering - Copying 1 resource from src\main\resources to target\classes
2024-11-11 16:20:54,697 [Worker-11: Building] INFO  o.a.m.s.f.DefaultMavenResourcesFiltering - skip non existing resourceDirectory C:\dev_proj_plant\workapace-plant\plant\src\test\resources
2024-11-11 16:21:19,963 [Worker-25: Building] INFO  o.a.m.s.f.DefaultMavenResourcesFiltering - Copying 0 resource from src\main\resources to target\classes
2024-11-11 16:21:19,964 [Worker-25: Building] INFO  o.a.m.s.f.DefaultMavenResourcesFiltering - Copying 1 resource from src\main\resources to target\classes
2024-11-11 16:21:19,965 [Worker-25: Building] INFO  o.a.m.s.f.DefaultMavenResourcesFiltering - skip non existing resourceDirectory C:\dev_proj_plant\workapace-plant\plant\src\test\resources
2024-11-11 16:21:48,907 [Worker-30: Building] INFO  o.a.m.s.f.DefaultMavenResourcesFiltering - Copying 0 resource from src\main\resources to target\classes
2024-11-11 16:21:48,908 [Worker-30: Building] INFO  o.a.m.s.f.DefaultMavenResourcesFiltering - Copying 1 resource from src\main\resources to target\classes
2024-11-11 16:21:48,910 [Worker-30: Building] INFO  o.a.m.s.f.DefaultMavenResourcesFiltering - skip non existing resourceDirectory C:\dev_proj_plant\workapace-plant\plant\src\test\resources
2024-11-11 16:22:32,963 [Worker-30: Building] INFO  o.a.m.s.f.DefaultMavenResourcesFiltering - Copying 1 resource from src\main\resources to target\classes
2024-11-11 16:22:32,966 [Worker-30: Building] INFO  o.a.m.s.f.DefaultMavenResourcesFiltering - Copying 18 resources from src\main\resources to target\classes
2024-11-11 16:22:32,970 [Worker-30: Building] INFO  o.a.m.s.f.DefaultMavenResourcesFiltering - skip non existing resourceDirectory C:\dev_proj_plant\workapace-plant\plant\src\test\resources
2024-11-11 16:23:58,756 [Worker-31: Building] INFO  o.a.m.s.f.DefaultMavenResourcesFiltering - Copying 1 resource from src\main\resources to target\classes
2024-11-11 16:23:58,763 [Worker-31: Building] INFO  o.a.m.s.f.DefaultMavenResourcesFiltering - Copying 18 resources from src\main\resources to target\classes
2024-11-11 16:23:58,767 [Worker-31: Building] INFO  o.a.m.s.f.DefaultMavenResourcesFiltering - skip non existing resourceDirectory C:\dev_proj_plant\workapace-plant\plant\src\test\resources
2024-11-11 16:24:06,269 [Worker-30: Building] INFO  o.a.m.s.f.DefaultMavenResourcesFiltering - Copying 1 resource from src\main\resources to target\classes
2024-11-11 16:24:06,272 [Worker-30: Building] INFO  o.a.m.s.f.DefaultMavenResourcesFiltering - Copying 18 resources from src\main\resources to target\classes
2024-11-11 16:24:06,275 [Worker-30: Building] INFO  o.a.m.s.f.DefaultMavenResourcesFiltering - skip non existing resourceDirectory C:\dev_proj_plant\workapace-plant\plant\src\test\resources
2024-11-11 16:27:13,562 [Worker-36: Building] INFO  o.a.m.s.f.DefaultMavenResourcesFiltering - Copying 0 resource from src\main\resources to target\classes
2024-11-11 16:27:13,564 [Worker-36: Building] INFO  o.a.m.s.f.DefaultMavenResourcesFiltering - Copying 1 resource from src\main\resources to target\classes
2024-11-11 16:27:13,566 [Worker-36: Building] INFO  o.a.m.s.f.DefaultMavenResourcesFiltering - skip non existing resourceDirectory C:\dev_proj_plant\workapace-plant\plant\src\test\resources
2024-11-11 16:36:08,860 [Worker-39: Building] INFO  o.a.m.s.f.DefaultMavenResourcesFiltering - Copying 1 resource from src\main\resources to target\classes
2024-11-11 16:36:08,867 [Worker-39: Building] INFO  o.a.m.s.f.DefaultMavenResourcesFiltering - Copying 18 resources from src\main\resources to target\classes
2024-11-11 16:36:08,870 [Worker-39: Building] INFO  o.a.m.s.f.DefaultMavenResourcesFiltering - skip non existing resourceDirectory C:\dev_proj_plant\workapace-plant\plant\src\test\resources
2024-11-11 16:37:48,253 [Worker-40: Building] INFO  o.a.m.s.f.DefaultMavenResourcesFiltering - Copying 1 resource from src\main\resources to target\classes
2024-11-11 16:37:48,261 [Worker-40: Building] INFO  o.a.m.s.f.DefaultMavenResourcesFiltering - Copying 0 resource from src\main\resources to target\classes
2024-11-11 16:37:48,263 [Worker-40: Building] INFO  o.a.m.s.f.DefaultMavenResourcesFiltering - skip non existing resourceDirectory C:\dev_proj_plant\workapace-plant\plant\src\test\resources
2024-11-11 16:42:37,848 [Worker-40: Building] INFO  o.a.m.s.f.DefaultMavenResourcesFiltering - Copying 1 resource from src\main\resources to target\classes
2024-11-11 16:42:37,856 [Worker-40: Building] INFO  o.a.m.s.f.DefaultMavenResourcesFiltering - Copying 18 resources from src\main\resources to target\classes
2024-11-11 16:42:37,861 [Worker-40: Building] INFO  o.a.m.s.f.DefaultMavenResourcesFiltering - skip non existing resourceDirectory C:\dev_proj_plant\workapace-plant\plant\src\test\resources
2024-11-11 16:43:07,009 [Worker-40: Building] INFO  o.a.m.s.f.DefaultMavenResourcesFiltering - Copying 1 resource from src\main\resources to target\classes
2024-11-11 16:43:07,013 [Worker-40: Building] INFO  o.a.m.s.f.DefaultMavenResourcesFiltering - Copying 18 resources from src\main\resources to target\classes
2024-11-11 16:43:07,016 [Worker-40: Building] INFO  o.a.m.s.f.DefaultMavenResourcesFiltering - skip non existing resourceDirectory C:\dev_proj_plant\workapace-plant\plant\src\test\resources
2024-11-11 16:44:00,894 [Worker-43: Building] INFO  o.a.m.s.f.DefaultMavenResourcesFiltering - Copying 1 resource from src\main\resources to target\classes
2024-11-11 16:44:00,897 [Worker-43: Building] INFO  o.a.m.s.f.DefaultMavenResourcesFiltering - Copying 18 resources from src\main\resources to target\classes
2024-11-11 16:44:00,901 [Worker-43: Building] INFO  o.a.m.s.f.DefaultMavenResourcesFiltering - skip non existing resourceDirectory C:\dev_proj_plant\workapace-plant\plant\src\test\resources
2024-11-11 16:44:01,938 [Worker-40: Building] INFO  o.a.m.s.f.DefaultMavenResourcesFiltering - Copying 1 resource from src\main\resources to target\classes
2024-11-11 16:44:01,941 [Worker-40: Building] INFO  o.a.m.s.f.DefaultMavenResourcesFiltering - Copying 18 resources from src\main\resources to target\classes
2024-11-11 16:44:01,944 [Worker-40: Building] INFO  o.a.m.s.f.DefaultMavenResourcesFiltering - skip non existing resourceDirectory C:\dev_proj_plant\workapace-plant\plant\src\test\resources
2024-11-11 16:45:13,775 [Worker-44: Building] INFO  o.a.m.s.f.DefaultMavenResourcesFiltering - Copying 0 resource from src\main\resources to target\classes
2024-11-11 16:45:13,777 [Worker-44: Building] INFO  o.a.m.s.f.DefaultMavenResourcesFiltering - Copying 1 resource from src\main\resources to target\classes
2024-11-11 16:45:13,779 [Worker-44: Building] INFO  o.a.m.s.f.DefaultMavenResourcesFiltering - skip non existing resourceDirectory C:\dev_proj_plant\workapace-plant\plant\src\test\resources
2024-11-11 16:50:57,195 [Worker-44: Building] INFO  o.a.m.s.f.DefaultMavenResourcesFiltering - Copying 1 resource from src\main\resources to target\classes
2024-11-11 16:50:57,200 [Worker-44: Building] INFO  o.a.m.s.f.DefaultMavenResourcesFiltering - Copying 19 resources from src\main\resources to target\classes
2024-11-11 16:50:57,203 [Worker-44: Building] INFO  o.a.m.s.f.DefaultMavenResourcesFiltering - skip non existing resourceDirectory C:\dev_proj_plant\workapace-plant\plant\src\test\resources
2024-11-11 16:52:20,361 [Worker-43: Building] INFO  o.a.m.s.f.DefaultMavenResourcesFiltering - Copying 1 resource from src\main\resources to target\classes
2024-11-11 16:52:20,365 [Worker-43: Building] INFO  o.a.m.s.f.DefaultMavenResourcesFiltering - Copying 19 resources from src\main\resources to target\classes
2024-11-11 16:52:20,368 [Worker-43: Building] INFO  o.a.m.s.f.DefaultMavenResourcesFiltering - skip non existing resourceDirectory C:\dev_proj_plant\workapace-plant\plant\src\test\resources
2024-11-11 16:53:14,038 [Worker-46: Building] INFO  o.a.m.s.f.DefaultMavenResourcesFiltering - Copying 1 resource from src\main\resources to target\classes
2024-11-11 16:53:14,041 [Worker-46: Building] INFO  o.a.m.s.f.DefaultMavenResourcesFiltering - Copying 19 resources from src\main\resources to target\classes
2024-11-11 16:53:14,045 [Worker-46: Building] INFO  o.a.m.s.f.DefaultMavenResourcesFiltering - skip non existing resourceDirectory C:\dev_proj_plant\workapace-plant\plant\src\test\resources
2024-11-11 16:53:18,814 [Worker-41: Building] INFO  o.a.m.s.f.DefaultMavenResourcesFiltering - Copying 1 resource from src\main\resources to target\classes
2024-11-11 16:53:18,824 [Worker-41: Building] INFO  o.a.m.s.f.DefaultMavenResourcesFiltering - Copying 19 resources from src\main\resources to target\classes
2024-11-11 16:53:18,828 [Worker-41: Building] INFO  o.a.m.s.f.DefaultMavenResourcesFiltering - skip non existing resourceDirectory C:\dev_proj_plant\workapace-plant\plant\src\test\resources
2024-11-11 16:53:53,744 [Worker-41: Building] INFO  o.a.m.s.f.DefaultMavenResourcesFiltering - Copying 1 resource from src\main\resources to target\classes
2024-11-11 16:53:53,748 [Worker-41: Building] INFO  o.a.m.s.f.DefaultMavenResourcesFiltering - Copying 19 resources from src\main\resources to target\classes
2024-11-11 16:53:53,751 [Worker-41: Building] INFO  o.a.m.s.f.DefaultMavenResourcesFiltering - skip non existing resourceDirectory C:\dev_proj_plant\workapace-plant\plant\src\test\resources
2024-11-11 16:53:57,097 [Worker-40: Building] INFO  o.a.m.s.f.DefaultMavenResourcesFiltering - Copying 1 resource from src\main\resources to target\classes
2024-11-11 16:53:57,105 [Worker-40: Building] INFO  o.a.m.s.f.DefaultMavenResourcesFiltering - Copying 19 resources from src\main\resources to target\classes
2024-11-11 16:53:57,109 [Worker-40: Building] INFO  o.a.m.s.f.DefaultMavenResourcesFiltering - skip non existing resourceDirectory C:\dev_proj_plant\workapace-plant\plant\src\test\resources
2024-11-11 16:54:39,226 [Worker-44: Launching plant - PlantApplication] INFO  o.a.m.s.f.DefaultMavenResourcesFiltering - Copying 0 resource from src\main\resources to target\classes
2024-11-11 16:54:39,228 [Worker-44: Launching plant - PlantApplication] INFO  o.a.m.s.f.DefaultMavenResourcesFiltering - Copying 1 resource from src\main\resources to target\classes
2024-11-11 16:54:39,230 [Worker-44: Launching plant - PlantApplication] INFO  o.a.m.s.f.DefaultMavenResourcesFiltering - skip non existing resourceDirectory C:\dev_proj_plant\workapace-plant\plant\src\test\resources
2024-11-11 16:56:35,422 [Worker-47: Building] INFO  o.a.m.s.f.DefaultMavenResourcesFiltering - Copying 1 resource from src\main\resources to target\classes
2024-11-11 16:56:35,428 [Worker-47: Building] INFO  o.a.m.s.f.DefaultMavenResourcesFiltering - Copying 19 resources from src\main\resources to target\classes
2024-11-11 16:56:35,431 [Worker-47: Building] INFO  o.a.m.s.f.DefaultMavenResourcesFiltering - skip non existing resourceDirectory C:\dev_proj_plant\workapace-plant\plant\src\test\resources
2024-11-11 17:00:49,990 [Worker-49: Building] INFO  o.a.m.s.f.DefaultMavenResourcesFiltering - Copying 1 resource from src\main\resources to target\classes
2024-11-11 17:00:49,994 [Worker-49: Building] INFO  o.a.m.s.f.DefaultMavenResourcesFiltering - Copying 19 resources from src\main\resources to target\classes
2024-11-11 17:00:49,998 [Worker-49: Building] INFO  o.a.m.s.f.DefaultMavenResourcesFiltering - skip non existing resourceDirectory C:\dev_proj_plant\workapace-plant\plant\src\test\resources
2024-11-11 17:05:50,467 [Worker-44: Building] INFO  o.a.m.s.f.DefaultMavenResourcesFiltering - Copying 0 resource from src\main\resources to target\classes
2024-11-11 17:05:50,469 [Worker-44: Building] INFO  o.a.m.s.f.DefaultMavenResourcesFiltering - Copying 1 resource from src\main\resources to target\classes
2024-11-11 17:05:50,471 [Worker-44: Building] INFO  o.a.m.s.f.DefaultMavenResourcesFiltering - skip non existing resourceDirectory C:\dev_proj_plant\workapace-plant\plant\src\test\resources
2024-11-11 17:07:06,644 [Worker-55: Building] INFO  o.a.m.s.f.DefaultMavenResourcesFiltering - Copying 1 resource from src\main\resources to target\classes
2024-11-11 17:07:06,658 [Worker-55: Building] INFO  o.a.m.s.f.DefaultMavenResourcesFiltering - Copying 0 resource from src\main\resources to target\classes
2024-11-11 17:07:06,660 [Worker-55: Building] INFO  o.a.m.s.f.DefaultMavenResourcesFiltering - skip non existing resourceDirectory C:\dev_proj_plant\workapace-plant\plant\src\test\resources
2024-11-11 17:07:32,552 [Worker-55: Building] INFO  o.a.m.s.f.DefaultMavenResourcesFiltering - Copying 0 resource from src\main\resources to target\classes
2024-11-11 17:07:32,554 [Worker-55: Building] INFO  o.a.m.s.f.DefaultMavenResourcesFiltering - Copying 1 resource from src\main\resources to target\classes
2024-11-11 17:07:32,557 [Worker-55: Building] INFO  o.a.m.s.f.DefaultMavenResourcesFiltering - skip non existing resourceDirectory C:\dev_proj_plant\workapace-plant\plant\src\test\resources
2024-11-11 17:09:02,289 [Worker-44: Building] INFO  o.a.m.s.f.DefaultMavenResourcesFiltering - Copying 1 resource from src\main\resources to target\classes
2024-11-11 17:09:02,296 [Worker-44: Building] INFO  o.a.m.s.f.DefaultMavenResourcesFiltering - Copying 0 resource from src\main\resources to target\classes
2024-11-11 17:09:02,298 [Worker-44: Building] INFO  o.a.m.s.f.DefaultMavenResourcesFiltering - skip non existing resourceDirectory C:\dev_proj_plant\workapace-plant\plant\src\test\resources
2024-11-11 17:09:07,847 [Worker-57: Building] INFO  o.a.m.s.f.DefaultMavenResourcesFiltering - Copying 0 resource from src\main\resources to target\classes
2024-11-11 17:09:07,849 [Worker-57: Building] INFO  o.a.m.s.f.DefaultMavenResourcesFiltering - Copying 1 resource from src\main\resources to target\classes
2024-11-11 17:09:07,852 [Worker-57: Building] INFO  o.a.m.s.f.DefaultMavenResourcesFiltering - skip non existing resourceDirectory C:\dev_proj_plant\workapace-plant\plant\src\test\resources
2024-11-11 17:09:32,408 [Worker-57: Building] INFO  o.a.m.s.f.DefaultMavenResourcesFiltering - Copying 0 resource from src\main\resources to target\classes
2024-11-11 17:09:32,410 [Worker-57: Building] INFO  o.a.m.s.f.DefaultMavenResourcesFiltering - Copying 1 resource from src\main\resources to target\classes
2024-11-11 17:09:32,413 [Worker-57: Building] INFO  o.a.m.s.f.DefaultMavenResourcesFiltering - skip non existing resourceDirectory C:\dev_proj_plant\workapace-plant\plant\src\test\resources
2024-11-11 17:10:13,147 [Worker-60: Building] INFO  o.a.m.s.f.DefaultMavenResourcesFiltering - Copying 1 resource from src\main\resources to target\classes
2024-11-11 17:10:13,151 [Worker-60: Building] INFO  o.a.m.s.f.DefaultMavenResourcesFiltering - Copying 20 resources from src\main\resources to target\classes
2024-11-11 17:10:13,155 [Worker-60: Building] INFO  o.a.m.s.f.DefaultMavenResourcesFiltering - skip non existing resourceDirectory C:\dev_proj_plant\workapace-plant\plant\src\test\resources
2024-11-11 17:10:38,597 [Worker-60: Building] INFO  o.a.m.s.f.DefaultMavenResourcesFiltering - Copying 0 resource from src\main\resources to target\classes
2024-11-11 17:10:38,600 [Worker-60: Building] INFO  o.a.m.s.f.DefaultMavenResourcesFiltering - Copying 1 resource from src\main\resources to target\classes
2024-11-11 17:10:38,602 [Worker-60: Building] INFO  o.a.m.s.f.DefaultMavenResourcesFiltering - skip non existing resourceDirectory C:\dev_proj_plant\workapace-plant\plant\src\test\resources
2024-11-11 17:10:47,703 [Worker-59: Building] INFO  o.a.m.s.f.DefaultMavenResourcesFiltering - Copying 0 resource from src\main\resources to target\classes
2024-11-11 17:10:47,705 [Worker-59: Building] INFO  o.a.m.s.f.DefaultMavenResourcesFiltering - Copying 1 resource from src\main\resources to target\classes
2024-11-11 17:10:47,707 [Worker-59: Building] INFO  o.a.m.s.f.DefaultMavenResourcesFiltering - skip non existing resourceDirectory C:\dev_proj_plant\workapace-plant\plant\src\test\resources
2024-11-11 17:11:37,985 [Worker-61: Building] INFO  o.a.m.s.f.DefaultMavenResourcesFiltering - Copying 0 resource from src\main\resources to target\classes
2024-11-11 17:11:37,987 [Worker-61: Building] INFO  o.a.m.s.f.DefaultMavenResourcesFiltering - Copying 1 resource from src\main\resources to target\classes
2024-11-11 17:11:37,990 [Worker-61: Building] INFO  o.a.m.s.f.DefaultMavenResourcesFiltering - skip non existing resourceDirectory C:\dev_proj_plant\workapace-plant\plant\src\test\resources
2024-11-11 17:11:50,215 [Worker-58: Building] INFO  o.a.m.s.f.DefaultMavenResourcesFiltering - Copying 0 resource from src\main\resources to target\classes
2024-11-11 17:11:50,217 [Worker-58: Building] INFO  o.a.m.s.f.DefaultMavenResourcesFiltering - Copying 1 resource from src\main\resources to target\classes
2024-11-11 17:11:50,219 [Worker-58: Building] INFO  o.a.m.s.f.DefaultMavenResourcesFiltering - skip non existing resourceDirectory C:\dev_proj_plant\workapace-plant\plant\src\test\resources
2024-11-11 17:12:28,594 [Worker-61: Building] INFO  o.a.m.s.f.DefaultMavenResourcesFiltering - Copying 0 resource from src\main\resources to target\classes
2024-11-11 17:12:28,597 [Worker-61: Building] INFO  o.a.m.s.f.DefaultMavenResourcesFiltering - Copying 1 resource from src\main\resources to target\classes
2024-11-11 17:12:28,599 [Worker-61: Building] INFO  o.a.m.s.f.DefaultMavenResourcesFiltering - skip non existing resourceDirectory C:\dev_proj_plant\workapace-plant\plant\src\test\resources
2024-11-11 17:13:31,027 [Worker-59: Building] INFO  o.a.m.s.f.DefaultMavenResourcesFiltering - Copying 0 resource from src\main\resources to target\classes
2024-11-11 17:13:31,029 [Worker-59: Building] INFO  o.a.m.s.f.DefaultMavenResourcesFiltering - Copying 1 resource from src\main\resources to target\classes
2024-11-11 17:13:31,032 [Worker-59: Building] INFO  o.a.m.s.f.DefaultMavenResourcesFiltering - skip non existing resourceDirectory C:\dev_proj_plant\workapace-plant\plant\src\test\resources
2024-11-11 17:13:58,755 [Worker-57: Building] INFO  o.a.m.s.f.DefaultMavenResourcesFiltering - Copying 1 resource from src\main\resources to target\classes
2024-11-11 17:13:58,760 [Worker-57: Building] INFO  o.a.m.s.f.DefaultMavenResourcesFiltering - Copying 20 resources from src\main\resources to target\classes
2024-11-11 17:13:58,764 [Worker-57: Building] INFO  o.a.m.s.f.DefaultMavenResourcesFiltering - skip non existing resourceDirectory C:\dev_proj_plant\workapace-plant\plant\src\test\resources
2024-11-11 17:15:10,612 [Worker-61: Building] INFO  o.a.m.s.f.DefaultMavenResourcesFiltering - Copying 0 resource from src\main\resources to target\classes
2024-11-11 17:15:10,615 [Worker-61: Building] INFO  o.a.m.s.f.DefaultMavenResourcesFiltering - Copying 1 resource from src\main\resources to target\classes
2024-11-11 17:15:10,617 [Worker-61: Building] INFO  o.a.m.s.f.DefaultMavenResourcesFiltering - skip non existing resourceDirectory C:\dev_proj_plant\workapace-plant\plant\src\test\resources
2024-11-11 17:15:33,859 [Worker-55: Building] INFO  o.a.m.s.f.DefaultMavenResourcesFiltering - Copying 1 resource from src\main\resources to target\classes
2024-11-11 17:15:33,867 [Worker-55: Building] INFO  o.a.m.s.f.DefaultMavenResourcesFiltering - Copying 20 resources from src\main\resources to target\classes
2024-11-11 17:15:33,871 [Worker-55: Building] INFO  o.a.m.s.f.DefaultMavenResourcesFiltering - skip non existing resourceDirectory C:\dev_proj_plant\workapace-plant\plant\src\test\resources
2024-11-11 17:16:35,933 [Worker-62: Building] INFO  o.a.m.s.f.DefaultMavenResourcesFiltering - Copying 1 resource from src\main\resources to target\classes
2024-11-11 17:16:35,937 [Worker-62: Building] INFO  o.a.m.s.f.DefaultMavenResourcesFiltering - Copying 20 resources from src\main\resources to target\classes
2024-11-11 17:16:35,940 [Worker-62: Building] INFO  o.a.m.s.f.DefaultMavenResourcesFiltering - skip non existing resourceDirectory C:\dev_proj_plant\workapace-plant\plant\src\test\resources
2024-11-11 17:18:55,622 [Worker-55: Building] INFO  o.a.m.s.f.DefaultMavenResourcesFiltering - Copying 1 resource from src\main\resources to target\classes
2024-11-11 17:18:55,626 [Worker-55: Building] INFO  o.a.m.s.f.DefaultMavenResourcesFiltering - Copying 20 resources from src\main\resources to target\classes
2024-11-11 17:18:55,630 [Worker-55: Building] INFO  o.a.m.s.f.DefaultMavenResourcesFiltering - skip non existing resourceDirectory C:\dev_proj_plant\workapace-plant\plant\src\test\resources
2024-11-11 17:19:44,194 [Worker-65: Building] INFO  o.a.m.s.f.DefaultMavenResourcesFiltering - Copying 1 resource from src\main\resources to target\classes
2024-11-11 17:19:44,198 [Worker-65: Building] INFO  o.a.m.s.f.DefaultMavenResourcesFiltering - Copying 20 resources from src\main\resources to target\classes
2024-11-11 17:19:44,202 [Worker-65: Building] INFO  o.a.m.s.f.DefaultMavenResourcesFiltering - skip non existing resourceDirectory C:\dev_proj_plant\workapace-plant\plant\src\test\resources
2024-11-11 17:21:07,317 [Worker-65: Building] INFO  o.a.m.s.f.DefaultMavenResourcesFiltering - Copying 1 resource from src\main\resources to target\classes
2024-11-11 17:21:07,321 [Worker-65: Building] INFO  o.a.m.s.f.DefaultMavenResourcesFiltering - Copying 20 resources from src\main\resources to target\classes
2024-11-11 17:21:07,326 [Worker-65: Building] INFO  o.a.m.s.f.DefaultMavenResourcesFiltering - skip non existing resourceDirectory C:\dev_proj_plant\workapace-plant\plant\src\test\resources
2024-11-11 17:23:29,897 [Worker-62: Building] INFO  o.a.m.s.f.DefaultMavenResourcesFiltering - Copying 1 resource from src\main\resources to target\classes
2024-11-11 17:23:29,906 [Worker-62: Building] INFO  o.a.m.s.f.DefaultMavenResourcesFiltering - Copying 0 resource from src\main\resources to target\classes
2024-11-11 17:23:29,908 [Worker-62: Building] INFO  o.a.m.s.f.DefaultMavenResourcesFiltering - skip non existing resourceDirectory C:\dev_proj_plant\workapace-plant\plant\src\test\resources
2024-11-11 17:24:52,628 [Worker-69: Building] INFO  o.a.m.s.f.DefaultMavenResourcesFiltering - Copying 0 resource from src\main\resources to target\classes
2024-11-11 17:24:52,630 [Worker-69: Building] INFO  o.a.m.s.f.DefaultMavenResourcesFiltering - Copying 1 resource from src\main\resources to target\classes
2024-11-11 17:24:52,632 [Worker-69: Building] INFO  o.a.m.s.f.DefaultMavenResourcesFiltering - skip non existing resourceDirectory C:\dev_proj_plant\workapace-plant\plant\src\test\resources
2024-11-11 17:25:10,752 [Worker-62: Building] INFO  o.a.m.s.f.DefaultMavenResourcesFiltering - Copying 1 resource from src\main\resources to target\classes
2024-11-11 17:25:10,761 [Worker-62: Building] INFO  o.a.m.s.f.DefaultMavenResourcesFiltering - Copying 0 resource from src\main\resources to target\classes
2024-11-11 17:25:10,764 [Worker-62: Building] INFO  o.a.m.s.f.DefaultMavenResourcesFiltering - skip non existing resourceDirectory C:\dev_proj_plant\workapace-plant\plant\src\test\resources
2024-11-11 17:27:00,990 [Worker-67: Building] INFO  o.a.m.s.f.DefaultMavenResourcesFiltering - Copying 0 resource from src\main\resources to target\classes
2024-11-11 17:27:00,992 [Worker-67: Building] INFO  o.a.m.s.f.DefaultMavenResourcesFiltering - Copying 1 resource from src\main\resources to target\classes
2024-11-11 17:27:00,994 [Worker-67: Building] INFO  o.a.m.s.f.DefaultMavenResourcesFiltering - skip non existing resourceDirectory C:\dev_proj_plant\workapace-plant\plant\src\test\resources
2024-11-11 17:28:48,863 [Worker-71: Building] INFO  o.a.m.s.f.DefaultMavenResourcesFiltering - Copying 1 resource from src\main\resources to target\classes
2024-11-11 17:28:48,872 [Worker-71: Building] INFO  o.a.m.s.f.DefaultMavenResourcesFiltering - Copying 0 resource from src\main\resources to target\classes
2024-11-11 17:28:48,873 [Worker-71: Building] INFO  o.a.m.s.f.DefaultMavenResourcesFiltering - skip non existing resourceDirectory C:\dev_proj_plant\workapace-plant\plant\src\test\resources
2024-11-11 17:32:13,804 [Worker-77: Building] INFO  o.a.m.s.f.DefaultMavenResourcesFiltering - Copying 1 resource from src\main\resources to target\classes
2024-11-11 17:32:13,812 [Worker-77: Building] INFO  o.a.m.s.f.DefaultMavenResourcesFiltering - Copying 0 resource from src\main\resources to target\classes
2024-11-11 17:32:13,813 [Worker-77: Building] INFO  o.a.m.s.f.DefaultMavenResourcesFiltering - skip non existing resourceDirectory C:\dev_proj_plant\workapace-plant\plant\src\test\resources
2024-11-11 17:35:09,675 [Worker-67: Building] INFO  o.a.m.s.f.DefaultMavenResourcesFiltering - Copying 1 resource from src\main\resources to target\classes
2024-11-11 17:35:09,681 [Worker-67: Building] INFO  o.a.m.s.f.DefaultMavenResourcesFiltering - Copying 0 resource from src\main\resources to target\classes
2024-11-11 17:35:09,682 [Worker-67: Building] INFO  o.a.m.s.f.DefaultMavenResourcesFiltering - skip non existing resourceDirectory C:\dev_proj_plant\workapace-plant\plant\src\test\resources
2024-11-11 17:35:22,945 [Worker-73: Building] INFO  o.a.m.s.f.DefaultMavenResourcesFiltering - Copying 0 resource from src\main\resources to target\classes
2024-11-11 17:35:22,948 [Worker-73: Building] INFO  o.a.m.s.f.DefaultMavenResourcesFiltering - Copying 0 resource from src\main\resources to target\classes
2024-11-11 17:35:22,949 [Worker-73: Building] INFO  o.a.m.s.f.DefaultMavenResourcesFiltering - skip non existing resourceDirectory C:\dev_proj_plant\workapace-plant\plant\src\test\resources
2024-11-11 17:35:35,437 [Worker-80: Building] INFO  o.a.m.s.f.DefaultMavenResourcesFiltering - Copying 0 resource from src\main\resources to target\classes
2024-11-11 17:35:35,439 [Worker-80: Building] INFO  o.a.m.s.f.DefaultMavenResourcesFiltering - Copying 1 resource from src\main\resources to target\classes
2024-11-11 17:35:35,442 [Worker-80: Building] INFO  o.a.m.s.f.DefaultMavenResourcesFiltering - skip non existing resourceDirectory C:\dev_proj_plant\workapace-plant\plant\src\test\resources
2024-11-11 17:39:54,961 [Worker-84: Building] INFO  o.a.m.s.f.DefaultMavenResourcesFiltering - Copying 0 resource from src\main\resources to target\classes
2024-11-11 17:39:54,963 [Worker-84: Building] INFO  o.a.m.s.f.DefaultMavenResourcesFiltering - Copying 1 resource from src\main\resources to target\classes
2024-11-11 17:39:54,966 [Worker-84: Building] INFO  o.a.m.s.f.DefaultMavenResourcesFiltering - skip non existing resourceDirectory C:\dev_proj_plant\workapace-plant\plant\src\test\resources
2024-11-11 17:40:09,897 [Worker-83: Building] INFO  o.a.m.s.f.DefaultMavenResourcesFiltering - Copying 0 resource from src\main\resources to target\classes
2024-11-11 17:40:09,899 [Worker-83: Building] INFO  o.a.m.s.f.DefaultMavenResourcesFiltering - Copying 1 resource from src\main\resources to target\classes
2024-11-11 17:40:09,901 [Worker-83: Building] INFO  o.a.m.s.f.DefaultMavenResourcesFiltering - skip non existing resourceDirectory C:\dev_proj_plant\workapace-plant\plant\src\test\resources
2024-11-11 17:40:19,976 [Worker-67: Building] INFO  o.a.m.s.f.DefaultMavenResourcesFiltering - Copying 0 resource from src\main\resources to target\classes
2024-11-11 17:40:19,978 [Worker-67: Building] INFO  o.a.m.s.f.DefaultMavenResourcesFiltering - Copying 1 resource from src\main\resources to target\classes
2024-11-11 17:40:19,980 [Worker-67: Building] INFO  o.a.m.s.f.DefaultMavenResourcesFiltering - skip non existing resourceDirectory C:\dev_proj_plant\workapace-plant\plant\src\test\resources
2024-11-11 17:40:36,427 [Worker-84: Building] INFO  o.a.m.s.f.DefaultMavenResourcesFiltering - Copying 1 resource from src\main\resources to target\classes
2024-11-11 17:40:36,432 [Worker-84: Building] INFO  o.a.m.s.f.DefaultMavenResourcesFiltering - Copying 19 resources from src\main\resources to target\classes
2024-11-11 17:40:36,436 [Worker-84: Building] INFO  o.a.m.s.f.DefaultMavenResourcesFiltering - skip non existing resourceDirectory C:\dev_proj_plant\workapace-plant\plant\src\test\resources
2024-11-11 17:41:01,622 [Worker-79: Building] INFO  o.a.m.s.f.DefaultMavenResourcesFiltering - Copying 0 resource from src\main\resources to target\classes
2024-11-11 17:41:01,625 [Worker-79: Building] INFO  o.a.m.s.f.DefaultMavenResourcesFiltering - Copying 1 resource from src\main\resources to target\classes
2024-11-11 17:41:01,627 [Worker-79: Building] INFO  o.a.m.s.f.DefaultMavenResourcesFiltering - skip non existing resourceDirectory C:\dev_proj_plant\workapace-plant\plant\src\test\resources
2024-11-11 17:48:57,060 [Worker-88: Building] INFO  o.a.m.s.f.DefaultMavenResourcesFiltering - Copying 0 resource from src\main\resources to target\classes
2024-11-11 17:48:57,062 [Worker-88: Building] INFO  o.a.m.s.f.DefaultMavenResourcesFiltering - Copying 1 resource from src\main\resources to target\classes
2024-11-11 17:48:57,064 [Worker-88: Building] INFO  o.a.m.s.f.DefaultMavenResourcesFiltering - skip non existing resourceDirectory C:\dev_proj_plant\workapace-plant\plant\src\test\resources
2024-11-11 17:50:00,925 [Worker-90: Building] INFO  o.a.m.s.f.DefaultMavenResourcesFiltering - Copying 0 resource from src\main\resources to target\classes
2024-11-11 17:50:00,927 [Worker-90: Building] INFO  o.a.m.s.f.DefaultMavenResourcesFiltering - Copying 1 resource from src\main\resources to target\classes
2024-11-11 17:50:00,928 [Worker-90: Building] INFO  o.a.m.s.f.DefaultMavenResourcesFiltering - skip non existing resourceDirectory C:\dev_proj_plant\workapace-plant\plant\src\test\resources
2024-11-11 17:50:57,912 [Worker-88: Building] INFO  o.a.m.s.f.DefaultMavenResourcesFiltering - Copying 0 resource from src\main\resources to target\classes
2024-11-11 17:50:57,914 [Worker-88: Building] INFO  o.a.m.s.f.DefaultMavenResourcesFiltering - Copying 1 resource from src\main\resources to target\classes
2024-11-11 17:50:57,916 [Worker-88: Building] INFO  o.a.m.s.f.DefaultMavenResourcesFiltering - skip non existing resourceDirectory C:\dev_proj_plant\workapace-plant\plant\src\test\resources
2024-11-11 17:53:47,594 [Worker-97: Building] INFO  o.a.m.s.f.DefaultMavenResourcesFiltering - Copying 0 resource from src\main\resources to target\classes
2024-11-11 17:53:47,596 [Worker-97: Building] INFO  o.a.m.s.f.DefaultMavenResourcesFiltering - Copying 1 resource from src\main\resources to target\classes
2024-11-11 17:53:47,599 [Worker-97: Building] INFO  o.a.m.s.f.DefaultMavenResourcesFiltering - skip non existing resourceDirectory C:\dev_proj_plant\workapace-plant\plant\src\test\resources
2024-11-11 17:57:40,251 [Worker-100: Building] INFO  o.a.m.s.f.DefaultMavenResourcesFiltering - Copying 0 resource from src\main\resources to target\classes
2024-11-11 17:57:40,253 [Worker-100: Building] INFO  o.a.m.s.f.DefaultMavenResourcesFiltering - Copying 1 resource from src\main\resources to target\classes
2024-11-11 17:57:40,255 [Worker-100: Building] INFO  o.a.m.s.f.DefaultMavenResourcesFiltering - skip non existing resourceDirectory C:\dev_proj_plant\workapace-plant\plant\src\test\resources
2024-11-11 17:58:56,966 [Worker-93: Building] INFO  o.a.m.s.f.DefaultMavenResourcesFiltering - Copying 0 resource from src\main\resources to target\classes
2024-11-11 17:58:56,968 [Worker-93: Building] INFO  o.a.m.s.f.DefaultMavenResourcesFiltering - Copying 1 resource from src\main\resources to target\classes
2024-11-11 17:58:56,971 [Worker-93: Building] INFO  o.a.m.s.f.DefaultMavenResourcesFiltering - skip non existing resourceDirectory C:\dev_proj_plant\workapace-plant\plant\src\test\resources
2024-11-11 17:59:26,134 [Worker-101: Building] INFO  o.a.m.s.f.DefaultMavenResourcesFiltering - Copying 0 resource from src\main\resources to target\classes
2024-11-11 17:59:26,137 [Worker-101: Building] INFO  o.a.m.s.f.DefaultMavenResourcesFiltering - Copying 1 resource from src\main\resources to target\classes
2024-11-11 17:59:26,137 [Worker-101: Building] INFO  o.a.m.s.f.DefaultMavenResourcesFiltering - skip non existing resourceDirectory C:\dev_proj_plant\workapace-plant\plant\src\test\resources
2024-11-11 17:59:41,981 [Worker-102: Building] INFO  o.a.m.s.f.DefaultMavenResourcesFiltering - Copying 0 resource from src\main\resources to target\classes
2024-11-11 17:59:41,982 [Worker-102: Building] INFO  o.a.m.s.f.DefaultMavenResourcesFiltering - Copying 1 resource from src\main\resources to target\classes
2024-11-11 17:59:41,984 [Worker-102: Building] INFO  o.a.m.s.f.DefaultMavenResourcesFiltering - skip non existing resourceDirectory C:\dev_proj_plant\workapace-plant\plant\src\test\resources
2024-11-11 18:05:40,455 [Worker-103: Building] INFO  o.a.m.s.f.DefaultMavenResourcesFiltering - Copying 0 resource from src\main\resources to target\classes
2024-11-11 18:05:40,457 [Worker-103: Building] INFO  o.a.m.s.f.DefaultMavenResourcesFiltering - Copying 1 resource from src\main\resources to target\classes
2024-11-11 18:05:40,458 [Worker-103: Building] INFO  o.a.m.s.f.DefaultMavenResourcesFiltering - skip non existing resourceDirectory C:\dev_proj_plant\workapace-plant\plant\src\test\resources
2024-11-11 18:05:46,249 [Worker-93: Building] INFO  o.a.m.s.f.DefaultMavenResourcesFiltering - Copying 1 resource from src\main\resources to target\classes
2024-11-11 18:05:46,253 [Worker-93: Building] INFO  o.a.m.s.f.DefaultMavenResourcesFiltering - Copying 20 resources from src\main\resources to target\classes
2024-11-11 18:05:46,256 [Worker-93: Building] INFO  o.a.m.s.f.DefaultMavenResourcesFiltering - skip non existing resourceDirectory C:\dev_proj_plant\workapace-plant\plant\src\test\resources
2024-11-11 18:06:17,035 [Worker-102: Building] INFO  o.a.m.s.f.DefaultMavenResourcesFiltering - Copying 0 resource from src\main\resources to target\classes
2024-11-11 18:06:17,036 [Worker-102: Building] INFO  o.a.m.s.f.DefaultMavenResourcesFiltering - Copying 1 resource from src\main\resources to target\classes
2024-11-11 18:06:17,038 [Worker-102: Building] INFO  o.a.m.s.f.DefaultMavenResourcesFiltering - skip non existing resourceDirectory C:\dev_proj_plant\workapace-plant\plant\src\test\resources
2024-11-11 18:06:45,245 [Worker-106: Building] INFO  o.a.m.s.f.DefaultMavenResourcesFiltering - Copying 0 resource from src\main\resources to target\classes
2024-11-11 18:06:45,247 [Worker-106: Building] INFO  o.a.m.s.f.DefaultMavenResourcesFiltering - Copying 1 resource from src\main\resources to target\classes
2024-11-11 18:06:45,248 [Worker-106: Building] INFO  o.a.m.s.f.DefaultMavenResourcesFiltering - skip non existing resourceDirectory C:\dev_proj_plant\workapace-plant\plant\src\test\resources
2024-11-11 18:09:56,073 [Worker-107: Building] INFO  o.a.m.s.f.DefaultMavenResourcesFiltering - Copying 0 resource from src\main\resources to target\classes
2024-11-11 18:09:56,075 [Worker-107: Building] INFO  o.a.m.s.f.DefaultMavenResourcesFiltering - Copying 1 resource from src\main\resources to target\classes
2024-11-11 18:09:56,077 [Worker-107: Building] INFO  o.a.m.s.f.DefaultMavenResourcesFiltering - skip non existing resourceDirectory C:\dev_proj_plant\workapace-plant\plant\src\test\resources
2024-11-11 18:10:00,821 [Worker-106: Launching plant - PlantApplication] INFO  o.a.m.s.f.DefaultMavenResourcesFiltering - Copying 0 resource from src\main\resources to target\classes
2024-11-11 18:10:00,823 [Worker-106: Launching plant - PlantApplication] INFO  o.a.m.s.f.DefaultMavenResourcesFiltering - Copying 1 resource from src\main\resources to target\classes
2024-11-11 18:10:00,826 [Worker-106: Launching plant - PlantApplication] INFO  o.a.m.s.f.DefaultMavenResourcesFiltering - skip non existing resourceDirectory C:\dev_proj_plant\workapace-plant\plant\src\test\resources
2024-11-11 18:11:41,094 [Worker-113: Building] INFO  o.a.m.s.f.DefaultMavenResourcesFiltering - Copying 0 resource from src\main\resources to target\classes
2024-11-11 18:11:41,096 [Worker-113: Building] INFO  o.a.m.s.f.DefaultMavenResourcesFiltering - Copying 1 resource from src\main\resources to target\classes
2024-11-11 18:11:41,099 [Worker-113: Building] INFO  o.a.m.s.f.DefaultMavenResourcesFiltering - skip non existing resourceDirectory C:\dev_proj_plant\workapace-plant\plant\src\test\resources
2024-11-11 18:19:03,577 [Worker-116: Building] INFO  o.a.m.s.f.DefaultMavenResourcesFiltering - Copying 0 resource from src\main\resources to target\classes
2024-11-11 18:19:03,579 [Worker-116: Building] INFO  o.a.m.s.f.DefaultMavenResourcesFiltering - Copying 1 resource from src\main\resources to target\classes
2024-11-11 18:19:03,581 [Worker-116: Building] INFO  o.a.m.s.f.DefaultMavenResourcesFiltering - skip non existing resourceDirectory C:\dev_proj_plant\workapace-plant\plant\src\test\resources
2024-11-11 18:19:17,410 [Worker-114: Building] INFO  o.a.m.s.f.DefaultMavenResourcesFiltering - Copying 0 resource from src\main\resources to target\classes
2024-11-11 18:19:17,412 [Worker-114: Building] INFO  o.a.m.s.f.DefaultMavenResourcesFiltering - Copying 1 resource from src\main\resources to target\classes
2024-11-11 18:19:17,414 [Worker-114: Building] INFO  o.a.m.s.f.DefaultMavenResourcesFiltering - skip non existing resourceDirectory C:\dev_proj_plant\workapace-plant\plant\src\test\resources
2024-11-11 18:19:37,146 [Worker-114: Building] INFO  o.a.m.s.f.DefaultMavenResourcesFiltering - Copying 0 resource from src\main\resources to target\classes
2024-11-11 18:19:37,148 [Worker-114: Building] INFO  o.a.m.s.f.DefaultMavenResourcesFiltering - Copying 1 resource from src\main\resources to target\classes
2024-11-11 18:19:37,150 [Worker-114: Building] INFO  o.a.m.s.f.DefaultMavenResourcesFiltering - skip non existing resourceDirectory C:\dev_proj_plant\workapace-plant\plant\src\test\resources
2024-11-11 18:25:45,102 [Worker-119: Building] INFO  o.a.m.s.f.DefaultMavenResourcesFiltering - Copying 1 resource from src\main\resources to target\classes
2024-11-11 18:25:45,107 [Worker-119: Building] INFO  o.a.m.s.f.DefaultMavenResourcesFiltering - Copying 20 resources from src\main\resources to target\classes
2024-11-11 18:25:45,112 [Worker-119: Building] INFO  o.a.m.s.f.DefaultMavenResourcesFiltering - skip non existing resourceDirectory C:\dev_proj_plant\workapace-plant\plant\src\test\resources
2024-11-11 18:31:31,643 [Worker-121: Building] INFO  o.a.m.s.f.DefaultMavenResourcesFiltering - Copying 1 resource from src\main\resources to target\classes
2024-11-11 18:31:31,647 [Worker-121: Building] INFO  o.a.m.s.f.DefaultMavenResourcesFiltering - Copying 20 resources from src\main\resources to target\classes
2024-11-11 18:31:31,651 [Worker-121: Building] INFO  o.a.m.s.f.DefaultMavenResourcesFiltering - skip non existing resourceDirectory C:\dev_proj_plant\workapace-plant\plant\src\test\resources
2024-11-11 18:31:44,246 [Worker-119: Building] INFO  o.a.m.s.f.DefaultMavenResourcesFiltering - Copying 1 resource from src\main\resources to target\classes
2024-11-11 18:31:44,251 [Worker-119: Building] INFO  o.a.m.s.f.DefaultMavenResourcesFiltering - Copying 20 resources from src\main\resources to target\classes
2024-11-11 18:31:44,254 [Worker-119: Building] INFO  o.a.m.s.f.DefaultMavenResourcesFiltering - skip non existing resourceDirectory C:\dev_proj_plant\workapace-plant\plant\src\test\resources
2024-11-11 18:31:51,979 [Worker-121: Building] INFO  o.a.m.s.f.DefaultMavenResourcesFiltering - Copying 1 resource from src\main\resources to target\classes
2024-11-11 18:31:51,982 [Worker-121: Building] INFO  o.a.m.s.f.DefaultMavenResourcesFiltering - Copying 20 resources from src\main\resources to target\classes
2024-11-11 18:31:51,986 [Worker-121: Building] INFO  o.a.m.s.f.DefaultMavenResourcesFiltering - skip non existing resourceDirectory C:\dev_proj_plant\workapace-plant\plant\src\test\resources
2024-11-11 18:37:02,295 [Worker-123: Building] INFO  o.a.m.s.f.DefaultMavenResourcesFiltering - Copying 1 resource from src\main\resources to target\classes
2024-11-11 18:37:02,302 [Worker-123: Building] INFO  o.a.m.s.f.DefaultMavenResourcesFiltering - Copying 20 resources from src\main\resources to target\classes
2024-11-11 18:37:02,306 [Worker-123: Building] INFO  o.a.m.s.f.DefaultMavenResourcesFiltering - skip non existing resourceDirectory C:\dev_proj_plant\workapace-plant\plant\src\test\resources
2024-11-11 18:41:01,211 [Worker-127: Building] INFO  o.a.m.s.f.DefaultMavenResourcesFiltering - Copying 1 resource from src\main\resources to target\classes
2024-11-11 18:41:01,215 [Worker-127: Building] INFO  o.a.m.s.f.DefaultMavenResourcesFiltering - Copying 20 resources from src\main\resources to target\classes
2024-11-11 18:41:01,219 [Worker-127: Building] INFO  o.a.m.s.f.DefaultMavenResourcesFiltering - skip non existing resourceDirectory C:\dev_proj_plant\workapace-plant\plant\src\test\resources
2024-11-11 18:46:13,840 [Worker-131: Building] INFO  o.a.m.s.f.DefaultMavenResourcesFiltering - Copying 1 resource from src\main\resources to target\classes
2024-11-11 18:46:13,844 [Worker-131: Building] INFO  o.a.m.s.f.DefaultMavenResourcesFiltering - Copying 20 resources from src\main\resources to target\classes
2024-11-11 18:46:13,848 [Worker-131: Building] INFO  o.a.m.s.f.DefaultMavenResourcesFiltering - skip non existing resourceDirectory C:\dev_proj_plant\workapace-plant\plant\src\test\resources
2024-11-11 18:51:11,792 [Worker-133: Building] INFO  o.a.m.s.f.DefaultMavenResourcesFiltering - Copying 1 resource from src\main\resources to target\classes
2024-11-11 18:51:11,796 [Worker-133: Building] INFO  o.a.m.s.f.DefaultMavenResourcesFiltering - Copying 20 resources from src\main\resources to target\classes
2024-11-11 18:51:11,800 [Worker-133: Building] INFO  o.a.m.s.f.DefaultMavenResourcesFiltering - skip non existing resourceDirectory C:\dev_proj_plant\workapace-plant\plant\src\test\resources
2024-11-11 18:52:59,932 [Worker-132: Building] INFO  o.a.m.s.f.DefaultMavenResourcesFiltering - Copying 0 resource from src\main\resources to target\classes
2024-11-11 18:52:59,935 [Worker-132: Building] INFO  o.a.m.s.f.DefaultMavenResourcesFiltering - Copying 1 resource from src\main\resources to target\classes
2024-11-11 18:52:59,937 [Worker-132: Building] INFO  o.a.m.s.f.DefaultMavenResourcesFiltering - skip non existing resourceDirectory C:\dev_proj_plant\workapace-plant\plant\src\test\resources
2024-11-11 18:53:02,101 [Worker-127: Building] INFO  o.a.m.s.f.DefaultMavenResourcesFiltering - Copying 1 resource from src\main\resources to target\classes
2024-11-11 18:53:02,107 [Worker-127: Building] INFO  o.a.m.s.f.DefaultMavenResourcesFiltering - Copying 20 resources from src\main\resources to target\classes
2024-11-11 18:53:02,111 [Worker-127: Building] INFO  o.a.m.s.f.DefaultMavenResourcesFiltering - skip non existing resourceDirectory C:\dev_proj_plant\workapace-plant\plant\src\test\resources
2024-11-11 18:53:31,601 [Worker-127: Building] INFO  o.a.m.s.f.DefaultMavenResourcesFiltering - Copying 1 resource from src\main\resources to target\classes
2024-11-11 18:53:31,606 [Worker-127: Building] INFO  o.a.m.s.f.DefaultMavenResourcesFiltering - Copying 20 resources from src\main\resources to target\classes
2024-11-11 18:53:31,610 [Worker-127: Building] INFO  o.a.m.s.f.DefaultMavenResourcesFiltering - skip non existing resourceDirectory C:\dev_proj_plant\workapace-plant\plant\src\test\resources
2024-11-11 18:55:03,934 [Worker-138: Building] INFO  o.a.m.s.f.DefaultMavenResourcesFiltering - Copying 0 resource from src\main\resources to target\classes
2024-11-11 18:55:03,936 [Worker-138: Building] INFO  o.a.m.s.f.DefaultMavenResourcesFiltering - Copying 1 resource from src\main\resources to target\classes
2024-11-11 18:55:03,938 [Worker-138: Building] INFO  o.a.m.s.f.DefaultMavenResourcesFiltering - skip non existing resourceDirectory C:\dev_proj_plant\workapace-plant\plant\src\test\resources
2024-11-11 18:57:01,248 [Worker-125: Building] INFO  o.a.m.s.f.DefaultMavenResourcesFiltering - Copying 1 resource from src\main\resources to target\classes
2024-11-11 18:57:01,252 [Worker-125: Building] INFO  o.a.m.s.f.DefaultMavenResourcesFiltering - Copying 20 resources from src\main\resources to target\classes
2024-11-11 18:57:01,258 [Worker-125: Building] INFO  o.a.m.s.f.DefaultMavenResourcesFiltering - skip non existing resourceDirectory C:\dev_proj_plant\workapace-plant\plant\src\test\resources
2024-11-11 18:57:04,129 [Worker-138: Building] INFO  o.a.m.s.f.DefaultMavenResourcesFiltering - Copying 0 resource from src\main\resources to target\classes
2024-11-11 18:57:04,131 [Worker-138: Building] INFO  o.a.m.s.f.DefaultMavenResourcesFiltering - Copying 1 resource from src\main\resources to target\classes
2024-11-11 18:57:04,133 [Worker-138: Building] INFO  o.a.m.s.f.DefaultMavenResourcesFiltering - skip non existing resourceDirectory C:\dev_proj_plant\workapace-plant\plant\src\test\resources
2024-11-11 18:57:10,569 [Worker-141: Building] INFO  o.a.m.s.f.DefaultMavenResourcesFiltering - Copying 1 resource from src\main\resources to target\classes
2024-11-11 18:57:10,572 [Worker-141: Building] INFO  o.a.m.s.f.DefaultMavenResourcesFiltering - Copying 20 resources from src\main\resources to target\classes
2024-11-11 18:57:10,577 [Worker-141: Building] INFO  o.a.m.s.f.DefaultMavenResourcesFiltering - skip non existing resourceDirectory C:\dev_proj_plant\workapace-plant\plant\src\test\resources
2024-11-11 18:57:24,526 [Worker-137: Building] INFO  o.a.m.s.f.DefaultMavenResourcesFiltering - Copying 1 resource from src\main\resources to target\classes
2024-11-11 18:57:24,529 [Worker-137: Building] INFO  o.a.m.s.f.DefaultMavenResourcesFiltering - Copying 20 resources from src\main\resources to target\classes
2024-11-11 18:57:24,533 [Worker-137: Building] INFO  o.a.m.s.f.DefaultMavenResourcesFiltering - skip non existing resourceDirectory C:\dev_proj_plant\workapace-plant\plant\src\test\resources
2024-11-11 18:57:33,501 [Worker-138: Building] INFO  o.a.m.s.f.DefaultMavenResourcesFiltering - Copying 1 resource from src\main\resources to target\classes
2024-11-11 18:57:33,505 [Worker-138: Building] INFO  o.a.m.s.f.DefaultMavenResourcesFiltering - Copying 20 resources from src\main\resources to target\classes
2024-11-11 18:57:33,509 [Worker-138: Building] INFO  o.a.m.s.f.DefaultMavenResourcesFiltering - skip non existing resourceDirectory C:\dev_proj_plant\workapace-plant\plant\src\test\resources
2024-11-11 19:24:51,217 [Worker-146: Building] INFO  o.a.m.s.f.DefaultMavenResourcesFiltering - Copying 1 resource from src\main\resources to target\classes
2024-11-11 19:24:51,227 [Worker-146: Building] INFO  o.a.m.s.f.DefaultMavenResourcesFiltering - Copying 20 resources from src\main\resources to target\classes
2024-11-11 19:24:51,230 [Worker-146: Building] INFO  o.a.m.s.f.DefaultMavenResourcesFiltering - skip non existing resourceDirectory C:\dev_proj_plant\workapace-plant\plant\src\test\resources
2024-11-11 19:35:28,230 [Worker-150: Building] INFO  o.a.m.s.f.DefaultMavenResourcesFiltering - Copying 1 resource from src\main\resources to target\classes
2024-11-11 19:35:28,239 [Worker-150: Building] INFO  o.a.m.s.f.DefaultMavenResourcesFiltering - Copying 20 resources from src\main\resources to target\classes
2024-11-11 19:35:28,244 [Worker-150: Building] INFO  o.a.m.s.f.DefaultMavenResourcesFiltering - skip non existing resourceDirectory C:\dev_proj_plant\workapace-plant\plant\src\test\resources
2024-11-11 19:37:37,487 [Worker-149: Building] INFO  o.e.m.c.i.l.LifecycleMappingFactory - Using org.eclipse.m2e.jdt.JarLifecycleMapping lifecycle mapping for MavenProject: com.future:plant:0.0.1-SNAPSHOT @ C:\dev_proj_plant\workapace-plant\plant\pom.xml.
2024-11-11 19:37:39,050 [Worker-149: Building] INFO  o.e.m.c.i.e.AbstractTransferListenerAdapter - Downloading https://repo.maven.apache.org/maven2/org/springframework/boot/spring-boot-starter-security/3.3.5/spring-boot-starter-security-3.3.5.pom
2024-11-11 19:37:39,064 [Worker-149: Building] INFO  o.e.m.c.i.e.AbstractTransferListenerAdapter - Downloaded https://repo.maven.apache.org/maven2/org/springframework/boot/spring-boot-starter-security/3.3.5/spring-boot-starter-security-3.3.5.pom
2024-11-11 19:37:39,076 [Worker-149: Building] INFO  o.e.m.c.i.e.AbstractTransferListenerAdapter - Downloading https://repo.maven.apache.org/maven2/org/springframework/security/spring-security-config/6.3.4/spring-security-config-6.3.4.pom
2024-11-11 19:37:39,089 [Worker-149: Building] INFO  o.e.m.c.i.e.AbstractTransferListenerAdapter - Downloaded https://repo.maven.apache.org/maven2/org/springframework/security/spring-security-config/6.3.4/spring-security-config-6.3.4.pom
2024-11-11 19:37:39,099 [Worker-149: Building] INFO  o.e.m.c.i.e.AbstractTransferListenerAdapter - Downloading https://repo.maven.apache.org/maven2/org/springframework/security/spring-security-core/6.3.4/spring-security-core-6.3.4.pom
2024-11-11 19:37:39,111 [Worker-149: Building] INFO  o.e.m.c.i.e.AbstractTransferListenerAdapter - Downloaded https://repo.maven.apache.org/maven2/org/springframework/security/spring-security-core/6.3.4/spring-security-core-6.3.4.pom
2024-11-11 19:37:39,121 [Worker-149: Building] INFO  o.e.m.c.i.e.AbstractTransferListenerAdapter - Downloading https://repo.maven.apache.org/maven2/org/springframework/security/spring-security-crypto/6.3.4/spring-security-crypto-6.3.4.pom
2024-11-11 19:37:39,133 [Worker-149: Building] INFO  o.e.m.c.i.e.AbstractTransferListenerAdapter - Downloaded https://repo.maven.apache.org/maven2/org/springframework/security/spring-security-crypto/6.3.4/spring-security-crypto-6.3.4.pom
2024-11-11 19:37:39,143 [Worker-149: Building] INFO  o.e.m.c.i.e.AbstractTransferListenerAdapter - Downloading https://repo.maven.apache.org/maven2/org/springframework/security/spring-security-web/6.3.4/spring-security-web-6.3.4.pom
2024-11-11 19:37:39,155 [Worker-149: Building] INFO  o.e.m.c.i.e.AbstractTransferListenerAdapter - Downloaded https://repo.maven.apache.org/maven2/org/springframework/security/spring-security-web/6.3.4/spring-security-web-6.3.4.pom
2024-11-11 19:37:39,205 [Worker-149: Building] INFO  o.e.m.c.i.e.AbstractTransferListenerAdapter - Downloading https://repo.maven.apache.org/maven2/org/springframework/boot/spring-boot-starter-security/3.3.5/spring-boot-starter-security-3.3.5.jar
2024-11-11 19:37:39,224 [Worker-149: Building] INFO  o.e.m.c.i.e.AbstractTransferListenerAdapter - Downloaded https://repo.maven.apache.org/maven2/org/springframework/boot/spring-boot-starter-security/3.3.5/spring-boot-starter-security-3.3.5.jar
2024-11-11 19:37:39,232 [BasicRepositoryConnector-repo.maven.apache.org-0-0] INFO  o.e.m.c.i.e.AbstractTransferListenerAdapter - Downloading https://repo.maven.apache.org/maven2/org/springframework/security/spring-security-config/6.3.4/spring-security-config-6.3.4.jar
2024-11-11 19:37:39,246 [BasicRepositoryConnector-repo.maven.apache.org-0-2] INFO  o.e.m.c.i.e.AbstractTransferListenerAdapter - Downloading https://repo.maven.apache.org/maven2/org/springframework/security/spring-security-crypto/6.3.4/spring-security-crypto-6.3.4.jar
2024-11-11 19:37:39,246 [BasicRepositoryConnector-repo.maven.apache.org-0-3] INFO  o.e.m.c.i.e.AbstractTransferListenerAdapter - Downloading https://repo.maven.apache.org/maven2/org/springframework/security/spring-security-web/6.3.4/spring-security-web-6.3.4.jar
2024-11-11 19:37:39,250 [BasicRepositoryConnector-repo.maven.apache.org-0-1] INFO  o.e.m.c.i.e.AbstractTransferListenerAdapter - Downloading https://repo.maven.apache.org/maven2/org/springframework/security/spring-security-core/6.3.4/spring-security-core-6.3.4.jar
2024-11-11 19:37:39,276 [BasicRepositoryConnector-repo.maven.apache.org-0-2] INFO  o.e.m.c.i.e.AbstractTransferListenerAdapter - Downloaded https://repo.maven.apache.org/maven2/org/springframework/security/spring-security-crypto/6.3.4/spring-security-crypto-6.3.4.jar
2024-11-11 19:37:39,302 [BasicRepositoryConnector-repo.maven.apache.org-0-1] INFO  o.e.m.c.i.e.AbstractTransferListenerAdapter - Downloaded https://repo.maven.apache.org/maven2/org/springframework/security/spring-security-core/6.3.4/spring-security-core-6.3.4.jar
2024-11-11 19:37:39,302 [BasicRepositoryConnector-repo.maven.apache.org-0-3] INFO  o.e.m.c.i.e.AbstractTransferListenerAdapter - Downloaded https://repo.maven.apache.org/maven2/org/springframework/security/spring-security-web/6.3.4/spring-security-web-6.3.4.jar
2024-11-11 19:37:39,436 [BasicRepositoryConnector-repo.maven.apache.org-0-0] INFO  o.e.m.c.i.e.AbstractTransferListenerAdapter - Downloaded https://repo.maven.apache.org/maven2/org/springframework/security/spring-security-config/6.3.4/spring-security-config-6.3.4.jar
2024-11-11 19:37:39,782 [Worker-149: Building] INFO  o.a.m.s.f.DefaultMavenResourcesFiltering - Copying 0 resource from src\main\resources to target\classes
2024-11-11 19:37:39,784 [Worker-149: Building] INFO  o.a.m.s.f.DefaultMavenResourcesFiltering - Copying 0 resource from src\main\resources to target\classes
2024-11-11 19:37:39,785 [Worker-149: Building] INFO  o.a.m.s.f.DefaultMavenResourcesFiltering - skip non existing resourceDirectory C:\dev_proj_plant\workapace-plant\plant\src\test\resources
2024-11-11 19:37:40,653 [Worker-153: Download sources and javadoc] INFO  o.e.m.c.i.e.AbstractTransferListenerAdapter - Downloading https://repo.maven.apache.org/maven2/org/springframework/boot/spring-boot-starter-security/3.3.5/spring-boot-starter-security-3.3.5-sources.jar
2024-11-11 19:37:40,660 [Worker-153: Download sources and javadoc] INFO  o.e.m.c.i.e.AbstractTransferListenerAdapter - Downloaded https://repo.maven.apache.org/maven2/org/springframework/boot/spring-boot-starter-security/3.3.5/spring-boot-starter-security-3.3.5-sources.jar
2024-11-11 19:37:40,665 [Worker-153: Download sources and javadoc] INFO  o.e.m.j.internal.DownloadSourcesJob - Downloaded sources for org.springframework.boot:spring-boot-starter-security:3.3.5
2024-11-11 19:37:40,688 [Worker-153: Download sources and javadoc] INFO  o.e.m.c.i.e.AbstractTransferListenerAdapter - Downloading https://repo.maven.apache.org/maven2/org/springframework/security/spring-security-config/6.3.4/spring-security-config-6.3.4-sources.jar
2024-11-11 19:37:40,851 [Worker-153: Download sources and javadoc] INFO  o.e.m.c.i.e.AbstractTransferListenerAdapter - Downloaded https://repo.maven.apache.org/maven2/org/springframework/security/spring-security-config/6.3.4/spring-security-config-6.3.4-sources.jar
2024-11-11 19:37:40,855 [Worker-153: Download sources and javadoc] INFO  o.e.m.j.internal.DownloadSourcesJob - Downloaded sources for org.springframework.security:spring-security-config:6.3.4
2024-11-11 19:37:40,876 [Worker-153: Download sources and javadoc] INFO  o.e.m.c.i.e.AbstractTransferListenerAdapter - Downloading https://repo.maven.apache.org/maven2/org/springframework/security/spring-security-core/6.3.4/spring-security-core-6.3.4-sources.jar
2024-11-11 19:37:40,911 [Worker-153: Download sources and javadoc] INFO  o.e.m.c.i.e.AbstractTransferListenerAdapter - Downloaded https://repo.maven.apache.org/maven2/org/springframework/security/spring-security-core/6.3.4/spring-security-core-6.3.4-sources.jar
2024-11-11 19:37:40,916 [Worker-153: Download sources and javadoc] INFO  o.e.m.j.internal.DownloadSourcesJob - Downloaded sources for org.springframework.security:spring-security-core:6.3.4
2024-11-11 19:37:40,923 [Worker-151: Building] INFO  o.a.m.s.f.DefaultMavenResourcesFiltering - Copying 1 resource from src\main\resources to target\classes
2024-11-11 19:37:40,931 [Worker-151: Building] INFO  o.a.m.s.f.DefaultMavenResourcesFiltering - Copying 20 resources from src\main\resources to target\classes
2024-11-11 19:37:40,939 [Worker-153: Download sources and javadoc] INFO  o.e.m.c.i.e.AbstractTransferListenerAdapter - Downloading https://repo.maven.apache.org/maven2/org/springframework/security/spring-security-crypto/6.3.4/spring-security-crypto-6.3.4-sources.jar
2024-11-11 19:37:40,946 [Worker-151: Building] INFO  o.a.m.s.f.DefaultMavenResourcesFiltering - skip non existing resourceDirectory C:\dev_proj_plant\workapace-plant\plant\src\test\resources
2024-11-11 19:37:40,964 [Worker-153: Download sources and javadoc] INFO  o.e.m.c.i.e.AbstractTransferListenerAdapter - Downloaded https://repo.maven.apache.org/maven2/org/springframework/security/spring-security-crypto/6.3.4/spring-security-crypto-6.3.4-sources.jar
2024-11-11 19:37:40,972 [Worker-153: Download sources and javadoc] INFO  o.e.m.j.internal.DownloadSourcesJob - Downloaded sources for org.springframework.security:spring-security-crypto:6.3.4
2024-11-11 19:37:40,994 [Worker-153: Download sources and javadoc] INFO  o.e.m.c.i.e.AbstractTransferListenerAdapter - Downloading https://repo.maven.apache.org/maven2/org/springframework/security/spring-security-web/6.3.4/spring-security-web-6.3.4-sources.jar
2024-11-11 19:37:41,033 [Worker-153: Download sources and javadoc] INFO  o.e.m.c.i.e.AbstractTransferListenerAdapter - Downloaded https://repo.maven.apache.org/maven2/org/springframework/security/spring-security-web/6.3.4/spring-security-web-6.3.4-sources.jar
2024-11-11 19:37:41,038 [Worker-153: Download sources and javadoc] INFO  o.e.m.j.internal.DownloadSourcesJob - Downloaded sources for org.springframework.security:spring-security-web:6.3.4
2024-11-11 19:39:31,484 [Worker-150: Building] INFO  o.a.m.s.f.DefaultMavenResourcesFiltering - Copying 1 resource from src\main\resources to target\classes
2024-11-11 19:39:31,492 [Worker-150: Building] INFO  o.a.m.s.f.DefaultMavenResourcesFiltering - Copying 20 resources from src\main\resources to target\classes
2024-11-11 19:39:31,495 [Worker-150: Building] INFO  o.a.m.s.f.DefaultMavenResourcesFiltering - skip non existing resourceDirectory C:\dev_proj_plant\workapace-plant\plant\src\test\resources
2024-11-11 19:42:18,928 [Worker-151: Building] INFO  o.a.m.s.f.DefaultMavenResourcesFiltering - Copying 1 resource from src\main\resources to target\classes
2024-11-11 19:42:18,931 [Worker-151: Building] INFO  o.a.m.s.f.DefaultMavenResourcesFiltering - Copying 20 resources from src\main\resources to target\classes
2024-11-11 19:42:18,934 [Worker-151: Building] INFO  o.a.m.s.f.DefaultMavenResourcesFiltering - skip non existing resourceDirectory C:\dev_proj_plant\workapace-plant\plant\src\test\resources
2024-11-11 19:43:03,694 [Worker-152: Building] INFO  o.a.m.s.f.DefaultMavenResourcesFiltering - Copying 0 resource from src\main\resources to target\classes
2024-11-11 19:43:03,696 [Worker-152: Building] INFO  o.a.m.s.f.DefaultMavenResourcesFiltering - Copying 1 resource from src\main\resources to target\classes
2024-11-11 19:43:03,697 [Worker-152: Building] INFO  o.a.m.s.f.DefaultMavenResourcesFiltering - skip non existing resourceDirectory C:\dev_proj_plant\workapace-plant\plant\src\test\resources
2024-11-11 19:44:49,456 [Worker-155: Building] INFO  o.a.m.s.f.DefaultMavenResourcesFiltering - Copying 1 resource from src\main\resources to target\classes
2024-11-11 19:44:49,462 [Worker-155: Building] INFO  o.a.m.s.f.DefaultMavenResourcesFiltering - Copying 20 resources from src\main\resources to target\classes
2024-11-11 19:44:49,465 [Worker-155: Building] INFO  o.a.m.s.f.DefaultMavenResourcesFiltering - skip non existing resourceDirectory C:\dev_proj_plant\workapace-plant\plant\src\test\resources
2024-11-11 19:44:58,440 [Worker-156: Building] INFO  o.a.m.s.f.DefaultMavenResourcesFiltering - Copying 1 resource from src\main\resources to target\classes
2024-11-11 19:44:58,446 [Worker-156: Building] INFO  o.a.m.s.f.DefaultMavenResourcesFiltering - Copying 20 resources from src\main\resources to target\classes
2024-11-11 19:44:58,449 [Worker-156: Building] INFO  o.a.m.s.f.DefaultMavenResourcesFiltering - skip non existing resourceDirectory C:\dev_proj_plant\workapace-plant\plant\src\test\resources
2024-11-11 19:47:15,315 [Worker-156: Building] INFO  o.a.m.s.f.DefaultMavenResourcesFiltering - Copying 1 resource from src\main\resources to target\classes
2024-11-11 19:47:15,319 [Worker-156: Building] INFO  o.a.m.s.f.DefaultMavenResourcesFiltering - Copying 20 resources from src\main\resources to target\classes
2024-11-11 19:47:15,323 [Worker-156: Building] INFO  o.a.m.s.f.DefaultMavenResourcesFiltering - skip non existing resourceDirectory C:\dev_proj_plant\workapace-plant\plant\src\test\resources
2024-11-11 19:47:33,250 [Worker-155: Building] INFO  o.e.m.c.i.l.LifecycleMappingFactory - Using org.eclipse.m2e.jdt.JarLifecycleMapping lifecycle mapping for MavenProject: com.future:plant:0.0.1-SNAPSHOT @ C:\dev_proj_plant\workapace-plant\plant\pom.xml.
2024-11-11 19:47:33,482 [Worker-155: Building] INFO  o.a.m.s.f.DefaultMavenResourcesFiltering - Copying 0 resource from src\main\resources to target\classes
2024-11-11 19:47:33,484 [Worker-155: Building] INFO  o.a.m.s.f.DefaultMavenResourcesFiltering - Copying 0 resource from src\main\resources to target\classes
2024-11-11 19:47:33,485 [Worker-155: Building] INFO  o.a.m.s.f.DefaultMavenResourcesFiltering - skip non existing resourceDirectory C:\dev_proj_plant\workapace-plant\plant\src\test\resources
2024-11-11 19:47:34,612 [Worker-154: Building] INFO  o.a.m.s.f.DefaultMavenResourcesFiltering - Copying 1 resource from src\main\resources to target\classes
2024-11-11 19:47:34,620 [Worker-154: Building] INFO  o.a.m.s.f.DefaultMavenResourcesFiltering - Copying 20 resources from src\main\resources to target\classes
2024-11-11 19:47:34,635 [Worker-154: Building] INFO  o.a.m.s.f.DefaultMavenResourcesFiltering - skip non existing resourceDirectory C:\dev_proj_plant\workapace-plant\plant\src\test\resources
2024-11-11 19:47:57,021 [Worker-158: Building] INFO  o.a.m.s.f.DefaultMavenResourcesFiltering - Copying 1 resource from src\main\resources to target\classes
2024-11-11 19:47:57,030 [Worker-158: Building] INFO  o.a.m.s.f.DefaultMavenResourcesFiltering - Copying 20 resources from src\main\resources to target\classes
2024-11-11 19:47:57,035 [Worker-158: Building] INFO  o.a.m.s.f.DefaultMavenResourcesFiltering - skip non existing resourceDirectory C:\dev_proj_plant\workapace-plant\plant\src\test\resources
2024-11-11 19:48:22,715 [Worker-154: Building] INFO  o.a.m.s.f.DefaultMavenResourcesFiltering - Copying 1 resource from src\main\resources to target\classes
2024-11-11 19:48:22,719 [Worker-154: Building] INFO  o.a.m.s.f.DefaultMavenResourcesFiltering - Copying 20 resources from src\main\resources to target\classes
2024-11-11 19:48:22,722 [Worker-154: Building] INFO  o.a.m.s.f.DefaultMavenResourcesFiltering - skip non existing resourceDirectory C:\dev_proj_plant\workapace-plant\plant\src\test\resources
2024-11-11 19:48:27,657 [Worker-150: Building] INFO  o.a.m.s.f.DefaultMavenResourcesFiltering - Copying 1 resource from src\main\resources to target\classes
2024-11-11 19:48:27,658 [Worker-150: Building] INFO  o.a.m.s.f.DefaultMavenResourcesFiltering - Copying 20 resources from src\main\resources to target\classes
2024-11-11 19:48:27,682 [Worker-150: Building] INFO  o.a.m.s.f.DefaultMavenResourcesFiltering - skip non existing resourceDirectory C:\dev_proj_plant\workapace-plant\plant\src\test\resources
2024-11-11 19:48:35,762 [Worker-154: Building] INFO  o.a.m.s.f.DefaultMavenResourcesFiltering - Copying 1 resource from src\main\resources to target\classes
2024-11-11 19:48:35,766 [Worker-154: Building] INFO  o.a.m.s.f.DefaultMavenResourcesFiltering - Copying 20 resources from src\main\resources to target\classes
2024-11-11 19:48:35,769 [Worker-154: Building] INFO  o.a.m.s.f.DefaultMavenResourcesFiltering - skip non existing resourceDirectory C:\dev_proj_plant\workapace-plant\plant\src\test\resources
2024-11-11 19:50:37,244 [Worker-150: Building] INFO  o.e.m.c.i.l.LifecycleMappingFactory - Using org.eclipse.m2e.jdt.JarLifecycleMapping lifecycle mapping for MavenProject: com.future:plant:0.0.1-SNAPSHOT @ C:\dev_proj_plant\workapace-plant\plant\pom.xml.
2024-11-11 19:50:37,391 [Worker-150: Building] INFO  o.e.m.c.i.e.AbstractTransferListenerAdapter - Downloading https://repo.maven.apache.org/maven2/jakarta/validation/jakarta.validation-api/3.0.2/jakarta.validation-api-3.0.2.pom
2024-11-11 19:50:37,410 [Worker-150: Building] INFO  o.e.m.c.i.e.AbstractTransferListenerAdapter - Downloaded https://repo.maven.apache.org/maven2/jakarta/validation/jakarta.validation-api/3.0.2/jakarta.validation-api-3.0.2.pom
2024-11-11 19:50:37,436 [Worker-150: Building] INFO  o.e.m.c.i.e.AbstractTransferListenerAdapter - Downloading https://repo.maven.apache.org/maven2/org/jboss/logging/jboss-logging/3.5.3.Final/jboss-logging-3.5.3.Final.pom
2024-11-11 19:50:37,454 [Worker-150: Building] INFO  o.e.m.c.i.e.AbstractTransferListenerAdapter - Downloaded https://repo.maven.apache.org/maven2/org/jboss/logging/jboss-logging/3.5.3.Final/jboss-logging-3.5.3.Final.pom
2024-11-11 19:50:37,470 [Worker-150: Building] INFO  o.e.m.c.i.e.AbstractTransferListenerAdapter - Downloading https://repo.maven.apache.org/maven2/org/jboss/logging/logging-parent/1.0.1.Final/logging-parent-1.0.1.Final.pom
2024-11-11 19:50:37,483 [Worker-150: Building] INFO  o.e.m.c.i.e.AbstractTransferListenerAdapter - Downloaded https://repo.maven.apache.org/maven2/org/jboss/logging/logging-parent/1.0.1.Final/logging-parent-1.0.1.Final.pom
2024-11-11 19:50:37,493 [Worker-150: Building] INFO  o.e.m.c.i.e.AbstractTransferListenerAdapter - Downloading https://repo.maven.apache.org/maven2/com/fasterxml/classmate/1.7.0/classmate-1.7.0.pom
2024-11-11 19:50:37,506 [Worker-150: Building] INFO  o.e.m.c.i.e.AbstractTransferListenerAdapter - Downloaded https://repo.maven.apache.org/maven2/com/fasterxml/classmate/1.7.0/classmate-1.7.0.pom
2024-11-11 19:50:37,562 [Worker-150: Building] INFO  o.e.m.c.i.e.AbstractTransferListenerAdapter - Downloading https://repo.maven.apache.org/maven2/jakarta/validation/jakarta.validation-api/3.0.2/jakarta.validation-api-3.0.2.jar
2024-11-11 19:50:37,584 [Worker-150: Building] INFO  o.e.m.c.i.e.AbstractTransferListenerAdapter - Downloaded https://repo.maven.apache.org/maven2/jakarta/validation/jakarta.validation-api/3.0.2/jakarta.validation-api-3.0.2.jar
2024-11-11 19:50:37,591 [BasicRepositoryConnector-repo.maven.apache.org-1-1] INFO  o.e.m.c.i.e.AbstractTransferListenerAdapter - Downloading https://repo.maven.apache.org/maven2/com/fasterxml/classmate/1.7.0/classmate-1.7.0.jar
2024-11-11 19:50:37,604 [BasicRepositoryConnector-repo.maven.apache.org-1-0] INFO  o.e.m.c.i.e.AbstractTransferListenerAdapter - Downloading https://repo.maven.apache.org/maven2/org/jboss/logging/jboss-logging/3.5.3.Final/jboss-logging-3.5.3.Final.jar
2024-11-11 19:50:37,607 [BasicRepositoryConnector-repo.maven.apache.org-1-1] INFO  o.e.m.c.i.e.AbstractTransferListenerAdapter - Downloaded https://repo.maven.apache.org/maven2/com/fasterxml/classmate/1.7.0/classmate-1.7.0.jar
2024-11-11 19:50:37,624 [BasicRepositoryConnector-repo.maven.apache.org-1-0] INFO  o.e.m.c.i.e.AbstractTransferListenerAdapter - Downloaded https://repo.maven.apache.org/maven2/org/jboss/logging/jboss-logging/3.5.3.Final/jboss-logging-3.5.3.Final.jar
2024-11-11 19:50:37,778 [Worker-150: Building] INFO  o.a.m.s.f.DefaultMavenResourcesFiltering - Copying 0 resource from src\main\resources to target\classes
2024-11-11 19:50:37,780 [Worker-150: Building] INFO  o.a.m.s.f.DefaultMavenResourcesFiltering - Copying 0 resource from src\main\resources to target\classes
2024-11-11 19:50:37,781 [Worker-150: Building] INFO  o.a.m.s.f.DefaultMavenResourcesFiltering - skip non existing resourceDirectory C:\dev_proj_plant\workapace-plant\plant\src\test\resources
2024-11-11 19:50:38,765 [Worker-158: Download sources and javadoc] INFO  o.e.m.c.i.e.AbstractTransferListenerAdapter - Downloading https://repo.maven.apache.org/maven2/jakarta/validation/jakarta.validation-api/3.0.2/jakarta.validation-api-3.0.2-sources.jar
2024-11-11 19:50:38,789 [Worker-158: Download sources and javadoc] INFO  o.e.m.c.i.e.AbstractTransferListenerAdapter - Downloaded https://repo.maven.apache.org/maven2/jakarta/validation/jakarta.validation-api/3.0.2/jakarta.validation-api-3.0.2-sources.jar
2024-11-11 19:50:38,793 [Worker-158: Download sources and javadoc] INFO  o.e.m.j.internal.DownloadSourcesJob - Downloaded sources for jakarta.validation:jakarta.validation-api:3.0.2
2024-11-11 19:50:38,814 [Worker-158: Download sources and javadoc] INFO  o.e.m.c.i.e.AbstractTransferListenerAdapter - Downloading https://repo.maven.apache.org/maven2/org/jboss/logging/jboss-logging/3.5.3.Final/jboss-logging-3.5.3.Final-sources.jar
2024-11-11 19:50:38,893 [Worker-156: Building] INFO  o.a.m.s.f.DefaultMavenResourcesFiltering - Copying 1 resource from src\main\resources to target\classes
2024-11-11 19:50:38,902 [Worker-156: Building] INFO  o.a.m.s.f.DefaultMavenResourcesFiltering - Copying 20 resources from src\main\resources to target\classes
2024-11-11 19:50:38,927 [Worker-156: Building] INFO  o.a.m.s.f.DefaultMavenResourcesFiltering - skip non existing resourceDirectory C:\dev_proj_plant\workapace-plant\plant\src\test\resources
2024-11-11 19:50:39,069 [Worker-158: Download sources and javadoc] INFO  o.e.m.c.i.e.AbstractTransferListenerAdapter - Downloaded https://repo.maven.apache.org/maven2/org/jboss/logging/jboss-logging/3.5.3.Final/jboss-logging-3.5.3.Final-sources.jar
2024-11-11 19:50:39,074 [Worker-158: Download sources and javadoc] INFO  o.e.m.j.internal.DownloadSourcesJob - Downloaded sources for org.jboss.logging:jboss-logging:3.5.3.Final
2024-11-11 19:50:39,094 [Worker-158: Download sources and javadoc] INFO  o.e.m.c.i.e.AbstractTransferListenerAdapter - Downloading https://repo.maven.apache.org/maven2/com/fasterxml/classmate/1.7.0/classmate-1.7.0-sources.jar
2024-11-11 19:50:39,114 [Worker-158: Download sources and javadoc] INFO  o.e.m.c.i.e.AbstractTransferListenerAdapter - Downloaded https://repo.maven.apache.org/maven2/com/fasterxml/classmate/1.7.0/classmate-1.7.0-sources.jar
2024-11-11 19:50:39,118 [Worker-158: Download sources and javadoc] INFO  o.e.m.j.internal.DownloadSourcesJob - Downloaded sources for com.fasterxml:classmate:1.7.0
2024-11-11 19:50:43,932 [Worker-150: Building] INFO  o.e.m.c.i.l.LifecycleMappingFactory - Using org.eclipse.m2e.jdt.JarLifecycleMapping lifecycle mapping for MavenProject: com.future:plant:0.0.1-SNAPSHOT @ C:\dev_proj_plant\workapace-plant\plant\pom.xml.
2024-11-11 19:50:44,221 [Worker-150: Building] INFO  o.a.m.s.f.DefaultMavenResourcesFiltering - Copying 0 resource from src\main\resources to target\classes
2024-11-11 19:50:44,225 [Worker-150: Building] INFO  o.a.m.s.f.DefaultMavenResourcesFiltering - Copying 0 resource from src\main\resources to target\classes
2024-11-11 19:50:44,228 [Worker-150: Building] INFO  o.a.m.s.f.DefaultMavenResourcesFiltering - skip non existing resourceDirectory C:\dev_proj_plant\workapace-plant\plant\src\test\resources
2024-11-11 20:40:11,947 [Worker-1: Loading available Gradle versions] INFO  o.e.b.c.i.u.g.PublishedGradleVersions - Gradle version information cache is up-to-date. Trying to read.
2024-11-11 20:40:50,418 [Worker-10: Building] INFO  o.a.m.s.f.DefaultMavenResourcesFiltering - Copying 1 resource from src\main\resources to target\classes
2024-11-11 20:40:50,439 [Worker-10: Building] INFO  o.a.m.s.f.DefaultMavenResourcesFiltering - Copying 21 resources from src\main\resources to target\classes
2024-11-11 20:40:50,453 [Worker-10: Building] INFO  o.a.m.s.f.DefaultMavenResourcesFiltering - skip non existing resourceDirectory C:\dev_proj_plant\workapace-plant\plant\src\test\resources
2024-11-11 20:41:26,773 [Worker-5: Building] INFO  o.a.m.s.f.DefaultMavenResourcesFiltering - Copying 1 resource from src\main\resources to target\classes
2024-11-11 20:41:26,777 [Worker-5: Building] INFO  o.a.m.s.f.DefaultMavenResourcesFiltering - Copying 21 resources from src\main\resources to target\classes
2024-11-11 20:41:26,782 [Worker-5: Building] INFO  o.a.m.s.f.DefaultMavenResourcesFiltering - skip non existing resourceDirectory C:\dev_proj_plant\workapace-plant\plant\src\test\resources
2024-11-11 20:51:09,726 [Worker-8: Building] INFO  o.a.m.s.f.DefaultMavenResourcesFiltering - Copying 1 resource from src\main\resources to target\classes
2024-11-11 20:51:09,731 [Worker-8: Building] INFO  o.a.m.s.f.DefaultMavenResourcesFiltering - Copying 21 resources from src\main\resources to target\classes
2024-11-11 20:51:09,736 [Worker-8: Building] INFO  o.a.m.s.f.DefaultMavenResourcesFiltering - skip non existing resourceDirectory C:\dev_proj_plant\workapace-plant\plant\src\test\resources
2024-11-11 20:51:12,021 [Worker-13: Building] INFO  o.a.m.s.f.DefaultMavenResourcesFiltering - Copying 0 resource from src\main\resources to target\classes
2024-11-11 20:51:12,024 [Worker-13: Building] INFO  o.a.m.s.f.DefaultMavenResourcesFiltering - Copying 1 resource from src\main\resources to target\classes
2024-11-11 20:51:12,026 [Worker-13: Building] INFO  o.a.m.s.f.DefaultMavenResourcesFiltering - skip non existing resourceDirectory C:\dev_proj_plant\workapace-plant\plant\src\test\resources
2024-11-11 20:51:17,106 [Worker-13: Building] INFO  o.a.m.s.f.DefaultMavenResourcesFiltering - Copying 1 resource from src\main\resources to target\classes
2024-11-11 20:51:17,110 [Worker-13: Building] INFO  o.a.m.s.f.DefaultMavenResourcesFiltering - Copying 21 resources from src\main\resources to target\classes
2024-11-11 20:51:17,115 [Worker-13: Building] INFO  o.a.m.s.f.DefaultMavenResourcesFiltering - skip non existing resourceDirectory C:\dev_proj_plant\workapace-plant\plant\src\test\resources
2024-11-11 20:51:19,673 [Worker-9: Building] INFO  o.a.m.s.f.DefaultMavenResourcesFiltering - Copying 0 resource from src\main\resources to target\classes
2024-11-11 20:51:19,676 [Worker-9: Building] INFO  o.a.m.s.f.DefaultMavenResourcesFiltering - Copying 0 resource from src\main\resources to target\classes
2024-11-11 20:51:19,680 [Worker-9: Building] INFO  o.a.m.s.f.DefaultMavenResourcesFiltering - skip non existing resourceDirectory C:\dev_proj_plant\workapace-plant\plant\src\test\resources
2024-11-12 09:11:20,488 [Worker-4: Loading available Gradle versions] INFO  o.e.b.c.i.u.g.PublishedGradleVersions - Gradle version information cache is up-to-date. Trying to read.
2024-11-12 09:17:21,761 [Worker-2: Building] INFO  o.e.m.c.i.l.LifecycleMappingFactory - Using org.eclipse.m2e.jdt.JarLifecycleMapping lifecycle mapping for MavenProject: com.future:plant:0.0.1-SNAPSHOT @ C:\dev_proj_plant\workapace-plant\plant\pom.xml.
2024-11-12 09:17:22,129 [Worker-2: Building] INFO  o.e.m.c.i.e.AbstractTransferListenerAdapter - Downloading https://repo.maven.apache.org/maven2/org/hibernate/validator/hibernate-validator/8.0.1.Final/hibernate-validator-8.0.1.Final.pom
2024-11-12 09:17:22,163 [Worker-2: Building] INFO  o.e.m.c.i.e.AbstractTransferListenerAdapter - Downloaded https://repo.maven.apache.org/maven2/org/hibernate/validator/hibernate-validator/8.0.1.Final/hibernate-validator-8.0.1.Final.pom
2024-11-12 09:17:22,177 [Worker-2: Building] INFO  o.e.m.c.i.e.AbstractTransferListenerAdapter - Downloading https://repo.maven.apache.org/maven2/org/hibernate/validator/hibernate-validator-parent/8.0.1.Final/hibernate-validator-parent-8.0.1.Final.pom
2024-11-12 09:17:22,219 [Worker-2: Building] INFO  o.e.m.c.i.e.AbstractTransferListenerAdapter - Downloaded https://repo.maven.apache.org/maven2/org/hibernate/validator/hibernate-validator-parent/8.0.1.Final/hibernate-validator-parent-8.0.1.Final.pom
2024-11-12 09:17:22,234 [Worker-2: Building] INFO  o.e.m.c.i.e.AbstractTransferListenerAdapter - Downloading https://repo.maven.apache.org/maven2/org/jboss/arquillian/arquillian-bom/1.7.0.Alpha10/arquillian-bom-1.7.0.Alpha10.pom
2024-11-12 09:17:22,250 [Worker-2: Building] INFO  o.e.m.c.i.e.AbstractTransferListenerAdapter - Downloaded https://repo.maven.apache.org/maven2/org/jboss/arquillian/arquillian-bom/1.7.0.Alpha10/arquillian-bom-1.7.0.Alpha10.pom
2024-11-12 09:17:22,315 [Worker-2: Building] INFO  o.e.m.c.i.e.AbstractTransferListenerAdapter - Downloading https://repo.maven.apache.org/maven2/org/hibernate/validator/hibernate-validator/8.0.1.Final/hibernate-validator-8.0.1.Final.jar
2024-11-12 09:17:22,436 [Worker-2: Building] INFO  o.e.m.c.i.e.AbstractTransferListenerAdapter - Downloaded https://repo.maven.apache.org/maven2/org/hibernate/validator/hibernate-validator/8.0.1.Final/hibernate-validator-8.0.1.Final.jar
2024-11-12 09:17:22,805 [Worker-2: Building] INFO  o.a.m.s.f.DefaultMavenResourcesFiltering - Copying 1 resource from src\main\resources to target\classes
2024-11-12 09:17:22,818 [Worker-2: Building] INFO  o.a.m.s.f.DefaultMavenResourcesFiltering - Copying 20 resources from src\main\resources to target\classes
2024-11-12 09:17:22,823 [Worker-2: Building] INFO  o.a.m.s.f.DefaultMavenResourcesFiltering - skip non existing resourceDirectory C:\dev_proj_plant\workapace-plant\plant\src\test\resources
2024-11-12 09:17:23,601 [Worker-17: Building] INFO  o.a.m.s.f.DefaultMavenResourcesFiltering - Copying 1 resource from src\main\resources to target\classes
2024-11-12 09:17:23,609 [Worker-17: Building] INFO  o.a.m.s.f.DefaultMavenResourcesFiltering - Copying 20 resources from src\main\resources to target\classes
2024-11-12 09:17:23,642 [Worker-17: Building] INFO  o.a.m.s.f.DefaultMavenResourcesFiltering - skip non existing resourceDirectory C:\dev_proj_plant\workapace-plant\plant\src\test\resources
2024-11-12 09:17:23,686 [Worker-12: Download sources and javadoc] INFO  o.e.m.c.i.e.AbstractTransferListenerAdapter - Downloading https://repo.maven.apache.org/maven2/org/hibernate/validator/hibernate-validator/8.0.1.Final/hibernate-validator-8.0.1.Final-sources.jar
2024-11-12 09:17:23,734 [Worker-12: Download sources and javadoc] INFO  o.e.m.c.i.e.AbstractTransferListenerAdapter - Downloaded https://repo.maven.apache.org/maven2/org/hibernate/validator/hibernate-validator/8.0.1.Final/hibernate-validator-8.0.1.Final-sources.jar
2024-11-12 09:17:23,740 [Worker-12: Download sources and javadoc] INFO  o.e.m.j.internal.DownloadSourcesJob - Downloaded sources for org.hibernate.validator:hibernate-validator:8.0.1.Final
2024-11-12 09:17:47,626 [Worker-17: Building] INFO  o.e.m.c.i.l.LifecycleMappingFactory - Using org.eclipse.m2e.jdt.JarLifecycleMapping lifecycle mapping for MavenProject: com.future:plant:0.0.1-SNAPSHOT @ C:\dev_proj_plant\workapace-plant\plant\pom.xml.
2024-11-12 09:17:48,028 [Worker-17: Building] INFO  o.a.m.s.f.DefaultMavenResourcesFiltering - Copying 0 resource from src\main\resources to target\classes
2024-11-12 09:17:48,030 [Worker-17: Building] INFO  o.a.m.s.f.DefaultMavenResourcesFiltering - Copying 0 resource from src\main\resources to target\classes
2024-11-12 09:17:48,033 [Worker-17: Building] INFO  o.a.m.s.f.DefaultMavenResourcesFiltering - skip non existing resourceDirectory C:\dev_proj_plant\workapace-plant\plant\src\test\resources
2024-11-12 09:17:49,241 [Worker-14: Building] INFO  o.a.m.s.f.DefaultMavenResourcesFiltering - Copying 1 resource from src\main\resources to target\classes
2024-11-12 09:17:49,250 [Worker-14: Building] INFO  o.a.m.s.f.DefaultMavenResourcesFiltering - Copying 20 resources from src\main\resources to target\classes
2024-11-12 09:17:49,276 [Worker-14: Building] INFO  o.a.m.s.f.DefaultMavenResourcesFiltering - skip non existing resourceDirectory C:\dev_proj_plant\workapace-plant\plant\src\test\resources
2024-11-12 09:24:30,336 [Worker-15: Building] INFO  o.a.m.s.f.DefaultMavenResourcesFiltering - Copying 1 resource from src\main\resources to target\classes
2024-11-12 09:24:30,343 [Worker-15: Building] INFO  o.a.m.s.f.DefaultMavenResourcesFiltering - Copying 20 resources from src\main\resources to target\classes
2024-11-12 09:24:30,347 [Worker-15: Building] INFO  o.a.m.s.f.DefaultMavenResourcesFiltering - skip non existing resourceDirectory C:\dev_proj_plant\workapace-plant\plant\src\test\resources
2024-11-12 09:29:55,962 [Worker-23: Building] INFO  o.e.m.c.i.l.LifecycleMappingFactory - Using org.eclipse.m2e.jdt.JarLifecycleMapping lifecycle mapping for MavenProject: com.future:plant:0.0.1-SNAPSHOT @ C:\dev_proj_plant\workapace-plant\plant\pom.xml.
2024-11-12 09:29:56,244 [Worker-23: Building] INFO  o.a.m.s.f.DefaultMavenResourcesFiltering - Copying 0 resource from src\main\resources to target\classes
2024-11-12 09:29:56,246 [Worker-23: Building] INFO  o.a.m.s.f.DefaultMavenResourcesFiltering - Copying 0 resource from src\main\resources to target\classes
2024-11-12 09:29:56,249 [Worker-23: Building] INFO  o.a.m.s.f.DefaultMavenResourcesFiltering - skip non existing resourceDirectory C:\dev_proj_plant\workapace-plant\plant\src\test\resources
2024-11-12 09:29:57,379 [Worker-21: Building] INFO  o.a.m.s.f.DefaultMavenResourcesFiltering - Copying 1 resource from src\main\resources to target\classes
2024-11-12 09:29:57,386 [Worker-21: Building] INFO  o.a.m.s.f.DefaultMavenResourcesFiltering - Copying 20 resources from src\main\resources to target\classes
2024-11-12 09:29:57,412 [Worker-21: Building] INFO  o.a.m.s.f.DefaultMavenResourcesFiltering - skip non existing resourceDirectory C:\dev_proj_plant\workapace-plant\plant\src\test\resources
2024-11-12 09:30:00,723 [Worker-22: Building] INFO  o.a.m.s.f.DefaultMavenResourcesFiltering - Copying 1 resource from src\main\resources to target\classes
2024-11-12 09:30:00,727 [Worker-22: Building] INFO  o.a.m.s.f.DefaultMavenResourcesFiltering - Copying 20 resources from src\main\resources to target\classes
2024-11-12 09:30:00,731 [Worker-22: Building] INFO  o.a.m.s.f.DefaultMavenResourcesFiltering - skip non existing resourceDirectory C:\dev_proj_plant\workapace-plant\plant\src\test\resources
2024-11-12 09:30:22,688 [Worker-22: Building] INFO  o.e.m.c.i.l.LifecycleMappingFactory - Using org.eclipse.m2e.jdt.JarLifecycleMapping lifecycle mapping for MavenProject: com.future:plant:0.0.1-SNAPSHOT @ C:\dev_proj_plant\workapace-plant\plant\pom.xml.
2024-11-12 09:30:22,863 [Worker-22: Building] INFO  o.e.m.c.i.e.AbstractTransferListenerAdapter - Downloading https://repo.maven.apache.org/maven2/org/springframework/security/spring-security-config/5.7.3/spring-security-config-5.7.3.pom
2024-11-12 09:30:22,875 [Worker-22: Building] INFO  o.e.m.c.i.e.AbstractTransferListenerAdapter - Downloaded https://repo.maven.apache.org/maven2/org/springframework/security/spring-security-config/5.7.3/spring-security-config-5.7.3.pom
2024-11-12 09:30:22,887 [Worker-22: Building] INFO  o.e.m.c.i.e.AbstractTransferListenerAdapter - Downloading https://repo.maven.apache.org/maven2/org/springframework/security/spring-security-web/5.7.3/spring-security-web-5.7.3.pom
2024-11-12 09:30:22,899 [Worker-22: Building] INFO  o.e.m.c.i.e.AbstractTransferListenerAdapter - Downloaded https://repo.maven.apache.org/maven2/org/springframework/security/spring-security-web/5.7.3/spring-security-web-5.7.3.pom
2024-11-12 09:30:22,951 [Worker-22: Building] INFO  o.e.m.c.i.e.AbstractTransferListenerAdapter - Downloading https://repo.maven.apache.org/maven2/org/springframework/security/spring-security-config/5.7.3/spring-security-config-5.7.3.jar
2024-11-12 09:30:23,014 [Worker-22: Building] INFO  o.e.m.c.i.e.AbstractTransferListenerAdapter - Downloaded https://repo.maven.apache.org/maven2/org/springframework/security/spring-security-config/5.7.3/spring-security-config-5.7.3.jar
2024-11-12 09:30:23,021 [BasicRepositoryConnector-repo.maven.apache.org-0-0] INFO  o.e.m.c.i.e.AbstractTransferListenerAdapter - Downloading https://repo.maven.apache.org/maven2/org/springframework/security/spring-security-web/5.7.3/spring-security-web-5.7.3.jar
2024-11-12 09:30:23,048 [BasicRepositoryConnector-repo.maven.apache.org-0-0] INFO  o.e.m.c.i.e.AbstractTransferListenerAdapter - Downloaded https://repo.maven.apache.org/maven2/org/springframework/security/spring-security-web/5.7.3/spring-security-web-5.7.3.jar
2024-11-12 09:30:23,172 [Worker-22: Building] INFO  o.a.m.s.f.DefaultMavenResourcesFiltering - Copying 0 resource from src\main\resources to target\classes
2024-11-12 09:30:23,174 [Worker-22: Building] INFO  o.a.m.s.f.DefaultMavenResourcesFiltering - Copying 0 resource from src\main\resources to target\classes
2024-11-12 09:30:23,176 [Worker-22: Building] INFO  o.a.m.s.f.DefaultMavenResourcesFiltering - skip non existing resourceDirectory C:\dev_proj_plant\workapace-plant\plant\src\test\resources
2024-11-12 09:30:23,487 [Worker-23: Building] INFO  o.a.m.s.f.DefaultMavenResourcesFiltering - Copying 1 resource from src\main\resources to target\classes
2024-11-12 09:30:23,496 [Worker-23: Building] INFO  o.a.m.s.f.DefaultMavenResourcesFiltering - Copying 20 resources from src\main\resources to target\classes
2024-11-12 09:30:23,524 [Worker-23: Building] INFO  o.a.m.s.f.DefaultMavenResourcesFiltering - skip non existing resourceDirectory C:\dev_proj_plant\workapace-plant\plant\src\test\resources
2024-11-12 09:30:24,183 [Worker-32: Download sources and javadoc] INFO  o.e.m.c.i.e.AbstractTransferListenerAdapter - Downloading https://repo.maven.apache.org/maven2/org/springframework/security/spring-security-config/5.7.3/spring-security-config-5.7.3-sources.jar
2024-11-12 09:30:24,319 [Worker-32: Download sources and javadoc] INFO  o.e.m.c.i.e.AbstractTransferListenerAdapter - Downloaded https://repo.maven.apache.org/maven2/org/springframework/security/spring-security-config/5.7.3/spring-security-config-5.7.3-sources.jar
2024-11-12 09:30:24,324 [Worker-32: Download sources and javadoc] INFO  o.e.m.j.internal.DownloadSourcesJob - Downloaded sources for org.springframework.security:spring-security-config:5.7.3
2024-11-12 09:30:24,347 [Worker-32: Download sources and javadoc] INFO  o.e.m.c.i.e.AbstractTransferListenerAdapter - Downloading https://repo.maven.apache.org/maven2/org/springframework/security/spring-security-web/5.7.3/spring-security-web-5.7.3-sources.jar
2024-11-12 09:30:24,385 [Worker-32: Download sources and javadoc] INFO  o.e.m.c.i.e.AbstractTransferListenerAdapter - Downloaded https://repo.maven.apache.org/maven2/org/springframework/security/spring-security-web/5.7.3/spring-security-web-5.7.3-sources.jar
2024-11-12 09:30:24,389 [Worker-32: Download sources and javadoc] INFO  o.e.m.j.internal.DownloadSourcesJob - Downloaded sources for org.springframework.security:spring-security-web:5.7.3
2024-11-12 09:35:11,423 [Worker-27: Building] INFO  o.a.m.s.f.DefaultMavenResourcesFiltering - Copying 1 resource from src\main\resources to target\classes
2024-11-12 09:35:11,430 [Worker-27: Building] INFO  o.a.m.s.f.DefaultMavenResourcesFiltering - Copying 20 resources from src\main\resources to target\classes
2024-11-12 09:35:11,434 [Worker-27: Building] INFO  o.a.m.s.f.DefaultMavenResourcesFiltering - skip non existing resourceDirectory C:\dev_proj_plant\workapace-plant\plant\src\test\resources
2024-11-12 09:35:16,728 [Worker-31: Building] INFO  o.e.m.c.i.l.LifecycleMappingFactory - Using org.eclipse.m2e.jdt.JarLifecycleMapping lifecycle mapping for MavenProject: com.future:plant:0.0.1-SNAPSHOT @ C:\dev_proj_plant\workapace-plant\plant\pom.xml.
2024-11-12 09:35:16,985 [Worker-31: Building] INFO  o.a.m.s.f.DefaultMavenResourcesFiltering - Copying 0 resource from src\main\resources to target\classes
2024-11-12 09:35:16,987 [Worker-31: Building] INFO  o.a.m.s.f.DefaultMavenResourcesFiltering - Copying 0 resource from src\main\resources to target\classes
2024-11-12 09:35:16,989 [Worker-31: Building] INFO  o.a.m.s.f.DefaultMavenResourcesFiltering - skip non existing resourceDirectory C:\dev_proj_plant\workapace-plant\plant\src\test\resources
2024-11-12 09:35:18,171 [Worker-26: Building] INFO  o.a.m.s.f.DefaultMavenResourcesFiltering - Copying 1 resource from src\main\resources to target\classes
2024-11-12 09:35:18,177 [Worker-26: Building] INFO  o.a.m.s.f.DefaultMavenResourcesFiltering - Copying 20 resources from src\main\resources to target\classes
2024-11-12 09:35:18,192 [Worker-26: Building] INFO  o.a.m.s.f.DefaultMavenResourcesFiltering - skip non existing resourceDirectory C:\dev_proj_plant\workapace-plant\plant\src\test\resources
2024-11-12 09:37:09,056 [Worker-25: Building] INFO  o.a.m.s.f.DefaultMavenResourcesFiltering - Copying 1 resource from src\main\resources to target\classes
2024-11-12 09:37:09,061 [Worker-25: Building] INFO  o.a.m.s.f.DefaultMavenResourcesFiltering - Copying 20 resources from src\main\resources to target\classes
2024-11-12 09:37:09,065 [Worker-25: Building] INFO  o.a.m.s.f.DefaultMavenResourcesFiltering - skip non existing resourceDirectory C:\dev_proj_plant\workapace-plant\plant\src\test\resources
2024-11-12 09:39:43,435 [Worker-31: Building] INFO  o.a.m.s.f.DefaultMavenResourcesFiltering - Copying 1 resource from src\main\resources to target\classes
2024-11-12 09:39:43,440 [Worker-31: Building] INFO  o.a.m.s.f.DefaultMavenResourcesFiltering - Copying 20 resources from src\main\resources to target\classes
2024-11-12 09:39:43,445 [Worker-31: Building] INFO  o.a.m.s.f.DefaultMavenResourcesFiltering - skip non existing resourceDirectory C:\dev_proj_plant\workapace-plant\plant\src\test\resources
2024-11-12 09:40:51,260 [Worker-25: Building] INFO  o.a.m.s.f.DefaultMavenResourcesFiltering - Copying 1 resource from src\main\resources to target\classes
2024-11-12 09:40:51,265 [Worker-25: Building] INFO  o.a.m.s.f.DefaultMavenResourcesFiltering - Copying 20 resources from src\main\resources to target\classes
2024-11-12 09:40:51,270 [Worker-25: Building] INFO  o.a.m.s.f.DefaultMavenResourcesFiltering - skip non existing resourceDirectory C:\dev_proj_plant\workapace-plant\plant\src\test\resources
2024-11-12 09:41:39,529 [Worker-23: Building] INFO  o.e.m.c.i.l.LifecycleMappingFactory - Using org.eclipse.m2e.jdt.JarLifecycleMapping lifecycle mapping for MavenProject: com.future:plant:0.0.1-SNAPSHOT @ C:\dev_proj_plant\workapace-plant\plant\pom.xml.
2024-11-12 09:41:39,791 [Worker-23: Building] INFO  o.a.m.s.f.DefaultMavenResourcesFiltering - Copying 0 resource from src\main\resources to target\classes
2024-11-12 09:41:39,793 [Worker-23: Building] INFO  o.a.m.s.f.DefaultMavenResourcesFiltering - Copying 0 resource from src\main\resources to target\classes
2024-11-12 09:41:39,795 [Worker-23: Building] INFO  o.a.m.s.f.DefaultMavenResourcesFiltering - skip non existing resourceDirectory C:\dev_proj_plant\workapace-plant\plant\src\test\resources
2024-11-12 09:41:40,916 [Worker-31: Building] INFO  o.a.m.s.f.DefaultMavenResourcesFiltering - Copying 1 resource from src\main\resources to target\classes
2024-11-12 09:41:40,923 [Worker-31: Building] INFO  o.a.m.s.f.DefaultMavenResourcesFiltering - Copying 20 resources from src\main\resources to target\classes
2024-11-12 09:41:40,946 [Worker-31: Building] INFO  o.a.m.s.f.DefaultMavenResourcesFiltering - skip non existing resourceDirectory C:\dev_proj_plant\workapace-plant\plant\src\test\resources
2024-11-12 09:41:44,687 [Worker-24: Building] INFO  o.e.m.c.i.l.LifecycleMappingFactory - Using org.eclipse.m2e.jdt.JarLifecycleMapping lifecycle mapping for MavenProject: com.future:plant:0.0.1-SNAPSHOT @ C:\dev_proj_plant\workapace-plant\plant\pom.xml.
2024-11-12 09:41:44,931 [Worker-24: Building] INFO  o.a.m.s.f.DefaultMavenResourcesFiltering - Copying 0 resource from src\main\resources to target\classes
2024-11-12 09:41:44,933 [Worker-24: Building] INFO  o.a.m.s.f.DefaultMavenResourcesFiltering - Copying 0 resource from src\main\resources to target\classes
2024-11-12 09:41:44,935 [Worker-24: Building] INFO  o.a.m.s.f.DefaultMavenResourcesFiltering - skip non existing resourceDirectory C:\dev_proj_plant\workapace-plant\plant\src\test\resources
2024-11-12 09:41:46,059 [Worker-25: Building] INFO  o.a.m.s.f.DefaultMavenResourcesFiltering - Copying 1 resource from src\main\resources to target\classes
2024-11-12 09:41:46,065 [Worker-25: Building] INFO  o.a.m.s.f.DefaultMavenResourcesFiltering - Copying 20 resources from src\main\resources to target\classes
2024-11-12 09:41:46,079 [Worker-25: Building] INFO  o.a.m.s.f.DefaultMavenResourcesFiltering - skip non existing resourceDirectory C:\dev_proj_plant\workapace-plant\plant\src\test\resources
2024-11-12 09:41:50,294 [Worker-23: Building] INFO  o.a.m.s.f.DefaultMavenResourcesFiltering - Copying 1 resource from src\main\resources to target\classes
2024-11-12 09:41:50,295 [Worker-23: Building] INFO  o.a.m.s.f.DefaultMavenResourcesFiltering - Copying 20 resources from src\main\resources to target\classes
2024-11-12 09:41:50,318 [Worker-23: Building] INFO  o.a.m.s.f.DefaultMavenResourcesFiltering - skip non existing resourceDirectory C:\dev_proj_plant\workapace-plant\plant\src\test\resources
2024-11-12 09:41:55,613 [Worker-30: Launching Executing clean in C__dev_proj_plant_workapace-plant_plant] INFO  o.eclipse.m2e.core.internal.Bundles - getClasspathEntries(Bundle=org.eclipse.m2e.maven.runtime_3.9.900.20240824-1409 [360])
2024-11-12 09:41:55,614 [Worker-30: Launching Executing clean in C__dev_proj_plant_workapace-plant_plant] INFO  o.eclipse.m2e.core.internal.Bundles - 	Entry: C:\dev_proj_plant\sts4\plugins\org.eclipse.m2e.maven.runtime_3.9.900.20240824-1409
2024-11-12 09:41:55,614 [Worker-30: Launching Executing clean in C__dev_proj_plant_workapace-plant_plant] INFO  o.eclipse.m2e.core.internal.Bundles - 	Entry: C:\dev_proj_plant\sts4\plugins\org.eclipse.m2e.maven.runtime_3.9.900.20240824-1409\jars\aopalliance-1.0.jar
2024-11-12 09:41:55,614 [Worker-30: Launching Executing clean in C__dev_proj_plant_workapace-plant_plant] INFO  o.eclipse.m2e.core.internal.Bundles - 	Entry: C:\dev_proj_plant\sts4\plugins\org.eclipse.m2e.maven.runtime_3.9.900.20240824-1409\jars\guice-5.1.0.jar
2024-11-12 09:41:55,614 [Worker-30: Launching Executing clean in C__dev_proj_plant_workapace-plant_plant] INFO  o.eclipse.m2e.core.internal.Bundles - 	Entry: C:\dev_proj_plant\sts4\plugins\org.eclipse.m2e.maven.runtime_3.9.900.20240824-1409\jars\httpclient-4.5.14.jar
2024-11-12 09:41:55,614 [Worker-30: Launching Executing clean in C__dev_proj_plant_workapace-plant_plant] INFO  o.eclipse.m2e.core.internal.Bundles - 	Entry: C:\dev_proj_plant\sts4\plugins\org.eclipse.m2e.maven.runtime_3.9.900.20240824-1409\jars\httpcore-4.4.16.jar
2024-11-12 09:41:55,614 [Worker-30: Launching Executing clean in C__dev_proj_plant_workapace-plant_plant] INFO  o.eclipse.m2e.core.internal.Bundles - 	Entry: C:\dev_proj_plant\sts4\plugins\org.eclipse.m2e.maven.runtime_3.9.900.20240824-1409\jars\jansi-2.4.1.jar
2024-11-12 09:41:55,614 [Worker-30: Launching Executing clean in C__dev_proj_plant_workapace-plant_plant] INFO  o.eclipse.m2e.core.internal.Bundles - 	Entry: C:\dev_proj_plant\sts4\plugins\org.eclipse.m2e.maven.runtime_3.9.900.20240824-1409\jars\jcl-over-slf4j-1.7.36.jar
2024-11-12 09:41:55,614 [Worker-30: Launching Executing clean in C__dev_proj_plant_workapace-plant_plant] INFO  o.eclipse.m2e.core.internal.Bundles - 	Entry: C:\dev_proj_plant\sts4\plugins\org.eclipse.m2e.maven.runtime_3.9.900.20240824-1409\jars\maven-artifact-3.9.9.jar
2024-11-12 09:41:55,614 [Worker-30: Launching Executing clean in C__dev_proj_plant_workapace-plant_plant] INFO  o.eclipse.m2e.core.internal.Bundles - 	Entry: C:\dev_proj_plant\sts4\plugins\org.eclipse.m2e.maven.runtime_3.9.900.20240824-1409\jars\maven-builder-support-3.9.9.jar
2024-11-12 09:41:55,614 [Worker-30: Launching Executing clean in C__dev_proj_plant_workapace-plant_plant] INFO  o.eclipse.m2e.core.internal.Bundles - 	Entry: C:\dev_proj_plant\sts4\plugins\org.eclipse.m2e.maven.runtime_3.9.900.20240824-1409\jars\maven-compat-3.9.9.jar
2024-11-12 09:41:55,614 [Worker-30: Launching Executing clean in C__dev_proj_plant_workapace-plant_plant] INFO  o.eclipse.m2e.core.internal.Bundles - 	Entry: C:\dev_proj_plant\sts4\plugins\org.eclipse.m2e.maven.runtime_3.9.900.20240824-1409\jars\maven-core-3.9.9.jar
2024-11-12 09:41:55,614 [Worker-30: Launching Executing clean in C__dev_proj_plant_workapace-plant_plant] INFO  o.eclipse.m2e.core.internal.Bundles - 	Entry: C:\dev_proj_plant\sts4\plugins\org.eclipse.m2e.maven.runtime_3.9.900.20240824-1409\jars\maven-embedder-3.9.9.jar
2024-11-12 09:41:55,614 [Worker-30: Launching Executing clean in C__dev_proj_plant_workapace-plant_plant] INFO  o.eclipse.m2e.core.internal.Bundles - 	Entry: C:\dev_proj_plant\sts4\plugins\org.eclipse.m2e.maven.runtime_3.9.900.20240824-1409\jars\maven-model-3.9.9.jar
2024-11-12 09:41:55,614 [Worker-30: Launching Executing clean in C__dev_proj_plant_workapace-plant_plant] INFO  o.eclipse.m2e.core.internal.Bundles - 	Entry: C:\dev_proj_plant\sts4\plugins\org.eclipse.m2e.maven.runtime_3.9.900.20240824-1409\jars\maven-model-builder-3.9.9.jar
2024-11-12 09:41:55,614 [Worker-30: Launching Executing clean in C__dev_proj_plant_workapace-plant_plant] INFO  o.eclipse.m2e.core.internal.Bundles - 	Entry: C:\dev_proj_plant\sts4\plugins\org.eclipse.m2e.maven.runtime_3.9.900.20240824-1409\jars\maven-plugin-api-3.9.9.jar
2024-11-12 09:41:55,614 [Worker-30: Launching Executing clean in C__dev_proj_plant_workapace-plant_plant] INFO  o.eclipse.m2e.core.internal.Bundles - 	Entry: C:\dev_proj_plant\sts4\plugins\org.eclipse.m2e.maven.runtime_3.9.900.20240824-1409\jars\maven-repository-metadata-3.9.9.jar
2024-11-12 09:41:55,614 [Worker-30: Launching Executing clean in C__dev_proj_plant_workapace-plant_plant] INFO  o.eclipse.m2e.core.internal.Bundles - 	Entry: C:\dev_proj_plant\sts4\plugins\org.eclipse.m2e.maven.runtime_3.9.900.20240824-1409\jars\maven-resolver-api-1.9.22.jar
2024-11-12 09:41:55,614 [Worker-30: Launching Executing clean in C__dev_proj_plant_workapace-plant_plant] INFO  o.eclipse.m2e.core.internal.Bundles - 	Entry: C:\dev_proj_plant\sts4\plugins\org.eclipse.m2e.maven.runtime_3.9.900.20240824-1409\jars\maven-resolver-connector-basic-1.9.22.jar
2024-11-12 09:41:55,614 [Worker-30: Launching Executing clean in C__dev_proj_plant_workapace-plant_plant] INFO  o.eclipse.m2e.core.internal.Bundles - 	Entry: C:\dev_proj_plant\sts4\plugins\org.eclipse.m2e.maven.runtime_3.9.900.20240824-1409\jars\maven-resolver-impl-1.9.22.jar
2024-11-12 09:41:55,615 [Worker-30: Launching Executing clean in C__dev_proj_plant_workapace-plant_plant] INFO  o.eclipse.m2e.core.internal.Bundles - 	Entry: C:\dev_proj_plant\sts4\plugins\org.eclipse.m2e.maven.runtime_3.9.900.20240824-1409\jars\maven-resolver-named-locks-1.9.22.jar
2024-11-12 09:41:55,615 [Worker-30: Launching Executing clean in C__dev_proj_plant_workapace-plant_plant] INFO  o.eclipse.m2e.core.internal.Bundles - 	Entry: C:\dev_proj_plant\sts4\plugins\org.eclipse.m2e.maven.runtime_3.9.900.20240824-1409\jars\maven-resolver-provider-3.9.9.jar
2024-11-12 09:41:55,615 [Worker-30: Launching Executing clean in C__dev_proj_plant_workapace-plant_plant] INFO  o.eclipse.m2e.core.internal.Bundles - 	Entry: C:\dev_proj_plant\sts4\plugins\org.eclipse.m2e.maven.runtime_3.9.900.20240824-1409\jars\maven-resolver-spi-1.9.22.jar
2024-11-12 09:41:55,615 [Worker-30: Launching Executing clean in C__dev_proj_plant_workapace-plant_plant] INFO  o.eclipse.m2e.core.internal.Bundles - 	Entry: C:\dev_proj_plant\sts4\plugins\org.eclipse.m2e.maven.runtime_3.9.900.20240824-1409\jars\maven-resolver-transport-file-1.9.22.jar
2024-11-12 09:41:55,615 [Worker-30: Launching Executing clean in C__dev_proj_plant_workapace-plant_plant] INFO  o.eclipse.m2e.core.internal.Bundles - 	Entry: C:\dev_proj_plant\sts4\plugins\org.eclipse.m2e.maven.runtime_3.9.900.20240824-1409\jars\maven-resolver-transport-http-1.9.22.jar
2024-11-12 09:41:55,615 [Worker-30: Launching Executing clean in C__dev_proj_plant_workapace-plant_plant] INFO  o.eclipse.m2e.core.internal.Bundles - 	Entry: C:\dev_proj_plant\sts4\plugins\org.eclipse.m2e.maven.runtime_3.9.900.20240824-1409\jars\maven-resolver-transport-wagon-1.9.22.jar
2024-11-12 09:41:55,615 [Worker-30: Launching Executing clean in C__dev_proj_plant_workapace-plant_plant] INFO  o.eclipse.m2e.core.internal.Bundles - 	Entry: C:\dev_proj_plant\sts4\plugins\org.eclipse.m2e.maven.runtime_3.9.900.20240824-1409\jars\maven-resolver-util-1.9.22.jar
2024-11-12 09:41:55,615 [Worker-30: Launching Executing clean in C__dev_proj_plant_workapace-plant_plant] INFO  o.eclipse.m2e.core.internal.Bundles - 	Entry: C:\dev_proj_plant\sts4\plugins\org.eclipse.m2e.maven.runtime_3.9.900.20240824-1409\jars\maven-settings-3.9.9.jar
2024-11-12 09:41:55,615 [Worker-30: Launching Executing clean in C__dev_proj_plant_workapace-plant_plant] INFO  o.eclipse.m2e.core.internal.Bundles - 	Entry: C:\dev_proj_plant\sts4\plugins\org.eclipse.m2e.maven.runtime_3.9.900.20240824-1409\jars\maven-settings-builder-3.9.9.jar
2024-11-12 09:41:55,615 [Worker-30: Launching Executing clean in C__dev_proj_plant_workapace-plant_plant] INFO  o.eclipse.m2e.core.internal.Bundles - 	Entry: C:\dev_proj_plant\sts4\plugins\org.eclipse.m2e.maven.runtime_3.9.900.20240824-1409\jars\maven-shared-utils-3.4.2.jar
2024-11-12 09:41:55,615 [Worker-30: Launching Executing clean in C__dev_proj_plant_workapace-plant_plant] INFO  o.eclipse.m2e.core.internal.Bundles - 	Entry: C:\dev_proj_plant\sts4\plugins\org.eclipse.m2e.maven.runtime_3.9.900.20240824-1409\jars\org.eclipse.sisu.inject-0.9.0.M3.jar
2024-11-12 09:41:55,615 [Worker-30: Launching Executing clean in C__dev_proj_plant_workapace-plant_plant] INFO  o.eclipse.m2e.core.internal.Bundles - 	Entry: C:\dev_proj_plant\sts4\plugins\org.eclipse.m2e.maven.runtime_3.9.900.20240824-1409\jars\org.eclipse.sisu.plexus-0.9.0.M3.jar
2024-11-12 09:41:55,615 [Worker-30: Launching Executing clean in C__dev_proj_plant_workapace-plant_plant] INFO  o.eclipse.m2e.core.internal.Bundles - 	Entry: C:\dev_proj_plant\sts4\plugins\org.eclipse.m2e.maven.runtime_3.9.900.20240824-1409\jars\plexus-build-api-0.0.7.jar
2024-11-12 09:41:55,615 [Worker-30: Launching Executing clean in C__dev_proj_plant_workapace-plant_plant] INFO  o.eclipse.m2e.core.internal.Bundles - 	Entry: C:\dev_proj_plant\sts4\plugins\org.eclipse.m2e.maven.runtime_3.9.900.20240824-1409\jars\plexus-build-api-1.2.0.jar
2024-11-12 09:41:55,615 [Worker-30: Launching Executing clean in C__dev_proj_plant_workapace-plant_plant] INFO  o.eclipse.m2e.core.internal.Bundles - 	Entry: C:\dev_proj_plant\sts4\plugins\org.eclipse.m2e.maven.runtime_3.9.900.20240824-1409\jars\plexus-cipher-2.0.jar
2024-11-12 09:41:55,615 [Worker-30: Launching Executing clean in C__dev_proj_plant_workapace-plant_plant] INFO  o.eclipse.m2e.core.internal.Bundles - 	Entry: C:\dev_proj_plant\sts4\plugins\org.eclipse.m2e.maven.runtime_3.9.900.20240824-1409\jars\plexus-classworlds-2.8.0.jar
2024-11-12 09:41:55,615 [Worker-30: Launching Executing clean in C__dev_proj_plant_workapace-plant_plant] INFO  o.eclipse.m2e.core.internal.Bundles - 	Entry: C:\dev_proj_plant\sts4\plugins\org.eclipse.m2e.maven.runtime_3.9.900.20240824-1409\jars\plexus-component-annotations-2.1.0.jar
2024-11-12 09:41:55,615 [Worker-30: Launching Executing clean in C__dev_proj_plant_workapace-plant_plant] INFO  o.eclipse.m2e.core.internal.Bundles - 	Entry: C:\dev_proj_plant\sts4\plugins\org.eclipse.m2e.maven.runtime_3.9.900.20240824-1409\jars\plexus-interpolation-1.27.jar
2024-11-12 09:41:55,615 [Worker-30: Launching Executing clean in C__dev_proj_plant_workapace-plant_plant] INFO  o.eclipse.m2e.core.internal.Bundles - 	Entry: C:\dev_proj_plant\sts4\plugins\org.eclipse.m2e.maven.runtime_3.9.900.20240824-1409\jars\plexus-sec-dispatcher-2.0.jar
2024-11-12 09:41:55,616 [Worker-30: Launching Executing clean in C__dev_proj_plant_workapace-plant_plant] INFO  o.eclipse.m2e.core.internal.Bundles - 	Entry: C:\dev_proj_plant\sts4\plugins\org.eclipse.m2e.maven.runtime_3.9.900.20240824-1409\jars\plexus-utils-3.5.1.jar
2024-11-12 09:41:55,616 [Worker-30: Launching Executing clean in C__dev_proj_plant_workapace-plant_plant] INFO  o.eclipse.m2e.core.internal.Bundles - 	Entry: C:\dev_proj_plant\sts4\plugins\org.eclipse.m2e.maven.runtime_3.9.900.20240824-1409\jars\plexus-xml-3.0.1.jar
2024-11-12 09:41:55,616 [Worker-30: Launching Executing clean in C__dev_proj_plant_workapace-plant_plant] INFO  o.eclipse.m2e.core.internal.Bundles - 	Entry: C:\dev_proj_plant\sts4\plugins\org.eclipse.m2e.maven.runtime_3.9.900.20240824-1409\jars\wagon-file-3.5.3.jar
2024-11-12 09:41:55,616 [Worker-30: Launching Executing clean in C__dev_proj_plant_workapace-plant_plant] INFO  o.eclipse.m2e.core.internal.Bundles - 	Entry: C:\dev_proj_plant\sts4\plugins\org.eclipse.m2e.maven.runtime_3.9.900.20240824-1409\jars\wagon-http-3.5.3.jar
2024-11-12 09:41:55,616 [Worker-30: Launching Executing clean in C__dev_proj_plant_workapace-plant_plant] INFO  o.eclipse.m2e.core.internal.Bundles - 	Entry: C:\dev_proj_plant\sts4\plugins\org.eclipse.m2e.maven.runtime_3.9.900.20240824-1409\jars\wagon-http-shared-3.5.3.jar
2024-11-12 09:41:55,616 [Worker-30: Launching Executing clean in C__dev_proj_plant_workapace-plant_plant] INFO  o.eclipse.m2e.core.internal.Bundles - 	Entry: C:\dev_proj_plant\sts4\plugins\org.eclipse.m2e.maven.runtime_3.9.900.20240824-1409\jars\wagon-provider-api-3.5.3.jar
2024-11-12 09:41:55,616 [Worker-30: Launching Executing clean in C__dev_proj_plant_workapace-plant_plant] INFO  o.eclipse.m2e.core.internal.Bundles - getClasspathEntries(Bundle=com.google.guava_33.3.0.jre [29])
2024-11-12 09:41:55,616 [Worker-30: Launching Executing clean in C__dev_proj_plant_workapace-plant_plant] INFO  o.eclipse.m2e.core.internal.Bundles - 	Entry: C:\dev_proj_plant\sts4\plugins\com.google.guava_33.3.0.jre.jar
2024-11-12 09:41:55,616 [Worker-30: Launching Executing clean in C__dev_proj_plant_workapace-plant_plant] INFO  o.eclipse.m2e.core.internal.Bundles - getClasspathEntries(Bundle=slf4j.api_2.0.16 [593])
2024-11-12 09:41:55,616 [Worker-30: Launching Executing clean in C__dev_proj_plant_workapace-plant_plant] INFO  o.eclipse.m2e.core.internal.Bundles - 	Entry: C:\dev_proj_plant\sts4\plugins\slf4j.api_2.0.16.jar
2024-11-12 09:41:55,616 [Worker-30: Launching Executing clean in C__dev_proj_plant_workapace-plant_plant] INFO  o.eclipse.m2e.core.internal.Bundles - getClasspathEntries(Bundle=jakarta.inject.jakarta.inject-api_1.0.5 [45])
2024-11-12 09:41:55,617 [Worker-30: Launching Executing clean in C__dev_proj_plant_workapace-plant_plant] INFO  o.eclipse.m2e.core.internal.Bundles - 	Entry: C:\dev_proj_plant\sts4\plugins\jakarta.inject.jakarta.inject-api_1.0.5.jar
2024-11-12 09:41:55,617 [Worker-30: Launching Executing clean in C__dev_proj_plant_workapace-plant_plant] INFO  o.eclipse.m2e.core.internal.Bundles - getClasspathEntries(Bundle=jakarta.annotation-api_1.3.5 [41])
2024-11-12 09:41:55,617 [Worker-30: Launching Executing clean in C__dev_proj_plant_workapace-plant_plant] INFO  o.eclipse.m2e.core.internal.Bundles - 	Entry: C:\dev_proj_plant\sts4\plugins\jakarta.annotation-api_1.3.5.jar
2024-11-12 09:41:55,617 [Worker-30: Launching Executing clean in C__dev_proj_plant_workapace-plant_plant] INFO  o.eclipse.m2e.core.internal.Bundles - getClasspathEntries(Bundle=org.apache.commons.cli_1.9.0 [77])
2024-11-12 09:41:55,617 [Worker-30: Launching Executing clean in C__dev_proj_plant_workapace-plant_plant] INFO  o.eclipse.m2e.core.internal.Bundles - 	Entry: C:\dev_proj_plant\sts4\plugins\org.apache.commons.cli_1.9.0.jar
2024-11-12 09:41:55,617 [Worker-30: Launching Executing clean in C__dev_proj_plant_workapace-plant_plant] INFO  o.eclipse.m2e.core.internal.Bundles - getClasspathEntries(Bundle=org.apache.commons.commons-codec_1.16.0 [80])
2024-11-12 09:41:55,617 [Worker-30: Launching Executing clean in C__dev_proj_plant_workapace-plant_plant] INFO  o.eclipse.m2e.core.internal.Bundles - 	Entry: C:\dev_proj_plant\sts4\plugins\org.apache.commons.commons-codec_1.16.0.jar
2024-11-12 09:41:55,617 [Worker-30: Launching Executing clean in C__dev_proj_plant_workapace-plant_plant] INFO  o.eclipse.m2e.core.internal.Bundles - getClasspathEntries(Bundle=com.google.guava.failureaccess_1.0.2 [30])
2024-11-12 09:41:55,617 [Worker-30: Launching Executing clean in C__dev_proj_plant_workapace-plant_plant] INFO  o.eclipse.m2e.core.internal.Bundles - 	Entry: C:\dev_proj_plant\sts4\plugins\com.google.guava.failureaccess_1.0.2.jar
2024-11-12 09:41:55,619 [Worker-30: Launching Executing clean in C__dev_proj_plant_workapace-plant_plant] INFO  o.e.m.i.launch.MavenLaunchDelegate - Run build in "C:\dev_proj_plant\workapace-plant\plant":
2024-11-12 09:41:55,619 [Worker-30: Launching Executing clean in C__dev_proj_plant_workapace-plant_plant] INFO  o.e.m.i.launch.MavenLaunchDelegate -  mvn  -Ppom.xml -B -Dstyle.color=always clean
2024-11-12 09:41:56,937 [Worker-18: Building] INFO  o.a.m.s.f.DefaultMavenResourcesFiltering - Copying 1 resource from src\main\resources to target\classes
2024-11-12 09:41:56,938 [Worker-18: Building] INFO  o.a.m.s.f.DefaultMavenResourcesFiltering - Copying 20 resources from src\main\resources to target\classes
2024-11-12 09:41:56,952 [Worker-18: Building] INFO  o.a.m.s.f.DefaultMavenResourcesFiltering - skip non existing resourceDirectory C:\dev_proj_plant\workapace-plant\plant\src\test\resources
2024-11-12 09:42:02,444 [Worker-24: Launching Executing install in C__dev_proj_plant_workapace-plant_plant] INFO  o.eclipse.m2e.core.internal.Bundles - getClasspathEntries(Bundle=org.eclipse.m2e.maven.runtime_3.9.900.20240824-1409 [360])
2024-11-12 09:42:02,444 [Worker-24: Launching Executing install in C__dev_proj_plant_workapace-plant_plant] INFO  o.eclipse.m2e.core.internal.Bundles - 	Entry: C:\dev_proj_plant\sts4\plugins\org.eclipse.m2e.maven.runtime_3.9.900.20240824-1409
2024-11-12 09:42:02,445 [Worker-24: Launching Executing install in C__dev_proj_plant_workapace-plant_plant] INFO  o.eclipse.m2e.core.internal.Bundles - 	Entry: C:\dev_proj_plant\sts4\plugins\org.eclipse.m2e.maven.runtime_3.9.900.20240824-1409\jars\aopalliance-1.0.jar
2024-11-12 09:42:02,445 [Worker-24: Launching Executing install in C__dev_proj_plant_workapace-plant_plant] INFO  o.eclipse.m2e.core.internal.Bundles - 	Entry: C:\dev_proj_plant\sts4\plugins\org.eclipse.m2e.maven.runtime_3.9.900.20240824-1409\jars\guice-5.1.0.jar
2024-11-12 09:42:02,445 [Worker-24: Launching Executing install in C__dev_proj_plant_workapace-plant_plant] INFO  o.eclipse.m2e.core.internal.Bundles - 	Entry: C:\dev_proj_plant\sts4\plugins\org.eclipse.m2e.maven.runtime_3.9.900.20240824-1409\jars\httpclient-4.5.14.jar
2024-11-12 09:42:02,445 [Worker-24: Launching Executing install in C__dev_proj_plant_workapace-plant_plant] INFO  o.eclipse.m2e.core.internal.Bundles - 	Entry: C:\dev_proj_plant\sts4\plugins\org.eclipse.m2e.maven.runtime_3.9.900.20240824-1409\jars\httpcore-4.4.16.jar
2024-11-12 09:42:02,445 [Worker-24: Launching Executing install in C__dev_proj_plant_workapace-plant_plant] INFO  o.eclipse.m2e.core.internal.Bundles - 	Entry: C:\dev_proj_plant\sts4\plugins\org.eclipse.m2e.maven.runtime_3.9.900.20240824-1409\jars\jansi-2.4.1.jar
2024-11-12 09:42:02,445 [Worker-24: Launching Executing install in C__dev_proj_plant_workapace-plant_plant] INFO  o.eclipse.m2e.core.internal.Bundles - 	Entry: C:\dev_proj_plant\sts4\plugins\org.eclipse.m2e.maven.runtime_3.9.900.20240824-1409\jars\jcl-over-slf4j-1.7.36.jar
2024-11-12 09:42:02,445 [Worker-24: Launching Executing install in C__dev_proj_plant_workapace-plant_plant] INFO  o.eclipse.m2e.core.internal.Bundles - 	Entry: C:\dev_proj_plant\sts4\plugins\org.eclipse.m2e.maven.runtime_3.9.900.20240824-1409\jars\maven-artifact-3.9.9.jar
2024-11-12 09:42:02,445 [Worker-24: Launching Executing install in C__dev_proj_plant_workapace-plant_plant] INFO  o.eclipse.m2e.core.internal.Bundles - 	Entry: C:\dev_proj_plant\sts4\plugins\org.eclipse.m2e.maven.runtime_3.9.900.20240824-1409\jars\maven-builder-support-3.9.9.jar
2024-11-12 09:42:02,445 [Worker-24: Launching Executing install in C__dev_proj_plant_workapace-plant_plant] INFO  o.eclipse.m2e.core.internal.Bundles - 	Entry: C:\dev_proj_plant\sts4\plugins\org.eclipse.m2e.maven.runtime_3.9.900.20240824-1409\jars\maven-compat-3.9.9.jar
2024-11-12 09:42:02,445 [Worker-24: Launching Executing install in C__dev_proj_plant_workapace-plant_plant] INFO  o.eclipse.m2e.core.internal.Bundles - 	Entry: C:\dev_proj_plant\sts4\plugins\org.eclipse.m2e.maven.runtime_3.9.900.20240824-1409\jars\maven-core-3.9.9.jar
2024-11-12 09:42:02,445 [Worker-24: Launching Executing install in C__dev_proj_plant_workapace-plant_plant] INFO  o.eclipse.m2e.core.internal.Bundles - 	Entry: C:\dev_proj_plant\sts4\plugins\org.eclipse.m2e.maven.runtime_3.9.900.20240824-1409\jars\maven-embedder-3.9.9.jar
2024-11-12 09:42:02,445 [Worker-24: Launching Executing install in C__dev_proj_plant_workapace-plant_plant] INFO  o.eclipse.m2e.core.internal.Bundles - 	Entry: C:\dev_proj_plant\sts4\plugins\org.eclipse.m2e.maven.runtime_3.9.900.20240824-1409\jars\maven-model-3.9.9.jar
2024-11-12 09:42:02,445 [Worker-24: Launching Executing install in C__dev_proj_plant_workapace-plant_plant] INFO  o.eclipse.m2e.core.internal.Bundles - 	Entry: C:\dev_proj_plant\sts4\plugins\org.eclipse.m2e.maven.runtime_3.9.900.20240824-1409\jars\maven-model-builder-3.9.9.jar
2024-11-12 09:42:02,445 [Worker-24: Launching Executing install in C__dev_proj_plant_workapace-plant_plant] INFO  o.eclipse.m2e.core.internal.Bundles - 	Entry: C:\dev_proj_plant\sts4\plugins\org.eclipse.m2e.maven.runtime_3.9.900.20240824-1409\jars\maven-plugin-api-3.9.9.jar
2024-11-12 09:42:02,445 [Worker-24: Launching Executing install in C__dev_proj_plant_workapace-plant_plant] INFO  o.eclipse.m2e.core.internal.Bundles - 	Entry: C:\dev_proj_plant\sts4\plugins\org.eclipse.m2e.maven.runtime_3.9.900.20240824-1409\jars\maven-repository-metadata-3.9.9.jar
2024-11-12 09:42:02,445 [Worker-24: Launching Executing install in C__dev_proj_plant_workapace-plant_plant] INFO  o.eclipse.m2e.core.internal.Bundles - 	Entry: C:\dev_proj_plant\sts4\plugins\org.eclipse.m2e.maven.runtime_3.9.900.20240824-1409\jars\maven-resolver-api-1.9.22.jar
2024-11-12 09:42:02,445 [Worker-24: Launching Executing install in C__dev_proj_plant_workapace-plant_plant] INFO  o.eclipse.m2e.core.internal.Bundles - 	Entry: C:\dev_proj_plant\sts4\plugins\org.eclipse.m2e.maven.runtime_3.9.900.20240824-1409\jars\maven-resolver-connector-basic-1.9.22.jar
2024-11-12 09:42:02,445 [Worker-24: Launching Executing install in C__dev_proj_plant_workapace-plant_plant] INFO  o.eclipse.m2e.core.internal.Bundles - 	Entry: C:\dev_proj_plant\sts4\plugins\org.eclipse.m2e.maven.runtime_3.9.900.20240824-1409\jars\maven-resolver-impl-1.9.22.jar
2024-11-12 09:42:02,445 [Worker-24: Launching Executing install in C__dev_proj_plant_workapace-plant_plant] INFO  o.eclipse.m2e.core.internal.Bundles - 	Entry: C:\dev_proj_plant\sts4\plugins\org.eclipse.m2e.maven.runtime_3.9.900.20240824-1409\jars\maven-resolver-named-locks-1.9.22.jar
2024-11-12 09:42:02,445 [Worker-24: Launching Executing install in C__dev_proj_plant_workapace-plant_plant] INFO  o.eclipse.m2e.core.internal.Bundles - 	Entry: C:\dev_proj_plant\sts4\plugins\org.eclipse.m2e.maven.runtime_3.9.900.20240824-1409\jars\maven-resolver-provider-3.9.9.jar
2024-11-12 09:42:02,446 [Worker-24: Launching Executing install in C__dev_proj_plant_workapace-plant_plant] INFO  o.eclipse.m2e.core.internal.Bundles - 	Entry: C:\dev_proj_plant\sts4\plugins\org.eclipse.m2e.maven.runtime_3.9.900.20240824-1409\jars\maven-resolver-spi-1.9.22.jar
2024-11-12 09:42:02,446 [Worker-24: Launching Executing install in C__dev_proj_plant_workapace-plant_plant] INFO  o.eclipse.m2e.core.internal.Bundles - 	Entry: C:\dev_proj_plant\sts4\plugins\org.eclipse.m2e.maven.runtime_3.9.900.20240824-1409\jars\maven-resolver-transport-file-1.9.22.jar
2024-11-12 09:42:02,446 [Worker-24: Launching Executing install in C__dev_proj_plant_workapace-plant_plant] INFO  o.eclipse.m2e.core.internal.Bundles - 	Entry: C:\dev_proj_plant\sts4\plugins\org.eclipse.m2e.maven.runtime_3.9.900.20240824-1409\jars\maven-resolver-transport-http-1.9.22.jar
2024-11-12 09:42:02,446 [Worker-24: Launching Executing install in C__dev_proj_plant_workapace-plant_plant] INFO  o.eclipse.m2e.core.internal.Bundles - 	Entry: C:\dev_proj_plant\sts4\plugins\org.eclipse.m2e.maven.runtime_3.9.900.20240824-1409\jars\maven-resolver-transport-wagon-1.9.22.jar
2024-11-12 09:42:02,446 [Worker-24: Launching Executing install in C__dev_proj_plant_workapace-plant_plant] INFO  o.eclipse.m2e.core.internal.Bundles - 	Entry: C:\dev_proj_plant\sts4\plugins\org.eclipse.m2e.maven.runtime_3.9.900.20240824-1409\jars\maven-resolver-util-1.9.22.jar
2024-11-12 09:42:02,446 [Worker-24: Launching Executing install in C__dev_proj_plant_workapace-plant_plant] INFO  o.eclipse.m2e.core.internal.Bundles - 	Entry: C:\dev_proj_plant\sts4\plugins\org.eclipse.m2e.maven.runtime_3.9.900.20240824-1409\jars\maven-settings-3.9.9.jar
2024-11-12 09:42:02,446 [Worker-24: Launching Executing install in C__dev_proj_plant_workapace-plant_plant] INFO  o.eclipse.m2e.core.internal.Bundles - 	Entry: C:\dev_proj_plant\sts4\plugins\org.eclipse.m2e.maven.runtime_3.9.900.20240824-1409\jars\maven-settings-builder-3.9.9.jar
2024-11-12 09:42:02,446 [Worker-24: Launching Executing install in C__dev_proj_plant_workapace-plant_plant] INFO  o.eclipse.m2e.core.internal.Bundles - 	Entry: C:\dev_proj_plant\sts4\plugins\org.eclipse.m2e.maven.runtime_3.9.900.20240824-1409\jars\maven-shared-utils-3.4.2.jar
2024-11-12 09:42:02,446 [Worker-24: Launching Executing install in C__dev_proj_plant_workapace-plant_plant] INFO  o.eclipse.m2e.core.internal.Bundles - 	Entry: C:\dev_proj_plant\sts4\plugins\org.eclipse.m2e.maven.runtime_3.9.900.20240824-1409\jars\org.eclipse.sisu.inject-0.9.0.M3.jar
2024-11-12 09:42:02,446 [Worker-24: Launching Executing install in C__dev_proj_plant_workapace-plant_plant] INFO  o.eclipse.m2e.core.internal.Bundles - 	Entry: C:\dev_proj_plant\sts4\plugins\org.eclipse.m2e.maven.runtime_3.9.900.20240824-1409\jars\org.eclipse.sisu.plexus-0.9.0.M3.jar
2024-11-12 09:42:02,446 [Worker-24: Launching Executing install in C__dev_proj_plant_workapace-plant_plant] INFO  o.eclipse.m2e.core.internal.Bundles - 	Entry: C:\dev_proj_plant\sts4\plugins\org.eclipse.m2e.maven.runtime_3.9.900.20240824-1409\jars\plexus-build-api-0.0.7.jar
2024-11-12 09:42:02,446 [Worker-24: Launching Executing install in C__dev_proj_plant_workapace-plant_plant] INFO  o.eclipse.m2e.core.internal.Bundles - 	Entry: C:\dev_proj_plant\sts4\plugins\org.eclipse.m2e.maven.runtime_3.9.900.20240824-1409\jars\plexus-build-api-1.2.0.jar
2024-11-12 09:42:02,446 [Worker-24: Launching Executing install in C__dev_proj_plant_workapace-plant_plant] INFO  o.eclipse.m2e.core.internal.Bundles - 	Entry: C:\dev_proj_plant\sts4\plugins\org.eclipse.m2e.maven.runtime_3.9.900.20240824-1409\jars\plexus-cipher-2.0.jar
2024-11-12 09:42:02,446 [Worker-24: Launching Executing install in C__dev_proj_plant_workapace-plant_plant] INFO  o.eclipse.m2e.core.internal.Bundles - 	Entry: C:\dev_proj_plant\sts4\plugins\org.eclipse.m2e.maven.runtime_3.9.900.20240824-1409\jars\plexus-classworlds-2.8.0.jar
2024-11-12 09:42:02,446 [Worker-24: Launching Executing install in C__dev_proj_plant_workapace-plant_plant] INFO  o.eclipse.m2e.core.internal.Bundles - 	Entry: C:\dev_proj_plant\sts4\plugins\org.eclipse.m2e.maven.runtime_3.9.900.20240824-1409\jars\plexus-component-annotations-2.1.0.jar
2024-11-12 09:42:02,446 [Worker-24: Launching Executing install in C__dev_proj_plant_workapace-plant_plant] INFO  o.eclipse.m2e.core.internal.Bundles - 	Entry: C:\dev_proj_plant\sts4\plugins\org.eclipse.m2e.maven.runtime_3.9.900.20240824-1409\jars\plexus-interpolation-1.27.jar
2024-11-12 09:42:02,446 [Worker-24: Launching Executing install in C__dev_proj_plant_workapace-plant_plant] INFO  o.eclipse.m2e.core.internal.Bundles - 	Entry: C:\dev_proj_plant\sts4\plugins\org.eclipse.m2e.maven.runtime_3.9.900.20240824-1409\jars\plexus-sec-dispatcher-2.0.jar
2024-11-12 09:42:02,446 [Worker-24: Launching Executing install in C__dev_proj_plant_workapace-plant_plant] INFO  o.eclipse.m2e.core.internal.Bundles - 	Entry: C:\dev_proj_plant\sts4\plugins\org.eclipse.m2e.maven.runtime_3.9.900.20240824-1409\jars\plexus-utils-3.5.1.jar
2024-11-12 09:42:02,446 [Worker-24: Launching Executing install in C__dev_proj_plant_workapace-plant_plant] INFO  o.eclipse.m2e.core.internal.Bundles - 	Entry: C:\dev_proj_plant\sts4\plugins\org.eclipse.m2e.maven.runtime_3.9.900.20240824-1409\jars\plexus-xml-3.0.1.jar
2024-11-12 09:42:02,446 [Worker-24: Launching Executing install in C__dev_proj_plant_workapace-plant_plant] INFO  o.eclipse.m2e.core.internal.Bundles - 	Entry: C:\dev_proj_plant\sts4\plugins\org.eclipse.m2e.maven.runtime_3.9.900.20240824-1409\jars\wagon-file-3.5.3.jar
2024-11-12 09:42:02,446 [Worker-24: Launching Executing install in C__dev_proj_plant_workapace-plant_plant] INFO  o.eclipse.m2e.core.internal.Bundles - 	Entry: C:\dev_proj_plant\sts4\plugins\org.eclipse.m2e.maven.runtime_3.9.900.20240824-1409\jars\wagon-http-3.5.3.jar
2024-11-12 09:42:02,447 [Worker-24: Launching Executing install in C__dev_proj_plant_workapace-plant_plant] INFO  o.eclipse.m2e.core.internal.Bundles - 	Entry: C:\dev_proj_plant\sts4\plugins\org.eclipse.m2e.maven.runtime_3.9.900.20240824-1409\jars\wagon-http-shared-3.5.3.jar
2024-11-12 09:42:02,447 [Worker-24: Launching Executing install in C__dev_proj_plant_workapace-plant_plant] INFO  o.eclipse.m2e.core.internal.Bundles - 	Entry: C:\dev_proj_plant\sts4\plugins\org.eclipse.m2e.maven.runtime_3.9.900.20240824-1409\jars\wagon-provider-api-3.5.3.jar
2024-11-12 09:42:02,447 [Worker-24: Launching Executing install in C__dev_proj_plant_workapace-plant_plant] INFO  o.eclipse.m2e.core.internal.Bundles - getClasspathEntries(Bundle=com.google.guava_33.3.0.jre [29])
2024-11-12 09:42:02,447 [Worker-24: Launching Executing install in C__dev_proj_plant_workapace-plant_plant] INFO  o.eclipse.m2e.core.internal.Bundles - 	Entry: C:\dev_proj_plant\sts4\plugins\com.google.guava_33.3.0.jre.jar
2024-11-12 09:42:02,447 [Worker-24: Launching Executing install in C__dev_proj_plant_workapace-plant_plant] INFO  o.eclipse.m2e.core.internal.Bundles - getClasspathEntries(Bundle=slf4j.api_2.0.16 [593])
2024-11-12 09:42:02,447 [Worker-24: Launching Executing install in C__dev_proj_plant_workapace-plant_plant] INFO  o.eclipse.m2e.core.internal.Bundles - 	Entry: C:\dev_proj_plant\sts4\plugins\slf4j.api_2.0.16.jar
2024-11-12 09:42:02,447 [Worker-24: Launching Executing install in C__dev_proj_plant_workapace-plant_plant] INFO  o.eclipse.m2e.core.internal.Bundles - getClasspathEntries(Bundle=jakarta.inject.jakarta.inject-api_1.0.5 [45])
2024-11-12 09:42:02,447 [Worker-24: Launching Executing install in C__dev_proj_plant_workapace-plant_plant] INFO  o.eclipse.m2e.core.internal.Bundles - 	Entry: C:\dev_proj_plant\sts4\plugins\jakarta.inject.jakarta.inject-api_1.0.5.jar
2024-11-12 09:42:02,447 [Worker-24: Launching Executing install in C__dev_proj_plant_workapace-plant_plant] INFO  o.eclipse.m2e.core.internal.Bundles - getClasspathEntries(Bundle=jakarta.annotation-api_1.3.5 [41])
2024-11-12 09:42:02,447 [Worker-24: Launching Executing install in C__dev_proj_plant_workapace-plant_plant] INFO  o.eclipse.m2e.core.internal.Bundles - 	Entry: C:\dev_proj_plant\sts4\plugins\jakarta.annotation-api_1.3.5.jar
2024-11-12 09:42:02,447 [Worker-24: Launching Executing install in C__dev_proj_plant_workapace-plant_plant] INFO  o.eclipse.m2e.core.internal.Bundles - getClasspathEntries(Bundle=org.apache.commons.cli_1.9.0 [77])
2024-11-12 09:42:02,447 [Worker-24: Launching Executing install in C__dev_proj_plant_workapace-plant_plant] INFO  o.eclipse.m2e.core.internal.Bundles - 	Entry: C:\dev_proj_plant\sts4\plugins\org.apache.commons.cli_1.9.0.jar
2024-11-12 09:42:02,447 [Worker-24: Launching Executing install in C__dev_proj_plant_workapace-plant_plant] INFO  o.eclipse.m2e.core.internal.Bundles - getClasspathEntries(Bundle=org.apache.commons.commons-codec_1.16.0 [80])
2024-11-12 09:42:02,447 [Worker-24: Launching Executing install in C__dev_proj_plant_workapace-plant_plant] INFO  o.eclipse.m2e.core.internal.Bundles - 	Entry: C:\dev_proj_plant\sts4\plugins\org.apache.commons.commons-codec_1.16.0.jar
2024-11-12 09:42:02,447 [Worker-24: Launching Executing install in C__dev_proj_plant_workapace-plant_plant] INFO  o.eclipse.m2e.core.internal.Bundles - getClasspathEntries(Bundle=com.google.guava.failureaccess_1.0.2 [30])
2024-11-12 09:42:02,447 [Worker-24: Launching Executing install in C__dev_proj_plant_workapace-plant_plant] INFO  o.eclipse.m2e.core.internal.Bundles - 	Entry: C:\dev_proj_plant\sts4\plugins\com.google.guava.failureaccess_1.0.2.jar
2024-11-12 09:42:02,448 [Worker-24: Launching Executing install in C__dev_proj_plant_workapace-plant_plant] INFO  o.e.m.i.launch.MavenLaunchDelegate - Run build in "C:\dev_proj_plant\workapace-plant\plant":
2024-11-12 09:42:02,448 [Worker-24: Launching Executing install in C__dev_proj_plant_workapace-plant_plant] INFO  o.e.m.i.launch.MavenLaunchDelegate -  mvn  -Ppom.xml -B -Dstyle.color=always install
2024-11-12 09:52:47,868 [Worker-30: Building] INFO  o.a.m.s.f.DefaultMavenResourcesFiltering - Copying 1 resource from src\main\resources to target\classes
2024-11-12 09:52:47,875 [Worker-30: Building] INFO  o.a.m.s.f.DefaultMavenResourcesFiltering - Copying 20 resources from src\main\resources to target\classes
2024-11-12 09:52:47,879 [Worker-30: Building] INFO  o.a.m.s.f.DefaultMavenResourcesFiltering - skip non existing resourceDirectory C:\dev_proj_plant\workapace-plant\plant\src\test\resources
2024-11-12 09:54:36,619 [Worker-35: Building] INFO  o.a.m.s.f.DefaultMavenResourcesFiltering - Copying 1 resource from src\main\resources to target\classes
2024-11-12 09:54:36,625 [Worker-35: Building] INFO  o.a.m.s.f.DefaultMavenResourcesFiltering - Copying 20 resources from src\main\resources to target\classes
2024-11-12 09:54:36,628 [Worker-35: Building] INFO  o.a.m.s.f.DefaultMavenResourcesFiltering - skip non existing resourceDirectory C:\dev_proj_plant\workapace-plant\plant\src\test\resources
2024-11-12 09:55:20,059 [Worker-30: Building] INFO  o.a.m.s.f.DefaultMavenResourcesFiltering - Copying 1 resource from src\main\resources to target\classes
2024-11-12 09:55:20,063 [Worker-30: Building] INFO  o.a.m.s.f.DefaultMavenResourcesFiltering - Copying 20 resources from src\main\resources to target\classes
2024-11-12 09:55:20,067 [Worker-30: Building] INFO  o.a.m.s.f.DefaultMavenResourcesFiltering - skip non existing resourceDirectory C:\dev_proj_plant\workapace-plant\plant\src\test\resources
2024-11-12 09:56:23,689 [Worker-36: Building] INFO  o.a.m.s.f.DefaultMavenResourcesFiltering - Copying 1 resource from src\main\resources to target\classes
2024-11-12 09:56:23,694 [Worker-36: Building] INFO  o.a.m.s.f.DefaultMavenResourcesFiltering - Copying 20 resources from src\main\resources to target\classes
2024-11-12 09:56:23,698 [Worker-36: Building] INFO  o.a.m.s.f.DefaultMavenResourcesFiltering - skip non existing resourceDirectory C:\dev_proj_plant\workapace-plant\plant\src\test\resources
2024-11-12 09:58:04,089 [Worker-33: Building] INFO  o.a.m.s.f.DefaultMavenResourcesFiltering - Copying 1 resource from src\main\resources to target\classes
2024-11-12 09:58:04,093 [Worker-33: Building] INFO  o.a.m.s.f.DefaultMavenResourcesFiltering - Copying 20 resources from src\main\resources to target\classes
2024-11-12 09:58:04,096 [Worker-33: Building] INFO  o.a.m.s.f.DefaultMavenResourcesFiltering - skip non existing resourceDirectory C:\dev_proj_plant\workapace-plant\plant\src\test\resources
2024-11-12 10:14:30,904 [Worker-40: Building] INFO  o.a.m.s.f.DefaultMavenResourcesFiltering - Copying 1 resource from src\main\resources to target\classes
2024-11-12 10:14:30,910 [Worker-40: Building] INFO  o.a.m.s.f.DefaultMavenResourcesFiltering - Copying 20 resources from src\main\resources to target\classes
2024-11-12 10:14:30,914 [Worker-40: Building] INFO  o.a.m.s.f.DefaultMavenResourcesFiltering - skip non existing resourceDirectory C:\dev_proj_plant\workapace-plant\plant\src\test\resources
2024-11-12 10:14:34,713 [Worker-41: Building] INFO  o.a.m.s.f.DefaultMavenResourcesFiltering - Copying 1 resource from src\main\resources to target\classes
2024-11-12 10:14:34,719 [Worker-41: Building] INFO  o.a.m.s.f.DefaultMavenResourcesFiltering - Copying 20 resources from src\main\resources to target\classes
2024-11-12 10:14:34,722 [Worker-41: Building] INFO  o.a.m.s.f.DefaultMavenResourcesFiltering - skip non existing resourceDirectory C:\dev_proj_plant\workapace-plant\plant\src\test\resources
2024-11-12 10:17:35,099 [Worker-42: Building] INFO  o.a.m.s.f.DefaultMavenResourcesFiltering - Copying 1 resource from src\main\resources to target\classes
2024-11-12 10:17:35,104 [Worker-42: Building] INFO  o.a.m.s.f.DefaultMavenResourcesFiltering - Copying 20 resources from src\main\resources to target\classes
2024-11-12 10:17:35,108 [Worker-42: Building] INFO  o.a.m.s.f.DefaultMavenResourcesFiltering - skip non existing resourceDirectory C:\dev_proj_plant\workapace-plant\plant\src\test\resources
2024-11-12 10:17:42,009 [Worker-39: Building] INFO  o.a.m.s.f.DefaultMavenResourcesFiltering - Copying 1 resource from src\main\resources to target\classes
2024-11-12 10:17:42,014 [Worker-39: Building] INFO  o.a.m.s.f.DefaultMavenResourcesFiltering - Copying 20 resources from src\main\resources to target\classes
2024-11-12 10:17:42,018 [Worker-39: Building] INFO  o.a.m.s.f.DefaultMavenResourcesFiltering - skip non existing resourceDirectory C:\dev_proj_plant\workapace-plant\plant\src\test\resources
2024-11-12 10:18:38,411 [Worker-40: Building] INFO  o.a.m.s.f.DefaultMavenResourcesFiltering - Copying 1 resource from src\main\resources to target\classes
2024-11-12 10:18:38,414 [Worker-40: Building] INFO  o.a.m.s.f.DefaultMavenResourcesFiltering - Copying 20 resources from src\main\resources to target\classes
2024-11-12 10:18:38,418 [Worker-40: Building] INFO  o.a.m.s.f.DefaultMavenResourcesFiltering - skip non existing resourceDirectory C:\dev_proj_plant\workapace-plant\plant\src\test\resources
2024-11-12 10:18:47,506 [Worker-38: Building] INFO  o.a.m.s.f.DefaultMavenResourcesFiltering - Copying 1 resource from src\main\resources to target\classes
2024-11-12 10:18:47,509 [Worker-38: Building] INFO  o.a.m.s.f.DefaultMavenResourcesFiltering - Copying 20 resources from src\main\resources to target\classes
2024-11-12 10:18:47,512 [Worker-38: Building] INFO  o.a.m.s.f.DefaultMavenResourcesFiltering - skip non existing resourceDirectory C:\dev_proj_plant\workapace-plant\plant\src\test\resources
2024-11-12 10:21:04,875 [Worker-43: Building] INFO  o.a.m.s.f.DefaultMavenResourcesFiltering - Copying 1 resource from src\main\resources to target\classes
2024-11-12 10:21:04,879 [Worker-43: Building] INFO  o.a.m.s.f.DefaultMavenResourcesFiltering - Copying 20 resources from src\main\resources to target\classes
2024-11-12 10:21:04,884 [Worker-43: Building] INFO  o.a.m.s.f.DefaultMavenResourcesFiltering - skip non existing resourceDirectory C:\dev_proj_plant\workapace-plant\plant\src\test\resources
2024-11-12 10:23:25,512 [Worker-42: Building] INFO  o.a.m.s.f.DefaultMavenResourcesFiltering - Copying 1 resource from src\main\resources to target\classes
2024-11-12 10:23:25,516 [Worker-42: Building] INFO  o.a.m.s.f.DefaultMavenResourcesFiltering - Copying 20 resources from src\main\resources to target\classes
2024-11-12 10:23:25,519 [Worker-42: Building] INFO  o.a.m.s.f.DefaultMavenResourcesFiltering - skip non existing resourceDirectory C:\dev_proj_plant\workapace-plant\plant\src\test\resources
2024-11-12 10:23:56,395 [Worker-39: Building] INFO  o.a.m.s.f.DefaultMavenResourcesFiltering - Copying 1 resource from src\main\resources to target\classes
2024-11-12 10:23:56,399 [Worker-39: Building] INFO  o.a.m.s.f.DefaultMavenResourcesFiltering - Copying 20 resources from src\main\resources to target\classes
2024-11-12 10:23:56,402 [Worker-39: Building] INFO  o.a.m.s.f.DefaultMavenResourcesFiltering - skip non existing resourceDirectory C:\dev_proj_plant\workapace-plant\plant\src\test\resources
2024-11-12 10:28:08,582 [Worker-45: Building] INFO  o.a.m.s.f.DefaultMavenResourcesFiltering - Copying 1 resource from src\main\resources to target\classes
2024-11-12 10:28:08,588 [Worker-45: Building] INFO  o.a.m.s.f.DefaultMavenResourcesFiltering - Copying 20 resources from src\main\resources to target\classes
2024-11-12 10:28:08,592 [Worker-45: Building] INFO  o.a.m.s.f.DefaultMavenResourcesFiltering - skip non existing resourceDirectory C:\dev_proj_plant\workapace-plant\plant\src\test\resources
2024-11-12 10:36:28,781 [Worker-55: Building] INFO  o.a.m.s.f.DefaultMavenResourcesFiltering - Copying 1 resource from src\main\resources to target\classes
2024-11-12 10:36:28,785 [Worker-55: Building] INFO  o.a.m.s.f.DefaultMavenResourcesFiltering - Copying 20 resources from src\main\resources to target\classes
2024-11-12 10:36:28,788 [Worker-55: Building] INFO  o.a.m.s.f.DefaultMavenResourcesFiltering - skip non existing resourceDirectory C:\dev_proj_plant\workapace-plant\plant\src\test\resources
2024-11-12 10:36:49,614 [Worker-54: Building] INFO  o.a.m.s.f.DefaultMavenResourcesFiltering - Copying 1 resource from src\main\resources to target\classes
2024-11-12 10:36:49,619 [Worker-54: Building] INFO  o.a.m.s.f.DefaultMavenResourcesFiltering - Copying 20 resources from src\main\resources to target\classes
2024-11-12 10:36:49,622 [Worker-54: Building] INFO  o.a.m.s.f.DefaultMavenResourcesFiltering - skip non existing resourceDirectory C:\dev_proj_plant\workapace-plant\plant\src\test\resources
2024-11-12 10:48:32,350 [Worker-58: Building] INFO  o.a.m.s.f.DefaultMavenResourcesFiltering - Copying 0 resource from src\main\resources to target\classes
2024-11-12 10:48:32,351 [Worker-58: Building] INFO  o.a.m.s.f.DefaultMavenResourcesFiltering - Copying 1 resource from src\main\resources to target\classes
2024-11-12 10:48:32,353 [Worker-58: Building] INFO  o.a.m.s.f.DefaultMavenResourcesFiltering - skip non existing resourceDirectory C:\dev_proj_plant\workapace-plant\plant\src\test\resources
2024-11-12 10:50:19,207 [Worker-58: Building] INFO  o.a.m.s.f.DefaultMavenResourcesFiltering - Copying 0 resource from src\main\resources to target\classes
2024-11-12 10:50:19,209 [Worker-58: Building] INFO  o.a.m.s.f.DefaultMavenResourcesFiltering - Copying 1 resource from src\main\resources to target\classes
2024-11-12 10:50:19,211 [Worker-58: Building] INFO  o.a.m.s.f.DefaultMavenResourcesFiltering - skip non existing resourceDirectory C:\dev_proj_plant\workapace-plant\plant\src\test\resources
2024-11-12 10:56:36,789 [Worker-70: Building] INFO  o.a.m.s.f.DefaultMavenResourcesFiltering - Copying 1 resource from src\main\resources to target\classes
2024-11-12 10:56:36,795 [Worker-70: Building] INFO  o.a.m.s.f.DefaultMavenResourcesFiltering - Copying 20 resources from src\main\resources to target\classes
2024-11-12 10:56:36,799 [Worker-70: Building] INFO  o.a.m.s.f.DefaultMavenResourcesFiltering - skip non existing resourceDirectory C:\dev_proj_plant\workapace-plant\plant\src\test\resources
2024-11-12 10:56:59,107 [Worker-72: Building] INFO  o.a.m.s.f.DefaultMavenResourcesFiltering - Copying 0 resource from src\main\resources to target\classes
2024-11-12 10:56:59,109 [Worker-72: Building] INFO  o.a.m.s.f.DefaultMavenResourcesFiltering - Copying 1 resource from src\main\resources to target\classes
2024-11-12 10:56:59,111 [Worker-72: Building] INFO  o.a.m.s.f.DefaultMavenResourcesFiltering - skip non existing resourceDirectory C:\dev_proj_plant\workapace-plant\plant\src\test\resources
2024-11-12 10:57:27,948 [Worker-74: Building] INFO  o.a.m.s.f.DefaultMavenResourcesFiltering - Copying 1 resource from src\main\resources to target\classes
2024-11-12 10:57:27,963 [Worker-74: Building] INFO  o.a.m.s.f.DefaultMavenResourcesFiltering - Copying 20 resources from src\main\resources to target\classes
2024-11-12 10:57:27,968 [Worker-74: Building] INFO  o.a.m.s.f.DefaultMavenResourcesFiltering - skip non existing resourceDirectory C:\dev_proj_plant\workapace-plant\plant\src\test\resources
2024-11-12 10:58:43,484 [Worker-67: Building] INFO  o.a.m.s.f.DefaultMavenResourcesFiltering - Copying 0 resource from src\main\resources to target\classes
2024-11-12 10:58:43,487 [Worker-67: Building] INFO  o.a.m.s.f.DefaultMavenResourcesFiltering - Copying 1 resource from src\main\resources to target\classes
2024-11-12 10:58:43,488 [Worker-67: Building] INFO  o.a.m.s.f.DefaultMavenResourcesFiltering - skip non existing resourceDirectory C:\dev_proj_plant\workapace-plant\plant\src\test\resources
2024-11-12 11:02:29,281 [Worker-75: Building] INFO  o.a.m.s.f.DefaultMavenResourcesFiltering - Copying 1 resource from src\main\resources to target\classes
2024-11-12 11:02:29,285 [Worker-75: Building] INFO  o.a.m.s.f.DefaultMavenResourcesFiltering - Copying 20 resources from src\main\resources to target\classes
2024-11-12 11:02:29,289 [Worker-75: Building] INFO  o.a.m.s.f.DefaultMavenResourcesFiltering - skip non existing resourceDirectory C:\dev_proj_plant\workapace-plant\plant\src\test\resources
2024-11-12 11:10:09,581 [Worker-85: Building] INFO  o.a.m.s.f.DefaultMavenResourcesFiltering - Copying 1 resource from src\main\resources to target\classes
2024-11-12 11:10:09,588 [Worker-85: Building] INFO  o.a.m.s.f.DefaultMavenResourcesFiltering - Copying 20 resources from src\main\resources to target\classes
2024-11-12 11:10:09,592 [Worker-85: Building] INFO  o.a.m.s.f.DefaultMavenResourcesFiltering - skip non existing resourceDirectory C:\dev_proj_plant\workapace-plant\plant\src\test\resources
2024-11-12 11:10:15,147 [Worker-81: Launching plant - PlantApplication] INFO  o.a.m.s.f.DefaultMavenResourcesFiltering - Copying 1 resource from src\main\resources to target\classes
2024-11-12 11:10:15,153 [Worker-81: Launching plant - PlantApplication] INFO  o.a.m.s.f.DefaultMavenResourcesFiltering - Copying 20 resources from src\main\resources to target\classes
2024-11-12 11:10:15,159 [Worker-81: Launching plant - PlantApplication] INFO  o.a.m.s.f.DefaultMavenResourcesFiltering - skip non existing resourceDirectory C:\dev_proj_plant\workapace-plant\plant\src\test\resources
2024-11-12 11:11:28,885 [Worker-84: Building] INFO  o.a.m.s.f.DefaultMavenResourcesFiltering - Copying 1 resource from src\main\resources to target\classes
2024-11-12 11:11:28,889 [Worker-84: Building] INFO  o.a.m.s.f.DefaultMavenResourcesFiltering - Copying 20 resources from src\main\resources to target\classes
2024-11-12 11:11:28,893 [Worker-84: Building] INFO  o.a.m.s.f.DefaultMavenResourcesFiltering - skip non existing resourceDirectory C:\dev_proj_plant\workapace-plant\plant\src\test\resources
2024-11-12 11:14:20,180 [Worker-89: Building] INFO  o.a.m.s.f.DefaultMavenResourcesFiltering - Copying 1 resource from src\main\resources to target\classes
2024-11-12 11:14:20,184 [Worker-89: Building] INFO  o.a.m.s.f.DefaultMavenResourcesFiltering - Copying 20 resources from src\main\resources to target\classes
2024-11-12 11:14:20,188 [Worker-89: Building] INFO  o.a.m.s.f.DefaultMavenResourcesFiltering - skip non existing resourceDirectory C:\dev_proj_plant\workapace-plant\plant\src\test\resources
2024-11-12 11:26:57,196 [Worker-93: Building] INFO  o.a.m.s.f.DefaultMavenResourcesFiltering - Copying 1 resource from src\main\resources to target\classes
2024-11-12 11:26:57,202 [Worker-93: Building] INFO  o.a.m.s.f.DefaultMavenResourcesFiltering - Copying 20 resources from src\main\resources to target\classes
2024-11-12 11:26:57,205 [Worker-93: Building] INFO  o.a.m.s.f.DefaultMavenResourcesFiltering - skip non existing resourceDirectory C:\dev_proj_plant\workapace-plant\plant\src\test\resources
2024-11-12 11:29:23,725 [Worker-97: Building] INFO  o.a.m.s.f.DefaultMavenResourcesFiltering - Copying 1 resource from src\main\resources to target\classes
2024-11-12 11:29:23,730 [Worker-97: Building] INFO  o.a.m.s.f.DefaultMavenResourcesFiltering - Copying 20 resources from src\main\resources to target\classes
2024-11-12 11:29:23,734 [Worker-97: Building] INFO  o.a.m.s.f.DefaultMavenResourcesFiltering - skip non existing resourceDirectory C:\dev_proj_plant\workapace-plant\plant\src\test\resources
2024-11-12 11:30:06,705 [Worker-81: Building] INFO  o.e.m.c.i.l.LifecycleMappingFactory - Using org.eclipse.m2e.jdt.JarLifecycleMapping lifecycle mapping for MavenProject: com.future:plant:0.0.1-SNAPSHOT @ C:\dev_proj_plant\workapace-plant\plant\pom.xml.
2024-11-12 11:30:06,892 [Worker-81: Building] INFO  o.e.m.c.i.e.AbstractTransferListenerAdapter - Downloading https://repo.maven.apache.org/maven2/org/springframework/boot/spring-boot-starter-validation/3.3.5/spring-boot-starter-validation-3.3.5.pom
2024-11-12 11:30:06,906 [Worker-81: Building] INFO  o.e.m.c.i.e.AbstractTransferListenerAdapter - Downloaded https://repo.maven.apache.org/maven2/org/springframework/boot/spring-boot-starter-validation/3.3.5/spring-boot-starter-validation-3.3.5.pom
2024-11-12 11:30:06,983 [Worker-81: Building] INFO  o.e.m.c.i.e.AbstractTransferListenerAdapter - Downloading https://repo.maven.apache.org/maven2/org/springframework/boot/spring-boot-starter-validation/3.3.5/spring-boot-starter-validation-3.3.5.jar
2024-11-12 11:30:07,001 [Worker-81: Building] INFO  o.e.m.c.i.e.AbstractTransferListenerAdapter - Downloaded https://repo.maven.apache.org/maven2/org/springframework/boot/spring-boot-starter-validation/3.3.5/spring-boot-starter-validation-3.3.5.jar
2024-11-12 11:30:07,158 [Worker-81: Building] INFO  o.a.m.s.f.DefaultMavenResourcesFiltering - Copying 0 resource from src\main\resources to target\classes
2024-11-12 11:30:07,160 [Worker-81: Building] INFO  o.a.m.s.f.DefaultMavenResourcesFiltering - Copying 0 resource from src\main\resources to target\classes
2024-11-12 11:30:07,162 [Worker-81: Building] INFO  o.a.m.s.f.DefaultMavenResourcesFiltering - skip non existing resourceDirectory C:\dev_proj_plant\workapace-plant\plant\src\test\resources
2024-11-12 11:30:08,106 [Worker-97: Download sources and javadoc] INFO  o.e.m.c.i.e.AbstractTransferListenerAdapter - Downloading https://repo.maven.apache.org/maven2/org/springframework/boot/spring-boot-starter-validation/3.3.5/spring-boot-starter-validation-3.3.5-sources.jar
2024-11-12 11:30:08,126 [Worker-97: Download sources and javadoc] INFO  o.e.m.c.i.e.AbstractTransferListenerAdapter - Downloaded https://repo.maven.apache.org/maven2/org/springframework/boot/spring-boot-starter-validation/3.3.5/spring-boot-starter-validation-3.3.5-sources.jar
2024-11-12 11:30:08,131 [Worker-97: Download sources and javadoc] INFO  o.e.m.j.internal.DownloadSourcesJob - Downloaded sources for org.springframework.boot:spring-boot-starter-validation:3.3.5
2024-11-12 11:30:08,519 [Worker-98: Building] INFO  o.a.m.s.f.DefaultMavenResourcesFiltering - Copying 1 resource from src\main\resources to target\classes
2024-11-12 11:30:08,527 [Worker-98: Building] INFO  o.a.m.s.f.DefaultMavenResourcesFiltering - Copying 20 resources from src\main\resources to target\classes
2024-11-12 11:30:08,558 [Worker-98: Building] INFO  o.a.m.s.f.DefaultMavenResourcesFiltering - skip non existing resourceDirectory C:\dev_proj_plant\workapace-plant\plant\src\test\resources
2024-11-12 11:33:43,560 [Worker-102: Building] INFO  o.a.m.s.f.DefaultMavenResourcesFiltering - Copying 1 resource from src\main\resources to target\classes
2024-11-12 11:33:43,566 [Worker-102: Building] INFO  o.a.m.s.f.DefaultMavenResourcesFiltering - Copying 20 resources from src\main\resources to target\classes
2024-11-12 11:33:43,570 [Worker-102: Building] INFO  o.a.m.s.f.DefaultMavenResourcesFiltering - skip non existing resourceDirectory C:\dev_proj_plant\workapace-plant\plant\src\test\resources
2024-11-12 11:36:21,480 [Worker-95: Building] INFO  o.a.m.s.f.DefaultMavenResourcesFiltering - Copying 1 resource from src\main\resources to target\classes
2024-11-12 11:36:21,493 [Worker-95: Building] INFO  o.a.m.s.f.DefaultMavenResourcesFiltering - Copying 20 resources from src\main\resources to target\classes
2024-11-12 11:36:21,498 [Worker-95: Building] INFO  o.a.m.s.f.DefaultMavenResourcesFiltering - skip non existing resourceDirectory C:\dev_proj_plant\workapace-plant\plant\src\test\resources
2024-11-12 11:50:27,256 [Worker-113: Building] INFO  o.a.m.s.f.DefaultMavenResourcesFiltering - Copying 1 resource from src\main\resources to target\classes
2024-11-12 11:50:27,261 [Worker-113: Building] INFO  o.a.m.s.f.DefaultMavenResourcesFiltering - Copying 20 resources from src\main\resources to target\classes
2024-11-12 11:50:27,264 [Worker-113: Building] INFO  o.a.m.s.f.DefaultMavenResourcesFiltering - skip non existing resourceDirectory C:\dev_proj_plant\workapace-plant\plant\src\test\resources
2024-11-12 11:51:44,351 [Worker-113: Building] INFO  o.a.m.s.f.DefaultMavenResourcesFiltering - Copying 1 resource from src\main\resources to target\classes
2024-11-12 11:51:44,359 [Worker-113: Building] INFO  o.a.m.s.f.DefaultMavenResourcesFiltering - Copying 20 resources from src\main\resources to target\classes
2024-11-12 11:51:44,364 [Worker-113: Building] INFO  o.a.m.s.f.DefaultMavenResourcesFiltering - skip non existing resourceDirectory C:\dev_proj_plant\workapace-plant\plant\src\test\resources
2024-11-12 12:01:11,255 [Worker-119: Building] INFO  o.e.m.c.i.l.LifecycleMappingFactory - Using org.eclipse.m2e.jdt.JarLifecycleMapping lifecycle mapping for MavenProject: com.future:plant:0.0.1-SNAPSHOT @ C:\dev_proj_plant\workapace-plant\plant\pom.xml.
2024-11-12 12:01:11,574 [Worker-119: Building] INFO  o.a.m.s.f.DefaultMavenResourcesFiltering - Copying 0 resource from src\main\resources to target\classes
2024-11-12 12:01:11,576 [Worker-119: Building] INFO  o.a.m.s.f.DefaultMavenResourcesFiltering - Copying 0 resource from src\main\resources to target\classes
2024-11-12 12:01:11,578 [Worker-119: Building] INFO  o.a.m.s.f.DefaultMavenResourcesFiltering - skip non existing resourceDirectory C:\dev_proj_plant\workapace-plant\plant\src\test\resources
2024-11-12 12:01:12,749 [Worker-114: Building] INFO  o.a.m.s.f.DefaultMavenResourcesFiltering - Copying 1 resource from src\main\resources to target\classes
2024-11-12 12:01:12,757 [Worker-114: Building] INFO  o.a.m.s.f.DefaultMavenResourcesFiltering - Copying 20 resources from src\main\resources to target\classes
2024-11-12 12:01:12,777 [Worker-114: Building] INFO  o.a.m.s.f.DefaultMavenResourcesFiltering - skip non existing resourceDirectory C:\dev_proj_plant\workapace-plant\plant\src\test\resources
2024-11-12 12:01:36,691 [Worker-108: Building] INFO  o.a.m.s.f.DefaultMavenResourcesFiltering - Copying 1 resource from src\main\resources to target\classes
2024-11-12 12:01:36,697 [Worker-108: Building] INFO  o.a.m.s.f.DefaultMavenResourcesFiltering - Copying 20 resources from src\main\resources to target\classes
2024-11-12 12:01:36,700 [Worker-108: Building] INFO  o.a.m.s.f.DefaultMavenResourcesFiltering - skip non existing resourceDirectory C:\dev_proj_plant\workapace-plant\plant\src\test\resources
2024-11-12 12:02:38,585 [Worker-120: Building] INFO  o.a.m.s.f.DefaultMavenResourcesFiltering - Copying 1 resource from src\main\resources to target\classes
2024-11-12 12:02:38,591 [Worker-120: Building] INFO  o.a.m.s.f.DefaultMavenResourcesFiltering - Copying 20 resources from src\main\resources to target\classes
2024-11-12 12:02:38,595 [Worker-120: Building] INFO  o.a.m.s.f.DefaultMavenResourcesFiltering - skip non existing resourceDirectory C:\dev_proj_plant\workapace-plant\plant\src\test\resources
2024-11-12 12:04:55,416 [Worker-123: Launching plant - PlantApplication] INFO  o.a.m.s.f.DefaultMavenResourcesFiltering - Copying 1 resource from src\main\resources to target\classes
2024-11-12 12:04:55,422 [Worker-123: Launching plant - PlantApplication] INFO  o.a.m.s.f.DefaultMavenResourcesFiltering - Copying 20 resources from src\main\resources to target\classes
2024-11-12 12:04:55,427 [Worker-123: Launching plant - PlantApplication] INFO  o.a.m.s.f.DefaultMavenResourcesFiltering - skip non existing resourceDirectory C:\dev_proj_plant\workapace-plant\plant\src\test\resources
2024-11-12 12:08:52,515 [Worker-125: Building] INFO  o.a.m.s.f.DefaultMavenResourcesFiltering - Copying 0 resource from src\main\resources to target\classes
2024-11-12 12:08:52,517 [Worker-125: Building] INFO  o.a.m.s.f.DefaultMavenResourcesFiltering - Copying 1 resource from src\main\resources to target\classes
2024-11-12 12:08:52,520 [Worker-125: Building] INFO  o.a.m.s.f.DefaultMavenResourcesFiltering - skip non existing resourceDirectory C:\dev_proj_plant\workapace-plant\plant\src\test\resources
2024-11-12 12:11:30,493 [Worker-130: Building] INFO  o.a.m.s.f.DefaultMavenResourcesFiltering - Copying 0 resource from src\main\resources to target\classes
2024-11-12 12:11:30,495 [Worker-130: Building] INFO  o.a.m.s.f.DefaultMavenResourcesFiltering - Copying 1 resource from src\main\resources to target\classes
2024-11-12 12:11:30,497 [Worker-130: Building] INFO  o.a.m.s.f.DefaultMavenResourcesFiltering - skip non existing resourceDirectory C:\dev_proj_plant\workapace-plant\plant\src\test\resources
2024-11-12 12:12:23,710 [Worker-130: Building] INFO  o.a.m.s.f.DefaultMavenResourcesFiltering - Copying 0 resource from src\main\resources to target\classes
2024-11-12 12:12:23,712 [Worker-130: Building] INFO  o.a.m.s.f.DefaultMavenResourcesFiltering - Copying 1 resource from src\main\resources to target\classes
2024-11-12 12:12:23,715 [Worker-130: Building] INFO  o.a.m.s.f.DefaultMavenResourcesFiltering - skip non existing resourceDirectory C:\dev_proj_plant\workapace-plant\plant\src\test\resources
2024-11-12 12:12:33,156 [Worker-131: Building] INFO  o.a.m.s.f.DefaultMavenResourcesFiltering - Copying 0 resource from src\main\resources to target\classes
2024-11-12 12:12:33,158 [Worker-131: Building] INFO  o.a.m.s.f.DefaultMavenResourcesFiltering - Copying 1 resource from src\main\resources to target\classes
2024-11-12 12:12:33,160 [Worker-131: Building] INFO  o.a.m.s.f.DefaultMavenResourcesFiltering - skip non existing resourceDirectory C:\dev_proj_plant\workapace-plant\plant\src\test\resources
2024-11-12 12:15:30,686 [Worker-132: Building] INFO  o.a.m.s.f.DefaultMavenResourcesFiltering - Copying 1 resource from src\main\resources to target\classes
2024-11-12 12:15:30,692 [Worker-132: Building] INFO  o.a.m.s.f.DefaultMavenResourcesFiltering - Copying 20 resources from src\main\resources to target\classes
2024-11-12 12:15:30,697 [Worker-132: Building] INFO  o.a.m.s.f.DefaultMavenResourcesFiltering - skip non existing resourceDirectory C:\dev_proj_plant\workapace-plant\plant\src\test\resources
2024-11-12 12:15:33,900 [Worker-133: Launching plant - PlantApplication] INFO  o.a.m.s.f.DefaultMavenResourcesFiltering - Copying 0 resource from src\main\resources to target\classes
2024-11-12 12:15:33,902 [Worker-133: Launching plant - PlantApplication] INFO  o.a.m.s.f.DefaultMavenResourcesFiltering - Copying 1 resource from src\main\resources to target\classes
2024-11-12 12:15:33,905 [Worker-133: Launching plant - PlantApplication] INFO  o.a.m.s.f.DefaultMavenResourcesFiltering - skip non existing resourceDirectory C:\dev_proj_plant\workapace-plant\plant\src\test\resources
2024-11-12 12:18:55,725 [Worker-137: Building] INFO  o.a.m.s.f.DefaultMavenResourcesFiltering - Copying 0 resource from src\main\resources to target\classes
2024-11-12 12:18:55,727 [Worker-137: Building] INFO  o.a.m.s.f.DefaultMavenResourcesFiltering - Copying 1 resource from src\main\resources to target\classes
2024-11-12 12:18:55,729 [Worker-137: Building] INFO  o.a.m.s.f.DefaultMavenResourcesFiltering - skip non existing resourceDirectory C:\dev_proj_plant\workapace-plant\plant\src\test\resources
2024-11-12 12:19:48,629 [Worker-127: Building] INFO  o.a.m.s.f.DefaultMavenResourcesFiltering - Copying 0 resource from src\main\resources to target\classes
2024-11-12 12:19:48,631 [Worker-127: Building] INFO  o.a.m.s.f.DefaultMavenResourcesFiltering - Copying 1 resource from src\main\resources to target\classes
2024-11-12 12:19:48,633 [Worker-127: Building] INFO  o.a.m.s.f.DefaultMavenResourcesFiltering - skip non existing resourceDirectory C:\dev_proj_plant\workapace-plant\plant\src\test\resources
2024-11-12 12:19:58,356 [Worker-127: Launching plant - PlantApplication] INFO  o.a.m.s.f.DefaultMavenResourcesFiltering - Copying 0 resource from src\main\resources to target\classes
2024-11-12 12:19:58,358 [Worker-127: Launching plant - PlantApplication] INFO  o.a.m.s.f.DefaultMavenResourcesFiltering - Copying 1 resource from src\main\resources to target\classes
2024-11-12 12:19:58,360 [Worker-127: Launching plant - PlantApplication] INFO  o.a.m.s.f.DefaultMavenResourcesFiltering - skip non existing resourceDirectory C:\dev_proj_plant\workapace-plant\plant\src\test\resources
2024-11-12 12:22:25,768 [Worker-143: Building] INFO  o.a.m.s.f.DefaultMavenResourcesFiltering - Copying 0 resource from src\main\resources to target\classes
2024-11-12 12:22:25,770 [Worker-143: Building] INFO  o.a.m.s.f.DefaultMavenResourcesFiltering - Copying 1 resource from src\main\resources to target\classes
2024-11-12 12:22:25,772 [Worker-143: Building] INFO  o.a.m.s.f.DefaultMavenResourcesFiltering - skip non existing resourceDirectory C:\dev_proj_plant\workapace-plant\plant\src\test\resources
2024-11-12 12:22:27,572 [Worker-144: Building] INFO  o.a.m.s.f.DefaultMavenResourcesFiltering - Copying 0 resource from src\main\resources to target\classes
2024-11-12 12:22:27,574 [Worker-144: Building] INFO  o.a.m.s.f.DefaultMavenResourcesFiltering - Copying 1 resource from src\main\resources to target\classes
2024-11-12 12:22:27,577 [Worker-144: Building] INFO  o.a.m.s.f.DefaultMavenResourcesFiltering - skip non existing resourceDirectory C:\dev_proj_plant\workapace-plant\plant\src\test\resources
2024-11-12 12:22:34,926 [Worker-143: Building] INFO  o.a.m.s.f.DefaultMavenResourcesFiltering - Copying 0 resource from src\main\resources to target\classes
2024-11-12 12:22:34,929 [Worker-143: Building] INFO  o.a.m.s.f.DefaultMavenResourcesFiltering - Copying 1 resource from src\main\resources to target\classes
2024-11-12 12:22:34,931 [Worker-143: Building] INFO  o.a.m.s.f.DefaultMavenResourcesFiltering - skip non existing resourceDirectory C:\dev_proj_plant\workapace-plant\plant\src\test\resources
2024-11-12 12:25:02,888 [Worker-146: Building] INFO  o.a.m.s.f.DefaultMavenResourcesFiltering - Copying 0 resource from src\main\resources to target\classes
2024-11-12 12:25:02,891 [Worker-146: Building] INFO  o.a.m.s.f.DefaultMavenResourcesFiltering - Copying 1 resource from src\main\resources to target\classes
2024-11-12 12:25:02,893 [Worker-146: Building] INFO  o.a.m.s.f.DefaultMavenResourcesFiltering - skip non existing resourceDirectory C:\dev_proj_plant\workapace-plant\plant\src\test\resources
2024-11-12 12:25:55,181 [Worker-147: Building] INFO  o.a.m.s.f.DefaultMavenResourcesFiltering - Copying 0 resource from src\main\resources to target\classes
2024-11-12 12:25:55,183 [Worker-147: Building] INFO  o.a.m.s.f.DefaultMavenResourcesFiltering - Copying 1 resource from src\main\resources to target\classes
2024-11-12 12:25:55,185 [Worker-147: Building] INFO  o.a.m.s.f.DefaultMavenResourcesFiltering - skip non existing resourceDirectory C:\dev_proj_plant\workapace-plant\plant\src\test\resources
2024-11-12 12:25:57,427 [Worker-146: Building] INFO  o.a.m.s.f.DefaultMavenResourcesFiltering - Copying 0 resource from src\main\resources to target\classes
2024-11-12 12:25:57,429 [Worker-146: Building] INFO  o.a.m.s.f.DefaultMavenResourcesFiltering - Copying 1 resource from src\main\resources to target\classes
2024-11-12 12:25:57,431 [Worker-146: Building] INFO  o.a.m.s.f.DefaultMavenResourcesFiltering - skip non existing resourceDirectory C:\dev_proj_plant\workapace-plant\plant\src\test\resources
2024-11-12 12:26:01,597 [Worker-132: Building] INFO  o.a.m.s.f.DefaultMavenResourcesFiltering - Copying 0 resource from src\main\resources to target\classes
2024-11-12 12:26:01,599 [Worker-132: Building] INFO  o.a.m.s.f.DefaultMavenResourcesFiltering - Copying 1 resource from src\main\resources to target\classes
2024-11-12 12:26:01,601 [Worker-132: Building] INFO  o.a.m.s.f.DefaultMavenResourcesFiltering - skip non existing resourceDirectory C:\dev_proj_plant\workapace-plant\plant\src\test\resources
2024-11-12 12:30:50,234 [Worker-146: Building] INFO  o.a.m.s.f.DefaultMavenResourcesFiltering - Copying 0 resource from src\main\resources to target\classes
2024-11-12 12:30:50,237 [Worker-146: Building] INFO  o.a.m.s.f.DefaultMavenResourcesFiltering - Copying 1 resource from src\main\resources to target\classes
2024-11-12 12:30:50,239 [Worker-146: Building] INFO  o.a.m.s.f.DefaultMavenResourcesFiltering - skip non existing resourceDirectory C:\dev_proj_plant\workapace-plant\plant\src\test\resources
2024-11-12 12:33:29,799 [Worker-151: Building] INFO  o.a.m.s.f.DefaultMavenResourcesFiltering - Copying 0 resource from src\main\resources to target\classes
2024-11-12 12:33:29,801 [Worker-151: Building] INFO  o.a.m.s.f.DefaultMavenResourcesFiltering - Copying 1 resource from src\main\resources to target\classes
2024-11-12 12:33:29,803 [Worker-151: Building] INFO  o.a.m.s.f.DefaultMavenResourcesFiltering - skip non existing resourceDirectory C:\dev_proj_plant\workapace-plant\plant\src\test\resources
2024-11-12 12:34:32,552 [Worker-146: Building] INFO  o.a.m.s.f.DefaultMavenResourcesFiltering - Copying 0 resource from src\main\resources to target\classes
2024-11-12 12:34:32,554 [Worker-146: Building] INFO  o.a.m.s.f.DefaultMavenResourcesFiltering - Copying 1 resource from src\main\resources to target\classes
2024-11-12 12:34:32,556 [Worker-146: Building] INFO  o.a.m.s.f.DefaultMavenResourcesFiltering - skip non existing resourceDirectory C:\dev_proj_plant\workapace-plant\plant\src\test\resources
2024-11-12 12:37:26,628 [Worker-144: Building] INFO  o.a.m.s.f.DefaultMavenResourcesFiltering - Copying 0 resource from src\main\resources to target\classes
2024-11-12 12:37:26,630 [Worker-144: Building] INFO  o.a.m.s.f.DefaultMavenResourcesFiltering - Copying 1 resource from src\main\resources to target\classes
2024-11-12 12:37:26,632 [Worker-144: Building] INFO  o.a.m.s.f.DefaultMavenResourcesFiltering - skip non existing resourceDirectory C:\dev_proj_plant\workapace-plant\plant\src\test\resources
2024-11-12 12:37:29,961 [Worker-157: Launching plant - PlantApplication] INFO  o.a.m.s.f.DefaultMavenResourcesFiltering - Copying 0 resource from src\main\resources to target\classes
2024-11-12 12:37:29,963 [Worker-157: Launching plant - PlantApplication] INFO  o.a.m.s.f.DefaultMavenResourcesFiltering - Copying 1 resource from src\main\resources to target\classes
2024-11-12 12:37:29,965 [Worker-157: Launching plant - PlantApplication] INFO  o.a.m.s.f.DefaultMavenResourcesFiltering - skip non existing resourceDirectory C:\dev_proj_plant\workapace-plant\plant\src\test\resources
2024-11-12 12:38:15,786 [Worker-152: Building] INFO  o.a.m.s.f.DefaultMavenResourcesFiltering - Copying 0 resource from src\main\resources to target\classes
2024-11-12 12:38:15,788 [Worker-152: Building] INFO  o.a.m.s.f.DefaultMavenResourcesFiltering - Copying 1 resource from src\main\resources to target\classes
2024-11-12 12:38:15,790 [Worker-152: Building] INFO  o.a.m.s.f.DefaultMavenResourcesFiltering - skip non existing resourceDirectory C:\dev_proj_plant\workapace-plant\plant\src\test\resources
2024-11-12 12:41:05,702 [Worker-151: Building] INFO  o.a.m.s.f.DefaultMavenResourcesFiltering - Copying 1 resource from src\main\resources to target\classes
2024-11-12 12:41:05,709 [Worker-151: Building] INFO  o.a.m.s.f.DefaultMavenResourcesFiltering - Copying 20 resources from src\main\resources to target\classes
2024-11-12 12:41:05,714 [Worker-151: Building] INFO  o.a.m.s.f.DefaultMavenResourcesFiltering - skip non existing resourceDirectory C:\dev_proj_plant\workapace-plant\plant\src\test\resources
2024-11-12 12:46:18,209 [Worker-166: Building] INFO  o.a.m.s.f.DefaultMavenResourcesFiltering - Copying 1 resource from src\main\resources to target\classes
2024-11-12 12:46:18,213 [Worker-166: Building] INFO  o.a.m.s.f.DefaultMavenResourcesFiltering - Copying 20 resources from src\main\resources to target\classes
2024-11-12 12:46:18,217 [Worker-166: Building] INFO  o.a.m.s.f.DefaultMavenResourcesFiltering - skip non existing resourceDirectory C:\dev_proj_plant\workapace-plant\plant\src\test\resources
2024-11-12 12:49:53,614 [Worker-163: Building] INFO  o.a.m.s.f.DefaultMavenResourcesFiltering - Copying 1 resource from src\main\resources to target\classes
2024-11-12 12:49:53,618 [Worker-163: Building] INFO  o.a.m.s.f.DefaultMavenResourcesFiltering - Copying 20 resources from src\main\resources to target\classes
2024-11-12 12:49:53,622 [Worker-163: Building] INFO  o.a.m.s.f.DefaultMavenResourcesFiltering - skip non existing resourceDirectory C:\dev_proj_plant\workapace-plant\plant\src\test\resources
2024-11-12 12:51:46,677 [Worker-163: Building] INFO  o.a.m.s.f.DefaultMavenResourcesFiltering - Copying 1 resource from src\main\resources to target\classes
2024-11-12 12:51:46,681 [Worker-163: Building] INFO  o.a.m.s.f.DefaultMavenResourcesFiltering - Copying 20 resources from src\main\resources to target\classes
2024-11-12 12:51:46,685 [Worker-163: Building] INFO  o.a.m.s.f.DefaultMavenResourcesFiltering - skip non existing resourceDirectory C:\dev_proj_plant\workapace-plant\plant\src\test\resources
2024-11-12 12:52:01,858 [Worker-166: Building] INFO  o.a.m.s.f.DefaultMavenResourcesFiltering - Copying 0 resource from src\main\resources to target\classes
2024-11-12 12:52:01,860 [Worker-166: Building] INFO  o.a.m.s.f.DefaultMavenResourcesFiltering - Copying 1 resource from src\main\resources to target\classes
2024-11-12 12:52:01,863 [Worker-166: Building] INFO  o.a.m.s.f.DefaultMavenResourcesFiltering - skip non existing resourceDirectory C:\dev_proj_plant\workapace-plant\plant\src\test\resources
2024-11-12 12:53:06,486 [Worker-174: Building] INFO  o.a.m.s.f.DefaultMavenResourcesFiltering - Copying 0 resource from src\main\resources to target\classes
2024-11-12 12:53:06,488 [Worker-174: Building] INFO  o.a.m.s.f.DefaultMavenResourcesFiltering - Copying 1 resource from src\main\resources to target\classes
2024-11-12 12:53:06,490 [Worker-174: Building] INFO  o.a.m.s.f.DefaultMavenResourcesFiltering - skip non existing resourceDirectory C:\dev_proj_plant\workapace-plant\plant\src\test\resources
2024-11-12 12:53:26,175 [Worker-171: Building] INFO  o.a.m.s.f.DefaultMavenResourcesFiltering - Copying 1 resource from src\main\resources to target\classes
2024-11-12 12:53:26,180 [Worker-171: Building] INFO  o.a.m.s.f.DefaultMavenResourcesFiltering - Copying 20 resources from src\main\resources to target\classes
2024-11-12 12:53:26,184 [Worker-171: Building] INFO  o.a.m.s.f.DefaultMavenResourcesFiltering - skip non existing resourceDirectory C:\dev_proj_plant\workapace-plant\plant\src\test\resources
2024-11-12 12:55:27,166 [Worker-169: Building] INFO  o.a.m.s.f.DefaultMavenResourcesFiltering - Copying 0 resource from src\main\resources to target\classes
2024-11-12 12:55:27,168 [Worker-169: Building] INFO  o.a.m.s.f.DefaultMavenResourcesFiltering - Copying 1 resource from src\main\resources to target\classes
2024-11-12 12:55:27,171 [Worker-169: Building] INFO  o.a.m.s.f.DefaultMavenResourcesFiltering - skip non existing resourceDirectory C:\dev_proj_plant\workapace-plant\plant\src\test\resources
2024-11-12 12:55:48,841 [Worker-169: Building] INFO  o.a.m.s.f.DefaultMavenResourcesFiltering - Copying 0 resource from src\main\resources to target\classes
2024-11-12 12:55:48,844 [Worker-169: Building] INFO  o.a.m.s.f.DefaultMavenResourcesFiltering - Copying 1 resource from src\main\resources to target\classes
2024-11-12 12:55:48,845 [Worker-169: Building] INFO  o.a.m.s.f.DefaultMavenResourcesFiltering - skip non existing resourceDirectory C:\dev_proj_plant\workapace-plant\plant\src\test\resources
2024-11-12 12:58:28,921 [Worker-178: Building] INFO  o.a.m.s.f.DefaultMavenResourcesFiltering - Copying 0 resource from src\main\resources to target\classes
2024-11-12 12:58:28,923 [Worker-178: Building] INFO  o.a.m.s.f.DefaultMavenResourcesFiltering - Copying 1 resource from src\main\resources to target\classes
2024-11-12 12:58:28,925 [Worker-178: Building] INFO  o.a.m.s.f.DefaultMavenResourcesFiltering - skip non existing resourceDirectory C:\dev_proj_plant\workapace-plant\plant\src\test\resources
2024-11-12 13:00:56,470 [Worker-184: Building] INFO  o.a.m.s.f.DefaultMavenResourcesFiltering - Copying 1 resource from src\main\resources to target\classes
2024-11-12 13:00:56,476 [Worker-184: Building] INFO  o.a.m.s.f.DefaultMavenResourcesFiltering - Copying 20 resources from src\main\resources to target\classes
2024-11-12 13:00:56,480 [Worker-184: Building] INFO  o.a.m.s.f.DefaultMavenResourcesFiltering - skip non existing resourceDirectory C:\dev_proj_plant\workapace-plant\plant\src\test\resources
2024-11-12 13:27:49,538 [Worker-201: Building] INFO  o.a.m.s.f.DefaultMavenResourcesFiltering - Copying 0 resource from src\main\resources to target\classes
2024-11-12 13:27:49,541 [Worker-201: Building] INFO  o.a.m.s.f.DefaultMavenResourcesFiltering - Copying 1 resource from src\main\resources to target\classes
2024-11-12 13:27:49,543 [Worker-201: Building] INFO  o.a.m.s.f.DefaultMavenResourcesFiltering - skip non existing resourceDirectory C:\dev_proj_plant\workapace-plant\plant\src\test\resources
2024-11-12 13:31:55,968 [Worker-204: Building] INFO  o.a.m.s.f.DefaultMavenResourcesFiltering - Copying 1 resource from src\main\resources to target\classes
2024-11-12 13:31:55,975 [Worker-204: Building] INFO  o.a.m.s.f.DefaultMavenResourcesFiltering - Copying 20 resources from src\main\resources to target\classes
2024-11-12 13:31:55,978 [Worker-204: Building] INFO  o.a.m.s.f.DefaultMavenResourcesFiltering - skip non existing resourceDirectory C:\dev_proj_plant\workapace-plant\plant\src\test\resources
2024-11-12 13:33:51,803 [Worker-206: Building] INFO  o.a.m.s.f.DefaultMavenResourcesFiltering - Copying 0 resource from src\main\resources to target\classes
2024-11-12 13:33:51,806 [Worker-206: Building] INFO  o.a.m.s.f.DefaultMavenResourcesFiltering - Copying 1 resource from src\main\resources to target\classes
2024-11-12 13:33:51,807 [Worker-206: Building] INFO  o.a.m.s.f.DefaultMavenResourcesFiltering - skip non existing resourceDirectory C:\dev_proj_plant\workapace-plant\plant\src\test\resources
2024-11-12 13:37:59,348 [Worker-208: Building] INFO  o.a.m.s.f.DefaultMavenResourcesFiltering - Copying 1 resource from src\main\resources to target\classes
2024-11-12 13:37:59,353 [Worker-208: Building] INFO  o.a.m.s.f.DefaultMavenResourcesFiltering - Copying 20 resources from src\main\resources to target\classes
2024-11-12 13:37:59,357 [Worker-208: Building] INFO  o.a.m.s.f.DefaultMavenResourcesFiltering - skip non existing resourceDirectory C:\dev_proj_plant\workapace-plant\plant\src\test\resources
2024-11-12 13:38:09,658 [Worker-209: Building] INFO  o.a.m.s.f.DefaultMavenResourcesFiltering - Copying 1 resource from src\main\resources to target\classes
2024-11-12 13:38:09,663 [Worker-209: Building] INFO  o.a.m.s.f.DefaultMavenResourcesFiltering - Copying 20 resources from src\main\resources to target\classes
2024-11-12 13:38:09,666 [Worker-209: Building] INFO  o.a.m.s.f.DefaultMavenResourcesFiltering - skip non existing resourceDirectory C:\dev_proj_plant\workapace-plant\plant\src\test\resources
2024-11-12 13:39:01,287 [Worker-208: Building] INFO  o.a.m.s.f.DefaultMavenResourcesFiltering - Copying 1 resource from src\main\resources to target\classes
2024-11-12 13:39:01,292 [Worker-208: Building] INFO  o.a.m.s.f.DefaultMavenResourcesFiltering - Copying 20 resources from src\main\resources to target\classes
2024-11-12 13:39:01,296 [Worker-208: Building] INFO  o.a.m.s.f.DefaultMavenResourcesFiltering - skip non existing resourceDirectory C:\dev_proj_plant\workapace-plant\plant\src\test\resources
2024-11-12 13:39:35,103 [Worker-207: Building] INFO  o.a.m.s.f.DefaultMavenResourcesFiltering - Copying 0 resource from src\main\resources to target\classes
2024-11-12 13:39:35,105 [Worker-207: Building] INFO  o.a.m.s.f.DefaultMavenResourcesFiltering - Copying 1 resource from src\main\resources to target\classes
2024-11-12 13:39:35,107 [Worker-207: Building] INFO  o.a.m.s.f.DefaultMavenResourcesFiltering - skip non existing resourceDirectory C:\dev_proj_plant\workapace-plant\plant\src\test\resources
2024-11-12 13:43:49,899 [Worker-216: Building] INFO  o.a.m.s.f.DefaultMavenResourcesFiltering - Copying 1 resource from src\main\resources to target\classes
2024-11-12 13:43:49,905 [Worker-216: Building] INFO  o.a.m.s.f.DefaultMavenResourcesFiltering - Copying 20 resources from src\main\resources to target\classes
2024-11-12 13:43:49,909 [Worker-216: Building] INFO  o.a.m.s.f.DefaultMavenResourcesFiltering - skip non existing resourceDirectory C:\dev_proj_plant\workapace-plant\plant\src\test\resources
2024-11-12 13:47:24,954 [Worker-221: Building] INFO  o.a.m.s.f.DefaultMavenResourcesFiltering - Copying 1 resource from src\main\resources to target\classes
2024-11-12 13:47:24,958 [Worker-221: Building] INFO  o.a.m.s.f.DefaultMavenResourcesFiltering - Copying 20 resources from src\main\resources to target\classes
2024-11-12 13:47:24,963 [Worker-221: Building] INFO  o.a.m.s.f.DefaultMavenResourcesFiltering - skip non existing resourceDirectory C:\dev_proj_plant\workapace-plant\plant\src\test\resources
2024-11-12 13:52:43,306 [Worker-225: Building] INFO  o.a.m.s.f.DefaultMavenResourcesFiltering - Copying 1 resource from src\main\resources to target\classes
2024-11-12 13:52:43,311 [Worker-225: Building] INFO  o.a.m.s.f.DefaultMavenResourcesFiltering - Copying 20 resources from src\main\resources to target\classes
2024-11-12 13:52:43,314 [Worker-225: Building] INFO  o.a.m.s.f.DefaultMavenResourcesFiltering - skip non existing resourceDirectory C:\dev_proj_plant\workapace-plant\plant\src\test\resources
2024-11-12 13:59:05,291 [Worker-229: Building] INFO  o.a.m.s.f.DefaultMavenResourcesFiltering - Copying 1 resource from src\main\resources to target\classes
2024-11-12 13:59:05,296 [Worker-229: Building] INFO  o.a.m.s.f.DefaultMavenResourcesFiltering - Copying 20 resources from src\main\resources to target\classes
2024-11-12 13:59:05,298 [Worker-229: Building] INFO  o.a.m.s.f.DefaultMavenResourcesFiltering - skip non existing resourceDirectory C:\dev_proj_plant\workapace-plant\plant\src\test\resources
2024-11-12 14:03:12,650 [Worker-233: Building] INFO  o.a.m.s.f.DefaultMavenResourcesFiltering - Copying 1 resource from src\main\resources to target\classes
2024-11-12 14:03:12,654 [Worker-233: Building] INFO  o.a.m.s.f.DefaultMavenResourcesFiltering - Copying 20 resources from src\main\resources to target\classes
2024-11-12 14:03:12,658 [Worker-233: Building] INFO  o.a.m.s.f.DefaultMavenResourcesFiltering - skip non existing resourceDirectory C:\dev_proj_plant\workapace-plant\plant\src\test\resources
2024-11-12 14:03:28,995 [Worker-235: Building] INFO  o.a.m.s.f.DefaultMavenResourcesFiltering - Copying 1 resource from src\main\resources to target\classes
2024-11-12 14:03:28,999 [Worker-235: Building] INFO  o.a.m.s.f.DefaultMavenResourcesFiltering - Copying 20 resources from src\main\resources to target\classes
2024-11-12 14:03:29,003 [Worker-235: Building] INFO  o.a.m.s.f.DefaultMavenResourcesFiltering - skip non existing resourceDirectory C:\dev_proj_plant\workapace-plant\plant\src\test\resources
2024-11-12 14:03:58,998 [Worker-235: Building] INFO  o.a.m.s.f.DefaultMavenResourcesFiltering - Copying 1 resource from src\main\resources to target\classes
2024-11-12 14:03:59,002 [Worker-235: Building] INFO  o.a.m.s.f.DefaultMavenResourcesFiltering - Copying 20 resources from src\main\resources to target\classes
2024-11-12 14:03:59,006 [Worker-235: Building] INFO  o.a.m.s.f.DefaultMavenResourcesFiltering - skip non existing resourceDirectory C:\dev_proj_plant\workapace-plant\plant\src\test\resources
2024-11-12 14:52:50,598 [Worker-237: Building] INFO  o.a.m.s.f.DefaultMavenResourcesFiltering - Copying 1 resource from src\main\resources to target\classes
2024-11-12 14:52:50,604 [Worker-237: Building] INFO  o.a.m.s.f.DefaultMavenResourcesFiltering - Copying 20 resources from src\main\resources to target\classes
2024-11-12 14:52:50,608 [Worker-237: Building] INFO  o.a.m.s.f.DefaultMavenResourcesFiltering - skip non existing resourceDirectory C:\dev_proj_plant\workapace-plant\plant\src\test\resources
2024-11-12 14:57:16,715 [Worker-242: Building] INFO  o.a.m.s.f.DefaultMavenResourcesFiltering - Copying 1 resource from src\main\resources to target\classes
2024-11-12 14:57:16,719 [Worker-242: Building] INFO  o.a.m.s.f.DefaultMavenResourcesFiltering - Copying 20 resources from src\main\resources to target\classes
2024-11-12 14:57:16,722 [Worker-242: Building] INFO  o.a.m.s.f.DefaultMavenResourcesFiltering - skip non existing resourceDirectory C:\dev_proj_plant\workapace-plant\plant\src\test\resources
2024-11-12 14:59:59,944 [Worker-243: Building] INFO  o.a.m.s.f.DefaultMavenResourcesFiltering - Copying 0 resource from src\main\resources to target\classes
2024-11-12 14:59:59,946 [Worker-243: Building] INFO  o.a.m.s.f.DefaultMavenResourcesFiltering - Copying 1 resource from src\main\resources to target\classes
2024-11-12 14:59:59,956 [Worker-243: Building] INFO  o.a.m.s.f.DefaultMavenResourcesFiltering - skip non existing resourceDirectory C:\dev_proj_plant\workapace-plant\plant\src\test\resources
2024-11-12 15:00:04,525 [Worker-244: Building] INFO  o.a.m.s.f.DefaultMavenResourcesFiltering - Copying 0 resource from src\main\resources to target\classes
2024-11-12 15:00:04,527 [Worker-244: Building] INFO  o.a.m.s.f.DefaultMavenResourcesFiltering - Copying 1 resource from src\main\resources to target\classes
2024-11-12 15:00:04,529 [Worker-244: Building] INFO  o.a.m.s.f.DefaultMavenResourcesFiltering - skip non existing resourceDirectory C:\dev_proj_plant\workapace-plant\plant\src\test\resources
2024-11-12 15:02:09,950 [Worker-244: Building] INFO  o.a.m.s.f.DefaultMavenResourcesFiltering - Copying 0 resource from src\main\resources to target\classes
2024-11-12 15:02:09,951 [Worker-244: Building] INFO  o.a.m.s.f.DefaultMavenResourcesFiltering - Copying 1 resource from src\main\resources to target\classes
2024-11-12 15:02:09,953 [Worker-244: Building] INFO  o.a.m.s.f.DefaultMavenResourcesFiltering - skip non existing resourceDirectory C:\dev_proj_plant\workapace-plant\plant\src\test\resources
2024-11-12 15:03:18,870 [Worker-249: Building] INFO  o.a.m.s.f.DefaultMavenResourcesFiltering - Copying 0 resource from src\main\resources to target\classes
2024-11-12 15:03:18,873 [Worker-249: Building] INFO  o.a.m.s.f.DefaultMavenResourcesFiltering - Copying 1 resource from src\main\resources to target\classes
2024-11-12 15:03:18,875 [Worker-249: Building] INFO  o.a.m.s.f.DefaultMavenResourcesFiltering - skip non existing resourceDirectory C:\dev_proj_plant\workapace-plant\plant\src\test\resources
2024-11-12 15:04:52,350 [Worker-245: Building] INFO  o.a.m.s.f.DefaultMavenResourcesFiltering - Copying 0 resource from src\main\resources to target\classes
2024-11-12 15:04:52,351 [Worker-245: Building] INFO  o.a.m.s.f.DefaultMavenResourcesFiltering - Copying 1 resource from src\main\resources to target\classes
2024-11-12 15:04:52,353 [Worker-245: Building] INFO  o.a.m.s.f.DefaultMavenResourcesFiltering - skip non existing resourceDirectory C:\dev_proj_plant\workapace-plant\plant\src\test\resources
2024-11-12 15:04:57,618 [Worker-249: Building] INFO  o.a.m.s.f.DefaultMavenResourcesFiltering - Copying 0 resource from src\main\resources to target\classes
2024-11-12 15:04:57,619 [Worker-249: Building] INFO  o.a.m.s.f.DefaultMavenResourcesFiltering - Copying 1 resource from src\main\resources to target\classes
2024-11-12 15:04:57,621 [Worker-249: Building] INFO  o.a.m.s.f.DefaultMavenResourcesFiltering - skip non existing resourceDirectory C:\dev_proj_plant\workapace-plant\plant\src\test\resources
2024-11-12 15:07:01,222 [Worker-245: Building] INFO  o.a.m.s.f.DefaultMavenResourcesFiltering - Copying 0 resource from src\main\resources to target\classes
2024-11-12 15:07:01,224 [Worker-245: Building] INFO  o.a.m.s.f.DefaultMavenResourcesFiltering - Copying 1 resource from src\main\resources to target\classes
2024-11-12 15:07:01,226 [Worker-245: Building] INFO  o.a.m.s.f.DefaultMavenResourcesFiltering - skip non existing resourceDirectory C:\dev_proj_plant\workapace-plant\plant\src\test\resources
2024-11-12 15:07:08,134 [Worker-252: Building] INFO  o.a.m.s.f.DefaultMavenResourcesFiltering - Copying 0 resource from src\main\resources to target\classes
2024-11-12 15:07:08,137 [Worker-252: Building] INFO  o.a.m.s.f.DefaultMavenResourcesFiltering - Copying 1 resource from src\main\resources to target\classes
2024-11-12 15:07:08,139 [Worker-252: Building] INFO  o.a.m.s.f.DefaultMavenResourcesFiltering - skip non existing resourceDirectory C:\dev_proj_plant\workapace-plant\plant\src\test\resources
2024-11-12 15:08:33,435 [Worker-254: Building] INFO  o.a.m.s.f.DefaultMavenResourcesFiltering - Copying 0 resource from src\main\resources to target\classes
2024-11-12 15:08:33,437 [Worker-254: Building] INFO  o.a.m.s.f.DefaultMavenResourcesFiltering - Copying 1 resource from src\main\resources to target\classes
2024-11-12 15:08:33,439 [Worker-254: Building] INFO  o.a.m.s.f.DefaultMavenResourcesFiltering - skip non existing resourceDirectory C:\dev_proj_plant\workapace-plant\plant\src\test\resources
2024-11-12 15:08:39,325 [Worker-251: Building] INFO  o.a.m.s.f.DefaultMavenResourcesFiltering - Copying 0 resource from src\main\resources to target\classes
2024-11-12 15:08:39,327 [Worker-251: Building] INFO  o.a.m.s.f.DefaultMavenResourcesFiltering - Copying 1 resource from src\main\resources to target\classes
2024-11-12 15:08:39,329 [Worker-251: Building] INFO  o.a.m.s.f.DefaultMavenResourcesFiltering - skip non existing resourceDirectory C:\dev_proj_plant\workapace-plant\plant\src\test\resources
2024-11-12 15:08:47,051 [Worker-253: Building] INFO  o.a.m.s.f.DefaultMavenResourcesFiltering - Copying 0 resource from src\main\resources to target\classes
2024-11-12 15:08:47,054 [Worker-253: Building] INFO  o.a.m.s.f.DefaultMavenResourcesFiltering - Copying 1 resource from src\main\resources to target\classes
2024-11-12 15:08:47,056 [Worker-253: Building] INFO  o.a.m.s.f.DefaultMavenResourcesFiltering - skip non existing resourceDirectory C:\dev_proj_plant\workapace-plant\plant\src\test\resources
2024-11-12 15:09:01,642 [Worker-249: Building] INFO  o.a.m.s.f.DefaultMavenResourcesFiltering - Copying 0 resource from src\main\resources to target\classes
2024-11-12 15:09:01,644 [Worker-249: Building] INFO  o.a.m.s.f.DefaultMavenResourcesFiltering - Copying 1 resource from src\main\resources to target\classes
2024-11-12 15:09:01,646 [Worker-249: Building] INFO  o.a.m.s.f.DefaultMavenResourcesFiltering - skip non existing resourceDirectory C:\dev_proj_plant\workapace-plant\plant\src\test\resources
2024-11-12 15:09:21,685 [Worker-254: Building] INFO  o.a.m.s.f.DefaultMavenResourcesFiltering - Copying 0 resource from src\main\resources to target\classes
2024-11-12 15:09:21,688 [Worker-254: Building] INFO  o.a.m.s.f.DefaultMavenResourcesFiltering - Copying 1 resource from src\main\resources to target\classes
2024-11-12 15:09:21,690 [Worker-254: Building] INFO  o.a.m.s.f.DefaultMavenResourcesFiltering - skip non existing resourceDirectory C:\dev_proj_plant\workapace-plant\plant\src\test\resources
2024-11-12 15:14:07,730 [Worker-254: Building] INFO  o.a.m.s.f.DefaultMavenResourcesFiltering - Copying 1 resource from src\main\resources to target\classes
2024-11-12 15:14:07,737 [Worker-254: Building] INFO  o.a.m.s.f.DefaultMavenResourcesFiltering - Copying 22 resources from src\main\resources to target\classes
2024-11-12 15:14:07,741 [Worker-254: Building] INFO  o.a.m.s.f.DefaultMavenResourcesFiltering - skip non existing resourceDirectory C:\dev_proj_plant\workapace-plant\plant\src\test\resources
2024-11-12 15:14:51,084 [Worker-254: Building] INFO  o.a.m.s.f.DefaultMavenResourcesFiltering - Copying 0 resource from src\main\resources to target\classes
2024-11-12 15:14:51,087 [Worker-254: Building] INFO  o.a.m.s.f.DefaultMavenResourcesFiltering - Copying 1 resource from src\main\resources to target\classes
2024-11-12 15:14:51,089 [Worker-254: Building] INFO  o.a.m.s.f.DefaultMavenResourcesFiltering - skip non existing resourceDirectory C:\dev_proj_plant\workapace-plant\plant\src\test\resources
2024-11-12 15:16:34,186 [Worker-257: Building] INFO  o.a.m.s.f.DefaultMavenResourcesFiltering - Copying 0 resource from src\main\resources to target\classes
2024-11-12 15:16:34,188 [Worker-257: Building] INFO  o.a.m.s.f.DefaultMavenResourcesFiltering - Copying 0 resource from src\main\resources to target\classes
2024-11-12 15:16:34,190 [Worker-257: Building] INFO  o.a.m.s.f.DefaultMavenResourcesFiltering - skip non existing resourceDirectory C:\dev_proj_plant\workapace-plant\plant\src\test\resources
2024-11-12 15:17:02,004 [Worker-257: Building] INFO  o.a.m.s.f.DefaultMavenResourcesFiltering - Copying 1 resource from src\main\resources to target\classes
2024-11-12 15:17:02,010 [Worker-257: Building] INFO  o.a.m.s.f.DefaultMavenResourcesFiltering - Copying 21 resources from src\main\resources to target\classes
2024-11-12 15:17:02,014 [Worker-257: Building] INFO  o.a.m.s.f.DefaultMavenResourcesFiltering - skip non existing resourceDirectory C:\dev_proj_plant\workapace-plant\plant\src\test\resources
2024-11-12 15:19:09,031 [Worker-261: Building] INFO  o.a.m.s.f.DefaultMavenResourcesFiltering - Copying 0 resource from src\main\resources to target\classes
2024-11-12 15:19:09,034 [Worker-261: Building] INFO  o.a.m.s.f.DefaultMavenResourcesFiltering - Copying 1 resource from src\main\resources to target\classes
2024-11-12 15:19:09,036 [Worker-261: Building] INFO  o.a.m.s.f.DefaultMavenResourcesFiltering - skip non existing resourceDirectory C:\dev_proj_plant\workapace-plant\plant\src\test\resources
2024-11-12 15:21:46,399 [Worker-259: Building] INFO  o.a.m.s.f.DefaultMavenResourcesFiltering - Copying 0 resource from src\main\resources to target\classes
2024-11-12 15:21:46,401 [Worker-259: Building] INFO  o.a.m.s.f.DefaultMavenResourcesFiltering - Copying 1 resource from src\main\resources to target\classes
2024-11-12 15:21:46,403 [Worker-259: Building] INFO  o.a.m.s.f.DefaultMavenResourcesFiltering - skip non existing resourceDirectory C:\dev_proj_plant\workapace-plant\plant\src\test\resources
2024-11-12 16:44:53,317 [Worker-275: Building] INFO  o.a.m.s.f.DefaultMavenResourcesFiltering - Copying 0 resource from src\main\resources to target\classes
2024-11-12 16:44:53,319 [Worker-275: Building] INFO  o.a.m.s.f.DefaultMavenResourcesFiltering - Copying 1 resource from src\main\resources to target\classes
2024-11-12 16:44:53,321 [Worker-275: Building] INFO  o.a.m.s.f.DefaultMavenResourcesFiltering - skip non existing resourceDirectory C:\dev_proj_plant\workapace-plant\plant\src\test\resources
2024-11-12 16:54:35,184 [Worker-277: Building] INFO  o.a.m.s.f.DefaultMavenResourcesFiltering - Copying 0 resource from src\main\resources to target\classes
2024-11-12 16:54:35,186 [Worker-277: Building] INFO  o.a.m.s.f.DefaultMavenResourcesFiltering - Copying 1 resource from src\main\resources to target\classes
2024-11-12 16:54:35,188 [Worker-277: Building] INFO  o.a.m.s.f.DefaultMavenResourcesFiltering - skip non existing resourceDirectory C:\dev_proj_plant\workapace-plant\plant\src\test\resources
2024-11-12 17:32:45,611 [Worker-298: Building] INFO  o.a.m.s.f.DefaultMavenResourcesFiltering - Copying 0 resource from src\main\resources to target\classes
2024-11-12 17:32:45,613 [Worker-298: Building] INFO  o.a.m.s.f.DefaultMavenResourcesFiltering - Copying 1 resource from src\main\resources to target\classes
2024-11-12 17:32:45,615 [Worker-298: Building] INFO  o.a.m.s.f.DefaultMavenResourcesFiltering - skip non existing resourceDirectory C:\dev_proj_plant\workapace-plant\plant\src\test\resources
2024-11-12 17:33:41,890 [Worker-298: Launching plant - PlantApplication] INFO  o.a.m.s.f.DefaultMavenResourcesFiltering - Copying 0 resource from src\main\resources to target\classes
2024-11-12 17:33:41,892 [Worker-298: Launching plant - PlantApplication] INFO  o.a.m.s.f.DefaultMavenResourcesFiltering - Copying 1 resource from src\main\resources to target\classes
2024-11-12 17:33:41,895 [Worker-298: Launching plant - PlantApplication] INFO  o.a.m.s.f.DefaultMavenResourcesFiltering - skip non existing resourceDirectory C:\dev_proj_plant\workapace-plant\plant\src\test\resources
2024-11-12 19:15:38,823 [Worker-4: Loading available Gradle versions] INFO  o.e.b.c.i.u.g.PublishedGradleVersions - Gradle version information cache is out-of-date. Trying to update.
2024-11-12 19:16:10,890 [Worker-13: Building] INFO  o.a.m.s.f.DefaultMavenResourcesFiltering - Copying 1 resource from src\main\resources to target\classes
2024-11-12 19:16:10,904 [Worker-13: Building] INFO  o.a.m.s.f.DefaultMavenResourcesFiltering - Copying 21 resources from src\main\resources to target\classes
2024-11-12 19:16:10,928 [Worker-13: Building] INFO  o.a.m.s.f.DefaultMavenResourcesFiltering - skip non existing resourceDirectory C:\dev_proj_plant\workapace-plant\plant\src\test\resources
2024-11-12 19:27:22,327 [Worker-6: Loading available Gradle versions] INFO  o.e.b.c.i.u.g.PublishedGradleVersions - Gradle version information cache is up-to-date. Trying to read.
2024-11-12 19:27:38,363 [Worker-7: Building] INFO  o.a.m.s.f.DefaultMavenResourcesFiltering - Copying 1 resource from src\main\resources to target\classes
2024-11-12 19:27:38,381 [Worker-7: Building] INFO  o.a.m.s.f.DefaultMavenResourcesFiltering - Copying 21 resources from src\main\resources to target\classes
2024-11-12 19:27:38,404 [Worker-7: Building] INFO  o.a.m.s.f.DefaultMavenResourcesFiltering - skip non existing resourceDirectory C:\dev_proj_plant\workapace-plant\plant\src\test\resources
2024-11-13 09:19:08,104 [Worker-4: Loading available Gradle versions] INFO  o.e.b.c.i.u.g.PublishedGradleVersions - Gradle version information cache is up-to-date. Trying to read.
2024-11-13 09:24:32,807 [Worker-8: Building] INFO  o.a.m.s.f.DefaultMavenResourcesFiltering - Copying 1 resource from src\main\resources to target\classes
2024-11-13 09:24:32,819 [Worker-8: Building] INFO  o.a.m.s.f.DefaultMavenResourcesFiltering - Copying 21 resources from src\main\resources to target\classes
2024-11-13 09:24:32,826 [Worker-8: Building] INFO  o.a.m.s.f.DefaultMavenResourcesFiltering - skip non existing resourceDirectory C:\dev_proj_plant\workapace-plant\plant\src\test\resources
2024-11-13 09:25:52,672 [Worker-14: Building] INFO  o.a.m.s.f.DefaultMavenResourcesFiltering - Copying 1 resource from src\main\resources to target\classes
2024-11-13 09:25:52,680 [Worker-14: Building] INFO  o.a.m.s.f.DefaultMavenResourcesFiltering - Copying 21 resources from src\main\resources to target\classes
2024-11-13 09:25:52,690 [Worker-14: Building] INFO  o.a.m.s.f.DefaultMavenResourcesFiltering - skip non existing resourceDirectory C:\dev_proj_plant\workapace-plant\plant\src\test\resources
2024-11-13 09:44:41,182 [Worker-35: Building] INFO  o.a.m.s.f.DefaultMavenResourcesFiltering - Copying 1 resource from src\main\resources to target\classes
2024-11-13 09:44:41,189 [Worker-35: Building] INFO  o.a.m.s.f.DefaultMavenResourcesFiltering - Copying 21 resources from src\main\resources to target\classes
2024-11-13 09:44:41,193 [Worker-35: Building] INFO  o.a.m.s.f.DefaultMavenResourcesFiltering - skip non existing resourceDirectory C:\dev_proj_plant\workapace-plant\plant\src\test\resources
2024-11-13 09:45:47,115 [Worker-30: Building] INFO  o.a.m.s.f.DefaultMavenResourcesFiltering - Copying 1 resource from src\main\resources to target\classes
2024-11-13 09:45:47,121 [Worker-30: Building] INFO  o.a.m.s.f.DefaultMavenResourcesFiltering - Copying 21 resources from src\main\resources to target\classes
2024-11-13 09:45:47,125 [Worker-30: Building] INFO  o.a.m.s.f.DefaultMavenResourcesFiltering - skip non existing resourceDirectory C:\dev_proj_plant\workapace-plant\plant\src\test\resources
2024-11-13 09:56:55,493 [Worker-33: Launching plant - PlantApplication] INFO  o.a.m.s.f.DefaultMavenResourcesFiltering - Copying 1 resource from src\main\resources to target\classes
2024-11-13 09:56:55,499 [Worker-33: Launching plant - PlantApplication] INFO  o.a.m.s.f.DefaultMavenResourcesFiltering - Copying 21 resources from src\main\resources to target\classes
2024-11-13 09:56:55,504 [Worker-33: Launching plant - PlantApplication] INFO  o.a.m.s.f.DefaultMavenResourcesFiltering - skip non existing resourceDirectory C:\dev_proj_plant\workapace-plant\plant\src\test\resources
2024-11-13 10:08:04,557 [Worker-4: Loading available Gradle versions] INFO  o.e.b.c.i.u.g.PublishedGradleVersions - Gradle version information cache is up-to-date. Trying to read.
2024-11-13 10:08:11,559 [Worker-10: Building] INFO  o.a.m.s.f.DefaultMavenResourcesFiltering - Copying 1 resource from src\main\resources to target\classes
2024-11-13 10:08:11,577 [Worker-10: Building] INFO  o.a.m.s.f.DefaultMavenResourcesFiltering - Copying 21 resources from src\main\resources to target\classes
2024-11-13 10:08:11,599 [Worker-10: Building] INFO  o.a.m.s.f.DefaultMavenResourcesFiltering - skip non existing resourceDirectory C:\dev_proj_plant\workapace-plant\plant\src\test\resources
2024-11-13 10:23:20,932 [Worker-21: Building] INFO  o.a.m.s.f.DefaultMavenResourcesFiltering - Copying 0 resource from src\main\resources to target\classes
2024-11-13 10:23:20,936 [Worker-21: Building] INFO  o.a.m.s.f.DefaultMavenResourcesFiltering - Copying 1 resource from src\main\resources to target\classes
2024-11-13 10:23:20,939 [Worker-21: Building] INFO  o.a.m.s.f.DefaultMavenResourcesFiltering - skip non existing resourceDirectory C:\dev_proj_plant\workapace-plant\plant\src\test\resources
2024-11-13 10:25:16,256 [Worker-9: Building] INFO  o.a.m.s.f.DefaultMavenResourcesFiltering - Copying 0 resource from src\main\resources to target\classes
2024-11-13 10:25:16,258 [Worker-9: Building] INFO  o.a.m.s.f.DefaultMavenResourcesFiltering - Copying 1 resource from src\main\resources to target\classes
2024-11-13 10:25:16,261 [Worker-9: Building] INFO  o.a.m.s.f.DefaultMavenResourcesFiltering - skip non existing resourceDirectory C:\dev_proj_plant\workapace-plant\plant\src\test\resources
2024-11-13 10:26:34,764 [Worker-21: Building] INFO  o.a.m.s.f.DefaultMavenResourcesFiltering - Copying 0 resource from src\main\resources to target\classes
2024-11-13 10:26:34,767 [Worker-21: Building] INFO  o.a.m.s.f.DefaultMavenResourcesFiltering - Copying 1 resource from src\main\resources to target\classes
2024-11-13 10:26:34,770 [Worker-21: Building] INFO  o.a.m.s.f.DefaultMavenResourcesFiltering - skip non existing resourceDirectory C:\dev_proj_plant\workapace-plant\plant\src\test\resources
2024-11-13 10:27:11,784 [Worker-18: Building] INFO  o.a.m.s.f.DefaultMavenResourcesFiltering - Copying 0 resource from src\main\resources to target\classes
2024-11-13 10:27:11,786 [Worker-18: Building] INFO  o.a.m.s.f.DefaultMavenResourcesFiltering - Copying 1 resource from src\main\resources to target\classes
2024-11-13 10:27:11,788 [Worker-18: Building] INFO  o.a.m.s.f.DefaultMavenResourcesFiltering - skip non existing resourceDirectory C:\dev_proj_plant\workapace-plant\plant\src\test\resources
2024-11-13 10:31:50,247 [Worker-4: Building] INFO  o.a.m.s.f.DefaultMavenResourcesFiltering - Copying 0 resource from src\main\resources to target\classes
2024-11-13 10:31:50,249 [Worker-4: Building] INFO  o.a.m.s.f.DefaultMavenResourcesFiltering - Copying 1 resource from src\main\resources to target\classes
2024-11-13 10:31:50,252 [Worker-4: Building] INFO  o.a.m.s.f.DefaultMavenResourcesFiltering - skip non existing resourceDirectory C:\dev_proj_plant\workapace-plant\plant\src\test\resources
2024-11-13 10:33:33,318 [Worker-21: Building] INFO  o.a.m.s.f.DefaultMavenResourcesFiltering - Copying 0 resource from src\main\resources to target\classes
2024-11-13 10:33:33,320 [Worker-21: Building] INFO  o.a.m.s.f.DefaultMavenResourcesFiltering - Copying 1 resource from src\main\resources to target\classes
2024-11-13 10:33:33,322 [Worker-21: Building] INFO  o.a.m.s.f.DefaultMavenResourcesFiltering - skip non existing resourceDirectory C:\dev_proj_plant\workapace-plant\plant\src\test\resources
2024-11-13 10:34:07,398 [Worker-31: Building] INFO  o.a.m.s.f.DefaultMavenResourcesFiltering - Copying 0 resource from src\main\resources to target\classes
2024-11-13 10:34:07,400 [Worker-31: Building] INFO  o.a.m.s.f.DefaultMavenResourcesFiltering - Copying 1 resource from src\main\resources to target\classes
2024-11-13 10:34:07,403 [Worker-31: Building] INFO  o.a.m.s.f.DefaultMavenResourcesFiltering - skip non existing resourceDirectory C:\dev_proj_plant\workapace-plant\plant\src\test\resources
2024-11-13 10:42:39,231 [Worker-39: Building] INFO  o.a.m.s.f.DefaultMavenResourcesFiltering - Copying 0 resource from src\main\resources to target\classes
2024-11-13 10:42:39,232 [Worker-39: Building] INFO  o.a.m.s.f.DefaultMavenResourcesFiltering - Copying 1 resource from src\main\resources to target\classes
2024-11-13 10:42:39,234 [Worker-39: Building] INFO  o.a.m.s.f.DefaultMavenResourcesFiltering - skip non existing resourceDirectory C:\dev_proj_plant\workapace-plant\plant\src\test\resources
2024-11-13 10:47:41,830 [Worker-41: Building] INFO  o.a.m.s.f.DefaultMavenResourcesFiltering - Copying 0 resource from src\main\resources to target\classes
2024-11-13 10:47:41,832 [Worker-41: Building] INFO  o.a.m.s.f.DefaultMavenResourcesFiltering - Copying 1 resource from src\main\resources to target\classes
2024-11-13 10:47:41,835 [Worker-41: Building] INFO  o.a.m.s.f.DefaultMavenResourcesFiltering - skip non existing resourceDirectory C:\dev_proj_plant\workapace-plant\plant\src\test\resources
2024-11-13 10:47:53,520 [Worker-41: Building] INFO  o.a.m.s.f.DefaultMavenResourcesFiltering - Copying 0 resource from src\main\resources to target\classes
2024-11-13 10:47:53,522 [Worker-41: Building] INFO  o.a.m.s.f.DefaultMavenResourcesFiltering - Copying 1 resource from src\main\resources to target\classes
2024-11-13 10:47:53,524 [Worker-41: Building] INFO  o.a.m.s.f.DefaultMavenResourcesFiltering - skip non existing resourceDirectory C:\dev_proj_plant\workapace-plant\plant\src\test\resources
2024-11-13 10:48:54,481 [Worker-46: Building] INFO  o.a.m.s.f.DefaultMavenResourcesFiltering - Copying 0 resource from src\main\resources to target\classes
2024-11-13 10:48:54,483 [Worker-46: Building] INFO  o.a.m.s.f.DefaultMavenResourcesFiltering - Copying 1 resource from src\main\resources to target\classes
2024-11-13 10:48:54,485 [Worker-46: Building] INFO  o.a.m.s.f.DefaultMavenResourcesFiltering - skip non existing resourceDirectory C:\dev_proj_plant\workapace-plant\plant\src\test\resources
2024-11-13 10:49:52,888 [Worker-47: Building] INFO  o.a.m.s.f.DefaultMavenResourcesFiltering - Copying 0 resource from src\main\resources to target\classes
2024-11-13 10:49:52,890 [Worker-47: Building] INFO  o.a.m.s.f.DefaultMavenResourcesFiltering - Copying 1 resource from src\main\resources to target\classes
2024-11-13 10:49:52,891 [Worker-47: Building] INFO  o.a.m.s.f.DefaultMavenResourcesFiltering - skip non existing resourceDirectory C:\dev_proj_plant\workapace-plant\plant\src\test\resources
2024-11-13 10:50:38,613 [Worker-39: Building] INFO  o.a.m.s.f.DefaultMavenResourcesFiltering - Copying 1 resource from src\main\resources to target\classes
2024-11-13 10:50:38,618 [Worker-39: Building] INFO  o.a.m.s.f.DefaultMavenResourcesFiltering - Copying 21 resources from src\main\resources to target\classes
2024-11-13 10:50:38,622 [Worker-39: Building] INFO  o.a.m.s.f.DefaultMavenResourcesFiltering - skip non existing resourceDirectory C:\dev_proj_plant\workapace-plant\plant\src\test\resources
2024-11-13 10:50:53,011 [Worker-44: Building] INFO  o.a.m.s.f.DefaultMavenResourcesFiltering - Copying 1 resource from src\main\resources to target\classes
2024-11-13 10:50:53,015 [Worker-44: Building] INFO  o.a.m.s.f.DefaultMavenResourcesFiltering - Copying 21 resources from src\main\resources to target\classes
2024-11-13 10:50:53,024 [Worker-44: Building] INFO  o.a.m.s.f.DefaultMavenResourcesFiltering - skip non existing resourceDirectory C:\dev_proj_plant\workapace-plant\plant\src\test\resources
2024-11-13 11:45:20,726 [Worker-59: Building] INFO  o.a.m.s.f.DefaultMavenResourcesFiltering - Copying 0 resource from src\main\resources to target\classes
2024-11-13 11:45:20,729 [Worker-59: Building] INFO  o.a.m.s.f.DefaultMavenResourcesFiltering - Copying 1 resource from src\main\resources to target\classes
2024-11-13 11:45:20,734 [Worker-59: Building] INFO  o.a.m.s.f.DefaultMavenResourcesFiltering - skip non existing resourceDirectory C:\dev_proj_plant\workapace-plant\plant\src\test\resources
2024-11-13 11:48:01,003 [Worker-63: Building] INFO  o.a.m.s.f.DefaultMavenResourcesFiltering - Copying 0 resource from src\main\resources to target\classes
2024-11-13 11:48:01,005 [Worker-63: Building] INFO  o.a.m.s.f.DefaultMavenResourcesFiltering - Copying 1 resource from src\main\resources to target\classes
2024-11-13 11:48:01,008 [Worker-63: Building] INFO  o.a.m.s.f.DefaultMavenResourcesFiltering - skip non existing resourceDirectory C:\dev_proj_plant\workapace-plant\plant\src\test\resources
2024-11-13 11:49:00,648 [Worker-59: Building] INFO  o.a.m.s.f.DefaultMavenResourcesFiltering - Copying 1 resource from src\main\resources to target\classes
2024-11-13 11:49:00,654 [Worker-59: Building] INFO  o.a.m.s.f.DefaultMavenResourcesFiltering - Copying 22 resources from src\main\resources to target\classes
2024-11-13 11:49:00,658 [Worker-59: Building] INFO  o.a.m.s.f.DefaultMavenResourcesFiltering - skip non existing resourceDirectory C:\dev_proj_plant\workapace-plant\plant\src\test\resources
2024-11-13 11:49:17,643 [Worker-64: Building] INFO  o.a.m.s.f.DefaultMavenResourcesFiltering - Copying 0 resource from src\main\resources to target\classes
2024-11-13 11:49:17,645 [Worker-64: Building] INFO  o.a.m.s.f.DefaultMavenResourcesFiltering - Copying 1 resource from src\main\resources to target\classes
2024-11-13 11:49:17,647 [Worker-64: Building] INFO  o.a.m.s.f.DefaultMavenResourcesFiltering - skip non existing resourceDirectory C:\dev_proj_plant\workapace-plant\plant\src\test\resources
2024-11-13 11:49:19,664 [Worker-59: Building] INFO  o.a.m.s.f.DefaultMavenResourcesFiltering - Copying 0 resource from src\main\resources to target\classes
2024-11-13 11:49:19,665 [Worker-59: Building] INFO  o.a.m.s.f.DefaultMavenResourcesFiltering - Copying 1 resource from src\main\resources to target\classes
2024-11-13 11:49:19,667 [Worker-59: Building] INFO  o.a.m.s.f.DefaultMavenResourcesFiltering - skip non existing resourceDirectory C:\dev_proj_plant\workapace-plant\plant\src\test\resources
2024-11-13 11:51:31,506 [Worker-64: Building] INFO  o.a.m.s.f.DefaultMavenResourcesFiltering - Copying 0 resource from src\main\resources to target\classes
2024-11-13 11:51:31,508 [Worker-64: Building] INFO  o.a.m.s.f.DefaultMavenResourcesFiltering - Copying 1 resource from src\main\resources to target\classes
2024-11-13 11:51:31,510 [Worker-64: Building] INFO  o.a.m.s.f.DefaultMavenResourcesFiltering - skip non existing resourceDirectory C:\dev_proj_plant\workapace-plant\plant\src\test\resources
2024-11-13 11:52:04,324 [Worker-66: Building] INFO  o.a.m.s.f.DefaultMavenResourcesFiltering - Copying 0 resource from src\main\resources to target\classes
2024-11-13 11:52:04,326 [Worker-66: Building] INFO  o.a.m.s.f.DefaultMavenResourcesFiltering - Copying 1 resource from src\main\resources to target\classes
2024-11-13 11:52:04,329 [Worker-66: Building] INFO  o.a.m.s.f.DefaultMavenResourcesFiltering - skip non existing resourceDirectory C:\dev_proj_plant\workapace-plant\plant\src\test\resources
2024-11-13 11:52:50,426 [Worker-65: Building] INFO  o.a.m.s.f.DefaultMavenResourcesFiltering - Copying 0 resource from src\main\resources to target\classes
2024-11-13 11:52:50,428 [Worker-65: Building] INFO  o.a.m.s.f.DefaultMavenResourcesFiltering - Copying 1 resource from src\main\resources to target\classes
2024-11-13 11:52:50,430 [Worker-65: Building] INFO  o.a.m.s.f.DefaultMavenResourcesFiltering - skip non existing resourceDirectory C:\dev_proj_plant\workapace-plant\plant\src\test\resources
2024-11-13 11:54:13,431 [Worker-67: Building] INFO  o.a.m.s.f.DefaultMavenResourcesFiltering - Copying 0 resource from src\main\resources to target\classes
2024-11-13 11:54:13,433 [Worker-67: Building] INFO  o.a.m.s.f.DefaultMavenResourcesFiltering - Copying 1 resource from src\main\resources to target\classes
2024-11-13 11:54:13,439 [Worker-67: Building] INFO  o.a.m.s.f.DefaultMavenResourcesFiltering - skip non existing resourceDirectory C:\dev_proj_plant\workapace-plant\plant\src\test\resources
2024-11-13 11:58:46,268 [Worker-70: Building] INFO  o.a.m.s.f.DefaultMavenResourcesFiltering - Copying 0 resource from src\main\resources to target\classes
2024-11-13 11:58:46,270 [Worker-70: Building] INFO  o.a.m.s.f.DefaultMavenResourcesFiltering - Copying 1 resource from src\main\resources to target\classes
2024-11-13 11:58:46,271 [Worker-70: Building] INFO  o.a.m.s.f.DefaultMavenResourcesFiltering - skip non existing resourceDirectory C:\dev_proj_plant\workapace-plant\plant\src\test\resources
2024-11-13 11:59:08,444 [Worker-73: Building] INFO  o.a.m.s.f.DefaultMavenResourcesFiltering - Copying 0 resource from src\main\resources to target\classes
2024-11-13 11:59:08,446 [Worker-73: Building] INFO  o.a.m.s.f.DefaultMavenResourcesFiltering - Copying 1 resource from src\main\resources to target\classes
2024-11-13 11:59:08,448 [Worker-73: Building] INFO  o.a.m.s.f.DefaultMavenResourcesFiltering - skip non existing resourceDirectory C:\dev_proj_plant\workapace-plant\plant\src\test\resources
2024-11-13 11:59:36,787 [Worker-70: Building] INFO  o.a.m.s.f.DefaultMavenResourcesFiltering - Copying 0 resource from src\main\resources to target\classes
2024-11-13 11:59:36,789 [Worker-70: Building] INFO  o.a.m.s.f.DefaultMavenResourcesFiltering - Copying 1 resource from src\main\resources to target\classes
2024-11-13 11:59:36,791 [Worker-70: Building] INFO  o.a.m.s.f.DefaultMavenResourcesFiltering - skip non existing resourceDirectory C:\dev_proj_plant\workapace-plant\plant\src\test\resources
2024-11-13 12:01:58,243 [Worker-74: Building] INFO  o.a.m.s.f.DefaultMavenResourcesFiltering - Copying 0 resource from src\main\resources to target\classes
2024-11-13 12:01:58,245 [Worker-74: Building] INFO  o.a.m.s.f.DefaultMavenResourcesFiltering - Copying 1 resource from src\main\resources to target\classes
2024-11-13 12:01:58,247 [Worker-74: Building] INFO  o.a.m.s.f.DefaultMavenResourcesFiltering - skip non existing resourceDirectory C:\dev_proj_plant\workapace-plant\plant\src\test\resources
2024-11-13 12:02:03,277 [Worker-73: Building] INFO  o.a.m.s.f.DefaultMavenResourcesFiltering - Copying 0 resource from src\main\resources to target\classes
2024-11-13 12:02:03,279 [Worker-73: Building] INFO  o.a.m.s.f.DefaultMavenResourcesFiltering - Copying 1 resource from src\main\resources to target\classes
2024-11-13 12:02:03,281 [Worker-73: Building] INFO  o.a.m.s.f.DefaultMavenResourcesFiltering - skip non existing resourceDirectory C:\dev_proj_plant\workapace-plant\plant\src\test\resources
2024-11-13 12:02:40,464 [Worker-78: Building] INFO  o.a.m.s.f.DefaultMavenResourcesFiltering - Copying 0 resource from src\main\resources to target\classes
2024-11-13 12:02:40,466 [Worker-78: Building] INFO  o.a.m.s.f.DefaultMavenResourcesFiltering - Copying 1 resource from src\main\resources to target\classes
2024-11-13 12:02:40,467 [Worker-78: Building] INFO  o.a.m.s.f.DefaultMavenResourcesFiltering - skip non existing resourceDirectory C:\dev_proj_plant\workapace-plant\plant\src\test\resources
2024-11-13 12:03:07,637 [Worker-74: Building] INFO  o.a.m.s.f.DefaultMavenResourcesFiltering - Copying 0 resource from src\main\resources to target\classes
2024-11-13 12:03:07,639 [Worker-74: Building] INFO  o.a.m.s.f.DefaultMavenResourcesFiltering - Copying 1 resource from src\main\resources to target\classes
2024-11-13 12:03:07,640 [Worker-74: Building] INFO  o.a.m.s.f.DefaultMavenResourcesFiltering - skip non existing resourceDirectory C:\dev_proj_plant\workapace-plant\plant\src\test\resources
2024-11-13 12:05:29,059 [Worker-79: Building] INFO  o.a.m.s.f.DefaultMavenResourcesFiltering - Copying 0 resource from src\main\resources to target\classes
2024-11-13 12:05:29,061 [Worker-79: Building] INFO  o.a.m.s.f.DefaultMavenResourcesFiltering - Copying 1 resource from src\main\resources to target\classes
2024-11-13 12:05:29,064 [Worker-79: Building] INFO  o.a.m.s.f.DefaultMavenResourcesFiltering - skip non existing resourceDirectory C:\dev_proj_plant\workapace-plant\plant\src\test\resources
2024-11-13 12:09:02,007 [Worker-76: Building] INFO  o.a.m.s.f.DefaultMavenResourcesFiltering - Copying 0 resource from src\main\resources to target\classes
2024-11-13 12:09:02,009 [Worker-76: Building] INFO  o.a.m.s.f.DefaultMavenResourcesFiltering - Copying 1 resource from src\main\resources to target\classes
2024-11-13 12:09:02,011 [Worker-76: Building] INFO  o.a.m.s.f.DefaultMavenResourcesFiltering - skip non existing resourceDirectory C:\dev_proj_plant\workapace-plant\plant\src\test\resources
2024-11-13 12:09:07,443 [Worker-76: Building] INFO  o.a.m.s.f.DefaultMavenResourcesFiltering - Copying 0 resource from src\main\resources to target\classes
2024-11-13 12:09:07,445 [Worker-76: Building] INFO  o.a.m.s.f.DefaultMavenResourcesFiltering - Copying 1 resource from src\main\resources to target\classes
2024-11-13 12:09:07,447 [Worker-76: Building] INFO  o.a.m.s.f.DefaultMavenResourcesFiltering - skip non existing resourceDirectory C:\dev_proj_plant\workapace-plant\plant\src\test\resources
2024-11-13 12:09:18,236 [Worker-83: Building] INFO  o.a.m.s.f.DefaultMavenResourcesFiltering - Copying 0 resource from src\main\resources to target\classes
2024-11-13 12:09:18,237 [Worker-83: Building] INFO  o.a.m.s.f.DefaultMavenResourcesFiltering - Copying 1 resource from src\main\resources to target\classes
2024-11-13 12:09:18,239 [Worker-83: Building] INFO  o.a.m.s.f.DefaultMavenResourcesFiltering - skip non existing resourceDirectory C:\dev_proj_plant\workapace-plant\plant\src\test\resources
2024-11-13 12:12:18,443 [Worker-85: Building] INFO  o.a.m.s.f.DefaultMavenResourcesFiltering - Copying 0 resource from src\main\resources to target\classes
2024-11-13 12:12:18,445 [Worker-85: Building] INFO  o.a.m.s.f.DefaultMavenResourcesFiltering - Copying 1 resource from src\main\resources to target\classes
2024-11-13 12:12:18,448 [Worker-85: Building] INFO  o.a.m.s.f.DefaultMavenResourcesFiltering - skip non existing resourceDirectory C:\dev_proj_plant\workapace-plant\plant\src\test\resources
2024-11-13 12:13:12,768 [Worker-76: Building] INFO  o.a.m.s.f.DefaultMavenResourcesFiltering - Copying 0 resource from src\main\resources to target\classes
2024-11-13 12:13:12,770 [Worker-76: Building] INFO  o.a.m.s.f.DefaultMavenResourcesFiltering - Copying 1 resource from src\main\resources to target\classes
2024-11-13 12:13:12,772 [Worker-76: Building] INFO  o.a.m.s.f.DefaultMavenResourcesFiltering - skip non existing resourceDirectory C:\dev_proj_plant\workapace-plant\plant\src\test\resources
2024-11-13 12:13:18,656 [Worker-84: Building] INFO  o.a.m.s.f.DefaultMavenResourcesFiltering - Copying 0 resource from src\main\resources to target\classes
2024-11-13 12:13:18,658 [Worker-84: Building] INFO  o.a.m.s.f.DefaultMavenResourcesFiltering - Copying 1 resource from src\main\resources to target\classes
2024-11-13 12:13:18,660 [Worker-84: Building] INFO  o.a.m.s.f.DefaultMavenResourcesFiltering - skip non existing resourceDirectory C:\dev_proj_plant\workapace-plant\plant\src\test\resources
2024-11-13 12:14:17,534 [Worker-85: Building] INFO  o.a.m.s.f.DefaultMavenResourcesFiltering - Copying 0 resource from src\main\resources to target\classes
2024-11-13 12:14:17,536 [Worker-85: Building] INFO  o.a.m.s.f.DefaultMavenResourcesFiltering - Copying 1 resource from src\main\resources to target\classes
2024-11-13 12:14:17,538 [Worker-85: Building] INFO  o.a.m.s.f.DefaultMavenResourcesFiltering - skip non existing resourceDirectory C:\dev_proj_plant\workapace-plant\plant\src\test\resources
2024-11-13 12:15:32,510 [Worker-76: Building] INFO  o.a.m.s.f.DefaultMavenResourcesFiltering - Copying 0 resource from src\main\resources to target\classes
2024-11-13 12:15:32,512 [Worker-76: Building] INFO  o.a.m.s.f.DefaultMavenResourcesFiltering - Copying 1 resource from src\main\resources to target\classes
2024-11-13 12:15:32,514 [Worker-76: Building] INFO  o.a.m.s.f.DefaultMavenResourcesFiltering - skip non existing resourceDirectory C:\dev_proj_plant\workapace-plant\plant\src\test\resources
2024-11-13 12:15:33,918 [Worker-76: Building] INFO  o.a.m.s.f.DefaultMavenResourcesFiltering - Copying 0 resource from src\main\resources to target\classes
2024-11-13 12:15:33,920 [Worker-76: Building] INFO  o.a.m.s.f.DefaultMavenResourcesFiltering - Copying 1 resource from src\main\resources to target\classes
2024-11-13 12:15:33,922 [Worker-76: Building] INFO  o.a.m.s.f.DefaultMavenResourcesFiltering - skip non existing resourceDirectory C:\dev_proj_plant\workapace-plant\plant\src\test\resources
2024-11-13 12:17:45,206 [Worker-88: Building] INFO  o.a.m.s.f.DefaultMavenResourcesFiltering - Copying 0 resource from src\main\resources to target\classes
2024-11-13 12:17:45,208 [Worker-88: Building] INFO  o.a.m.s.f.DefaultMavenResourcesFiltering - Copying 1 resource from src\main\resources to target\classes
2024-11-13 12:17:45,211 [Worker-88: Building] INFO  o.a.m.s.f.DefaultMavenResourcesFiltering - skip non existing resourceDirectory C:\dev_proj_plant\workapace-plant\plant\src\test\resources
2024-11-13 12:18:05,290 [Worker-88: Building] INFO  o.a.m.s.f.DefaultMavenResourcesFiltering - Copying 0 resource from src\main\resources to target\classes
2024-11-13 12:18:05,292 [Worker-88: Building] INFO  o.a.m.s.f.DefaultMavenResourcesFiltering - Copying 1 resource from src\main\resources to target\classes
2024-11-13 12:18:05,294 [Worker-88: Building] INFO  o.a.m.s.f.DefaultMavenResourcesFiltering - skip non existing resourceDirectory C:\dev_proj_plant\workapace-plant\plant\src\test\resources
2024-11-13 12:18:17,431 [Worker-85: Building] INFO  o.a.m.s.f.DefaultMavenResourcesFiltering - Copying 0 resource from src\main\resources to target\classes
2024-11-13 12:18:17,433 [Worker-85: Building] INFO  o.a.m.s.f.DefaultMavenResourcesFiltering - Copying 1 resource from src\main\resources to target\classes
2024-11-13 12:18:17,436 [Worker-85: Building] INFO  o.a.m.s.f.DefaultMavenResourcesFiltering - skip non existing resourceDirectory C:\dev_proj_plant\workapace-plant\plant\src\test\resources
2024-11-13 16:16:28,662 [Worker-88: Building] INFO  o.a.m.s.f.DefaultMavenResourcesFiltering - Copying 0 resource from src\main\resources to target\classes
2024-11-13 16:16:28,665 [Worker-88: Building] INFO  o.a.m.s.f.DefaultMavenResourcesFiltering - Copying 1 resource from src\main\resources to target\classes
2024-11-13 16:16:28,668 [Worker-88: Building] INFO  o.a.m.s.f.DefaultMavenResourcesFiltering - skip non existing resourceDirectory C:\dev_proj_plant\workapace-plant\plant\src\test\resources
2024-11-13 16:17:17,608 [Worker-90: Building] INFO  o.a.m.s.f.DefaultMavenResourcesFiltering - Copying 0 resource from src\main\resources to target\classes
2024-11-13 16:17:17,611 [Worker-90: Building] INFO  o.a.m.s.f.DefaultMavenResourcesFiltering - Copying 1 resource from src\main\resources to target\classes
2024-11-13 16:17:17,613 [Worker-90: Building] INFO  o.a.m.s.f.DefaultMavenResourcesFiltering - skip non existing resourceDirectory C:\dev_proj_plant\workapace-plant\plant\src\test\resources
2024-11-13 16:20:34,375 [Worker-93: Building] INFO  o.a.m.s.f.DefaultMavenResourcesFiltering - Copying 0 resource from src\main\resources to target\classes
2024-11-13 16:20:34,378 [Worker-93: Building] INFO  o.a.m.s.f.DefaultMavenResourcesFiltering - Copying 1 resource from src\main\resources to target\classes
2024-11-13 16:20:34,381 [Worker-93: Building] INFO  o.a.m.s.f.DefaultMavenResourcesFiltering - skip non existing resourceDirectory C:\dev_proj_plant\workapace-plant\plant\src\test\resources
2024-11-13 16:28:14,228 [Worker-86: Building] INFO  o.a.m.s.f.DefaultMavenResourcesFiltering - Copying 0 resource from src\main\resources to target\classes
2024-11-13 16:28:14,230 [Worker-86: Building] INFO  o.a.m.s.f.DefaultMavenResourcesFiltering - Copying 1 resource from src\main\resources to target\classes
2024-11-13 16:28:14,232 [Worker-86: Building] INFO  o.a.m.s.f.DefaultMavenResourcesFiltering - skip non existing resourceDirectory C:\dev_proj_plant\workapace-plant\plant\src\test\resources
2024-11-13 16:29:58,403 [Worker-103: Building] INFO  o.a.m.s.f.DefaultMavenResourcesFiltering - Copying 0 resource from src\main\resources to target\classes
2024-11-13 16:29:58,405 [Worker-103: Building] INFO  o.a.m.s.f.DefaultMavenResourcesFiltering - Copying 1 resource from src\main\resources to target\classes
2024-11-13 16:29:58,407 [Worker-103: Building] INFO  o.a.m.s.f.DefaultMavenResourcesFiltering - skip non existing resourceDirectory C:\dev_proj_plant\workapace-plant\plant\src\test\resources
2024-11-13 16:30:52,866 [Worker-86: Building] INFO  o.a.m.s.f.DefaultMavenResourcesFiltering - Copying 0 resource from src\main\resources to target\classes
2024-11-13 16:30:52,868 [Worker-86: Building] INFO  o.a.m.s.f.DefaultMavenResourcesFiltering - Copying 1 resource from src\main\resources to target\classes
2024-11-13 16:30:52,870 [Worker-86: Building] INFO  o.a.m.s.f.DefaultMavenResourcesFiltering - skip non existing resourceDirectory C:\dev_proj_plant\workapace-plant\plant\src\test\resources
2024-11-13 16:32:36,677 [Worker-107: Building] INFO  o.a.m.s.f.DefaultMavenResourcesFiltering - Copying 0 resource from src\main\resources to target\classes
2024-11-13 16:32:36,679 [Worker-107: Building] INFO  o.a.m.s.f.DefaultMavenResourcesFiltering - Copying 1 resource from src\main\resources to target\classes
2024-11-13 16:32:36,681 [Worker-107: Building] INFO  o.a.m.s.f.DefaultMavenResourcesFiltering - skip non existing resourceDirectory C:\dev_proj_plant\workapace-plant\plant\src\test\resources
2024-11-13 17:31:58,011 [Worker-118: Building] INFO  o.a.m.s.f.DefaultMavenResourcesFiltering - Copying 0 resource from src\main\resources to target\classes
2024-11-13 17:31:58,013 [Worker-118: Building] INFO  o.a.m.s.f.DefaultMavenResourcesFiltering - Copying 1 resource from src\main\resources to target\classes
2024-11-13 17:31:58,015 [Worker-118: Building] INFO  o.a.m.s.f.DefaultMavenResourcesFiltering - skip non existing resourceDirectory C:\dev_proj_plant\workapace-plant\plant\src\test\resources
2024-11-13 17:32:19,851 [Worker-118: Building] INFO  o.a.m.s.f.DefaultMavenResourcesFiltering - Copying 0 resource from src\main\resources to target\classes
2024-11-13 17:32:19,853 [Worker-118: Building] INFO  o.a.m.s.f.DefaultMavenResourcesFiltering - Copying 1 resource from src\main\resources to target\classes
2024-11-13 17:32:19,855 [Worker-118: Building] INFO  o.a.m.s.f.DefaultMavenResourcesFiltering - skip non existing resourceDirectory C:\dev_proj_plant\workapace-plant\plant\src\test\resources
2024-11-13 17:33:28,750 [Worker-129: Building] INFO  o.a.m.s.f.DefaultMavenResourcesFiltering - Copying 0 resource from src\main\resources to target\classes
2024-11-13 17:33:28,752 [Worker-129: Building] INFO  o.a.m.s.f.DefaultMavenResourcesFiltering - Copying 1 resource from src\main\resources to target\classes
2024-11-13 17:33:28,755 [Worker-129: Building] INFO  o.a.m.s.f.DefaultMavenResourcesFiltering - skip non existing resourceDirectory C:\dev_proj_plant\workapace-plant\plant\src\test\resources
2024-11-14 09:09:33,399 [Worker-4: Loading available Gradle versions] INFO  o.e.b.c.i.u.g.PublishedGradleVersions - Gradle version information cache is out-of-date. Trying to update.
2024-11-14 09:32:06,411 [Worker-12: Building] INFO  o.a.m.s.f.DefaultMavenResourcesFiltering - Copying 1 resource from src\main\resources to target\classes
2024-11-14 09:32:06,433 [Worker-12: Building] INFO  o.a.m.s.f.DefaultMavenResourcesFiltering - Copying 23 resources from src\main\resources to target\classes
2024-11-14 09:32:06,439 [Worker-12: Building] INFO  o.a.m.s.f.DefaultMavenResourcesFiltering - skip non existing resourceDirectory C:\dev_proj_plant\workapace-plant\plant\src\test\resources
2024-11-14 09:35:04,563 [Worker-16: Building] INFO  o.a.m.s.f.DefaultMavenResourcesFiltering - Copying 0 resource from src\main\resources to target\classes
2024-11-14 09:35:04,565 [Worker-16: Building] INFO  o.a.m.s.f.DefaultMavenResourcesFiltering - Copying 1 resource from src\main\resources to target\classes
2024-11-14 09:35:04,568 [Worker-16: Building] INFO  o.a.m.s.f.DefaultMavenResourcesFiltering - skip non existing resourceDirectory C:\dev_proj_plant\workapace-plant\plant\src\test\resources
2024-11-14 09:36:30,917 [Worker-12: Building] INFO  o.a.m.s.f.DefaultMavenResourcesFiltering - Copying 0 resource from src\main\resources to target\classes
2024-11-14 09:36:30,920 [Worker-12: Building] INFO  o.a.m.s.f.DefaultMavenResourcesFiltering - Copying 1 resource from src\main\resources to target\classes
2024-11-14 09:36:30,922 [Worker-12: Building] INFO  o.a.m.s.f.DefaultMavenResourcesFiltering - skip non existing resourceDirectory C:\dev_proj_plant\workapace-plant\plant\src\test\resources
2024-11-14 09:36:34,655 [Worker-16: Building] INFO  o.a.m.s.f.DefaultMavenResourcesFiltering - Copying 0 resource from src\main\resources to target\classes
2024-11-14 09:36:34,657 [Worker-16: Building] INFO  o.a.m.s.f.DefaultMavenResourcesFiltering - Copying 1 resource from src\main\resources to target\classes
2024-11-14 09:36:34,660 [Worker-16: Building] INFO  o.a.m.s.f.DefaultMavenResourcesFiltering - skip non existing resourceDirectory C:\dev_proj_plant\workapace-plant\plant\src\test\resources
2024-11-14 09:36:42,663 [Worker-24: Building] INFO  o.a.m.s.f.DefaultMavenResourcesFiltering - Copying 0 resource from src\main\resources to target\classes
2024-11-14 09:36:42,666 [Worker-24: Building] INFO  o.a.m.s.f.DefaultMavenResourcesFiltering - Copying 1 resource from src\main\resources to target\classes
2024-11-14 09:36:42,669 [Worker-24: Building] INFO  o.a.m.s.f.DefaultMavenResourcesFiltering - skip non existing resourceDirectory C:\dev_proj_plant\workapace-plant\plant\src\test\resources
2024-11-14 09:37:52,539 [Worker-25: Building] INFO  o.a.m.s.f.DefaultMavenResourcesFiltering - Copying 0 resource from src\main\resources to target\classes
2024-11-14 09:37:52,541 [Worker-25: Building] INFO  o.a.m.s.f.DefaultMavenResourcesFiltering - Copying 1 resource from src\main\resources to target\classes
2024-11-14 09:37:52,544 [Worker-25: Building] INFO  o.a.m.s.f.DefaultMavenResourcesFiltering - skip non existing resourceDirectory C:\dev_proj_plant\workapace-plant\plant\src\test\resources
2024-11-14 09:37:54,779 [Worker-12: Building] INFO  o.a.m.s.f.DefaultMavenResourcesFiltering - Copying 0 resource from src\main\resources to target\classes
2024-11-14 09:37:54,780 [Worker-12: Building] INFO  o.a.m.s.f.DefaultMavenResourcesFiltering - Copying 1 resource from src\main\resources to target\classes
2024-11-14 09:37:54,783 [Worker-12: Building] INFO  o.a.m.s.f.DefaultMavenResourcesFiltering - skip non existing resourceDirectory C:\dev_proj_plant\workapace-plant\plant\src\test\resources
2024-11-14 09:38:05,669 [Worker-12: Building] INFO  o.a.m.s.f.DefaultMavenResourcesFiltering - Copying 0 resource from src\main\resources to target\classes
2024-11-14 09:38:05,671 [Worker-12: Building] INFO  o.a.m.s.f.DefaultMavenResourcesFiltering - Copying 1 resource from src\main\resources to target\classes
2024-11-14 09:38:05,674 [Worker-12: Building] INFO  o.a.m.s.f.DefaultMavenResourcesFiltering - skip non existing resourceDirectory C:\dev_proj_plant\workapace-plant\plant\src\test\resources
2024-11-14 09:38:33,734 [Worker-25: Building] INFO  o.a.m.s.f.DefaultMavenResourcesFiltering - Copying 0 resource from src\main\resources to target\classes
2024-11-14 09:38:33,736 [Worker-25: Building] INFO  o.a.m.s.f.DefaultMavenResourcesFiltering - Copying 1 resource from src\main\resources to target\classes
2024-11-14 09:38:33,739 [Worker-25: Building] INFO  o.a.m.s.f.DefaultMavenResourcesFiltering - skip non existing resourceDirectory C:\dev_proj_plant\workapace-plant\plant\src\test\resources
2024-11-14 09:44:05,798 [Worker-23: Building] INFO  o.a.m.s.f.DefaultMavenResourcesFiltering - Copying 0 resource from src\main\resources to target\classes
2024-11-14 09:44:05,800 [Worker-23: Building] INFO  o.a.m.s.f.DefaultMavenResourcesFiltering - Copying 1 resource from src\main\resources to target\classes
2024-11-14 09:44:05,802 [Worker-23: Building] INFO  o.a.m.s.f.DefaultMavenResourcesFiltering - skip non existing resourceDirectory C:\dev_proj_plant\workapace-plant\plant\src\test\resources
2024-11-14 09:44:15,331 [Worker-12: Building] INFO  o.a.m.s.f.DefaultMavenResourcesFiltering - Copying 0 resource from src\main\resources to target\classes
2024-11-14 09:44:15,333 [Worker-12: Building] INFO  o.a.m.s.f.DefaultMavenResourcesFiltering - Copying 1 resource from src\main\resources to target\classes
2024-11-14 09:44:15,334 [Worker-12: Building] INFO  o.a.m.s.f.DefaultMavenResourcesFiltering - skip non existing resourceDirectory C:\dev_proj_plant\workapace-plant\plant\src\test\resources
2024-11-14 09:45:02,948 [Worker-26: Building] INFO  o.a.m.s.f.DefaultMavenResourcesFiltering - Copying 0 resource from src\main\resources to target\classes
2024-11-14 09:45:02,950 [Worker-26: Building] INFO  o.a.m.s.f.DefaultMavenResourcesFiltering - Copying 1 resource from src\main\resources to target\classes
2024-11-14 09:45:02,952 [Worker-26: Building] INFO  o.a.m.s.f.DefaultMavenResourcesFiltering - skip non existing resourceDirectory C:\dev_proj_plant\workapace-plant\plant\src\test\resources
2024-11-14 09:45:55,683 [Worker-28: Building] INFO  o.a.m.s.f.DefaultMavenResourcesFiltering - Copying 0 resource from src\main\resources to target\classes
2024-11-14 09:45:55,685 [Worker-28: Building] INFO  o.a.m.s.f.DefaultMavenResourcesFiltering - Copying 1 resource from src\main\resources to target\classes
2024-11-14 09:45:55,687 [Worker-28: Building] INFO  o.a.m.s.f.DefaultMavenResourcesFiltering - skip non existing resourceDirectory C:\dev_proj_plant\workapace-plant\plant\src\test\resources
2024-11-14 12:42:34,595 [Worker-2: Loading available Gradle versions] INFO  o.e.b.c.i.u.g.PublishedGradleVersions - Gradle version information cache is up-to-date. Trying to read.
2024-11-14 12:44:25,859 [Worker-10: Launching plant - PlantApplication] INFO  o.a.m.s.f.DefaultMavenResourcesFiltering - Copying 1 resource from src\main\resources to target\classes
2024-11-14 12:44:25,873 [Worker-10: Launching plant - PlantApplication] INFO  o.a.m.s.f.DefaultMavenResourcesFiltering - Copying 23 resources from src\main\resources to target\classes
2024-11-14 12:44:25,896 [Worker-10: Launching plant - PlantApplication] INFO  o.a.m.s.f.DefaultMavenResourcesFiltering - skip non existing resourceDirectory C:\dev_proj_plant\workapace-plant\plant\src\test\resources
2024-11-14 12:47:50,324 [Worker-0: Loading available Gradle versions] INFO  o.e.b.c.i.u.g.PublishedGradleVersions - Gradle version information cache is up-to-date. Trying to read.
2024-11-14 12:47:57,156 [Worker-12: Building] INFO  o.a.m.s.f.DefaultMavenResourcesFiltering - Copying 1 resource from src\main\resources to target\classes
2024-11-14 12:47:57,172 [Worker-12: Building] INFO  o.a.m.s.f.DefaultMavenResourcesFiltering - Copying 23 resources from src\main\resources to target\classes
2024-11-14 12:47:57,195 [Worker-12: Building] INFO  o.a.m.s.f.DefaultMavenResourcesFiltering - skip non existing resourceDirectory C:\dev_proj_plant\workapace-plant\plant\src\test\resources
